COD_DANE;NOMBRE_INSTITUCION;CORREO_INSTITUCIONAL;DIRECCION;SEDE_PRINCIPAL;COD_SEDE_PRINCIPAL;LONGITUD;LATITUD;ESTADO;ID_DEPARTAMENTO;DEPARTAMENTO;ID_MUNICIPIO;MUNICIPIO;CALENDARIO;NATURALEZA;SECTOR;ZONA;JORNADA;NIVEL;TELEFONO;TIPO_TELEFONO
176001001656;INSTITUCION EDUCATIVA GUILLERMO VALENCIA;IE_GVALENCIA@CALI.GOV.CO;CRA 7N # 45A-08 BRR/POPULAR;S;176001001656;-76,5114373105;3,47423748933;ACTIVA;76;VALLE DEL CAUCA;76001;CALI;A;OFICIAL;OFICIAL;URBANO;UNICA;EDUCACIÓN MEDIA;4466502;FIJO
176001004159;CENTRO EDUCATIVO CENT DOC N. 50 PBRO ANGEL PIEDRAHITA;;CRA 8N # 51N - 35 BRR/OLAYA HERRERA;N;176001001656;-76,508881907;3,47932177348;ACTIVA;76;VALLE DEL CAUCA;76001;CALI;B;OFICIAL;OFICIAL;URBANO;UNICA;EDUCACIÓN MEDIA;4466774;FIJO
176001001664;INSTITUCION EDUCATIVA VICENTE BORRERO COSTA;JBORRERO@VALLEDELCAUCA.GOV.CO;CALLE 76 CARRERA 7S ESQUINA, B/ ALFONSO LÃƒÂ¿Ã‚Â¿PEZ III;S;176001001664;-76,4798816561;3,45348051778;ACTIVA;76;VALLE DEL CAUCA;76001;CALI;A;OFICIAL;OFICIAL;URBANO;ESPECIAL;EDUCACIÓN MEDIA;3187963172;CELULAR
176001003870;SEDE ALFONSO LOPEZ PUMAREJO;JBORRERO@VALLEDELCAUCA.GOV.CO;CLL 84 CR 7 A BIS;N;176001001664;-76,4803390987;3,45351025414;ACTIVA;76;VALLE DEL CAUCA;76001;CALI;A;OFICIAL;OFICIAL;URBANO;ESPECIAL;EDUCACIÓN BÁSICA SECUNDARIA;3187963172;CELULAR
176001004353;SEDE JOSE MARIA VILLEGAS;JBORRERO@VALLEDELCAUCA.GOV.CO;CL 82 CR 7D1 ESQ;N;176001001664;-76,4803915069;3,45358381769;ACTIVA;76;VALLE DEL CAUCA;76001;CALI;A;OFICIAL;OFICIAL;URBANO;ESPECIAL;EDUCACIÓN BÁSICA PRIMARIA;3187963172;CELULAR
176001006445;SEDE PRESBITERO ELOY VALENZUELA;JBORRERO@VALLEDELCAUCA.GOV.CO;CLL 74 # 7P BIS - 46;N;176001001664;-76,4803003859;3,45358623336;ACTIVA;76;VALLE DEL CAUCA;76001;CALI;A;OFICIAL;OFICIAL;URBANO;ESPECIAL;EDUCACIÓN MEDIA;3187963172;CELULAR
176001001672;INSTITUCION TEC DPTAL DE CIO STA CECILIA;SANTACECILIA1960@HOTMAIL.COM;CLL 61 AN # 2GN-62 B/ ALAMOS;S;176001001672;-76,5085732161;3,4882015372;ACTIVA;76;VALLE DEL CAUCA;76001;CALI;B;OFICIAL;OFICIAL;URBANO;UNICA;EDUCACIÓN MEDIA;6643550;FIJO
176001003110;CENTRO EDUCATIVO CENT DOC N. 44 REP DE FRANCIA;;CLL 62 NTE NO. 2BN-00 BRR/LOS ALAMO;N;176001001672;-76,505832785;3,48624638;ACTIVA;76;VALLE DEL CAUCA;76001;CALI;B;OFICIAL;OFICIAL;URBANO;UNICA;EDUCACIÓN BÁSICA SECUNDARIA;6651433;FIJO
176001004655;CENTRO EDUCATIVO N. 93 REP DEL BRASIL;;CL 43N # 7N-03;N;176001001672;-76,5085634484;3,48822423758;ACTIVA;76;VALLE DEL CAUCA;76001;CALI;B;OFICIAL;OFICIAL;URBANO;UNICA;EDUCACIÓN MEDIA;6646107;FIJO
176001042409;CENTRO EDUCATIVO REPUBLICA DEL BRASIL ALTO MENGA;;CL 53AN N 8 - 27;N;176001001672;-76,5085776373;3,48819327178;ACTIVA;76;VALLE DEL CAUCA;76001;CALI;B;OFICIAL;OFICIAL;URBANO;UNICA;EDUCACIÓN BÁSICA PRIMARIA;6540699;FIJO
176001042760;CENTRO EDUCATIVO CENT DOC BRISAS DE LOS ALAMOS;;AV 2BN # 72AN;N;176001001672;-76,5086027702;3,48821829842;ACTIVA;76;VALLE DEL CAUCA;76001;CALI;B;OFICIAL;OFICIAL;URBANO;NOCTURNA;EDUCACIÓN MEDIA;6650489;FIJO
176001043634;COLEGIO SAN CARLOS BORROMEO;;AÑTOS NORMANDIA;N;176001001672;-76,478918;3,31249;ACTIVA;76;VALLE DEL CAUCA;76001;CALI;B;OFICIAL;OFICIAL;URBANO;NOCTURNA;NIVELES EDUCATIVOS ESPECIALES;;
176001043936;SANTA CECILIA N. 2;;CL 62 NTE # 2 B - 00;N;176001001672;-76,505832785;3,48624638;ACTIVA;76;VALLE DEL CAUCA;76001;CALI;A;OFICIAL;OFICIAL;URBANO;NOCTURNA;NIVELES EDUCATIVOS ESPECIALES;6649075;FIJO
276001011745;CENTRO EDUCATIVO CENT DOC N. 84 LA INMACULADA;;VDA BATACLAN;N;176001001672;-76,508583;3,488181;ACTIVA;76;VALLE DEL CAUCA;76001;CALI;B;OFICIAL;OFICIAL;RURAL;UNICA;EDUCACIÓN MEDIA;6540699;FIJO
276001043922;SANTA CECILIA N. 2;;CL 62 NTE # 2 B - 00;N;176001001672;-76,4913911543;3,32756784289;ACTIVA;76;VALLE DEL CAUCA;76001;CALI;A;OFICIAL;OFICIAL;RURAL;ESPECIAL;NIVELES EDUCATIVOS ESPECIALES;6649075;FIJO
176001001681;INSTITUCION EDUCATIVA ALBERTO CARVAJAL BORRERO;IEALCOBO@HOTMAIL.COM;CARRERA 16N # 18N 123, BARRIO CAMPAMENTO;S;176001001681;-76,494579038;3,44413982;ACTIVA;76;VALLE DEL CAUCA;76001;CALI;A;OFICIAL;OFICIAL;URBANO;UNICA;EDUCACIÓN MEDIA;4437206;FIJO
176001003128;SEDE CACIQUE GUATAVITA;JBORRERO@VALLEDELCAUCA.GOV.CO;CLL 54 # 15A-20 BRR/CHAPINERO;N;176001001681;-76,498657627;3,443073102;ACTIVA;76;VALLE DEL CAUCA;76001;CALI;A;OFICIAL;OFICIAL;URBANO;UNICA;EDUCACIÓN MEDIA;3187963172;CELULAR
176001004191;SEDE ABRAHAM DOMINGUEZ;JBORRERO@VALLEDELCAUCA.GOV.CO;CRA 14 # 57-19 BRR/EL TREBOL;N;176001001681;-76,495577331;3,444956412;ACTIVA;76;VALLE DEL CAUCA;76001;CALI;A;OFICIAL;OFICIAL;URBANO;UNICA;EDUCACIÓN BÁSICA PRIMARIA;3187963172;CELULAR
176001001699;INSTITUCION EDUCATIVA LA MERCED;IE_LAMERCED@CALI.GOV.CO;CLL 47 # 4E-30;S;176001001699;-76,503094705;3,462375995;ACTIVA;76;VALLE DEL CAUCA;76001;CALI;A;OFICIAL;OFICIAL;URBANO;UNICA;EDUCACIÓN MEDIA;4478582;FIJO
176001004094;SEDE SAN PEDRO ALEJANDRINO;JBORRERO@VALLEDELCAUCA.GOV.CO;CRA 4E # 46 - 04;N;176001001699;-76,503675498;3,462188462;ACTIVA;76;VALLE DEL CAUCA;76001;CALI;A;OFICIAL;OFICIAL;URBANO;UNICA;EDUCACIÓN BÁSICA SECUNDARIA;3187963172;CELULAR
176001012119;SEDE SAN VICENTE DE PAUL;JBORRERO@VALLEDELCAUCA.GOV.CO;CRA 2B # 45A-20 BRR/SALOMIA;N;176001001699;-76,50591902;3,465211075;ACTIVA;76;VALLE DEL CAUCA;76001;CALI;A;OFICIAL;OFICIAL;URBANO;UNICA;EDUCACIÓN BÁSICA PRIMARIA;3187963172;CELULAR
176001027213;SEDE CENDOE CENTRO DE DIAGNOSTICO Y ORIENTACION ESCOLAR;JBORRERO@VALLEDELCAUCA.GOV.CO;CLL 44A #4B-00 BRR/LAS DELICIAS;N;176001001699;-76,507039272;3,461634503;ACTIVA;76;VALLE DEL CAUCA;76001;CALI;A;OFICIAL;OFICIAL;URBANO;UNICA;EDUCACIÓN BÁSICA SECUNDARIA;3187963172;CELULAR
176001001702;INSTITUCION EDUCATIVA GENERAL ALFREDO VASQUEZ COBO;ADMINISTRADOR@IEAVASQUEZCOBOCALI.EDU.CO;CLL 15A # 22A-37 BRR/MANJUEZ;S;176001001702;-76,525188608;3,436811597;ACTIVA;76;VALLE DEL CAUCA;76001;CALI;A;OFICIAL;OFICIAL;URBANO;MAÑANA, UNICA;EDUCACIÓN MEDIA;3108179601;CELULAR
176001004680;SEDE NUESTRA SEÑORA DE LOS REMEDIOS;ADMINISTRADOR@IEAVASQUEZCOBOCALI.EDU.CO;KR 17D 18 46;N;176001001702;-76,5764925891;3,3990437228;ACTIVA;76;VALLE DEL CAUCA;76001;CALI;A;OFICIAL;OFICIAL;URBANO;UNICA;EDUCACIÓN BÁSICA SECUNDARIA;3127972905;CELULAR
176001004965;SEDE REPUBLICA DEL ECUADOR;ADMINISTRADOR@IEAVASQUEZCOBOCALI.EDU.CO;CLL 16 # 18A - 54;N;176001001702;-76,524984729;3,439392036;ACTIVA;76;VALLE DEL CAUCA;76001;CALI;A;OFICIAL;OFICIAL;URBANO;UNICA;EDUCACIÓN BÁSICA PRIMARIA;3127965118;CELULAR
176001001729;INSTITUCION TEC NAL DE CIO SIMON RODRIGUEZ;;CRA 1 D BIS # 49-98 B/ EL SENA;S;176001001729;-76,50374571;3,470444061;ACTIVA;76;VALLE DEL CAUCA;76001;CALI;B;OFICIAL;OFICIAL;URBANO;MAÑANA;EDUCACIÓN MEDIA;4462311;FIJO
176001004272;CENTRO EDUCATIVO CENT DOC N. 57 MA PANESSO;;CL 46C# 3-00;N;176001001729;-76,5038222451;3,47056469675;ACTIVA;76;VALLE DEL CAUCA;76001;CALI;B;OFICIAL;OFICIAL;URBANO;MAÑANA;EDUCACIÓN BÁSICA SECUNDARIA;4495861;FIJO
176001001001;CENTRO EDUCATIVO CENT DOC N. 59 LA PRESENTACION;;CRA 30 DIAG 29-06 B.TRES DE JULIO;N;176001001745;-76,514616512;3,426639224;ACTIVA;76;VALLE DEL CAUCA;76001;CALI;B;OFICIAL;OFICIAL;URBANO;UNICA;EDUCACIÓN BÁSICA PRIMARIA;5383141;FIJO
176001001745;LICEO DPTAL FEMENINO;IE_LICEODEPARTAMENTAL@CALI.GOV;CRA 37 A #8-38 B.EUCARISTICO;S;176001001745;-76,538885419;3,423031897;ACTIVA;76;VALLE DEL CAUCA;76001;CALI;B;OFICIAL;OFICIAL;URBANO;UNICA;EDUCACIÓN MEDIA;5141714;FIJO
176001004990;CENTRO EDUCATIVO CENT DOC N. 55 LA GRAN COLOMBIA;;CRA 24# 7 - 74;N;176001001745;-76,536698485;3,435757069;ACTIVA;76;VALLE DEL CAUCA;76001;CALI;B;OFICIAL;OFICIAL;URBANO;UNICA;EDUCACIÓN BÁSICA PRIMARIA;5580066;FIJO
176001001753;INSTITUCION EDUCATIVA TECNICA INDUSTRIAL ANTONIO JOSE CAMACHO;IE.ANTONIOJOSECAMACHO@CALI.EDU.CO;KR 16 12 00 BRR GUAYAQUIL;S;176001001753;-76,5295076279;3,44053648526;ACTIVA;76;VALLE DEL CAUCA;76001;CALI;A;OFICIAL;OFICIAL;URBANO;UNICA;EDUCACIÓN MEDIA;5587194;FIJO
176001003209;SEDE OLGA LUCIA LLOREDA;JBORRERO@VALLEDELCAUCA.GOV.CO;CRA 23A # 13B-11 BRR/JUNIN;N;176001001753;-76,52684669;3,435324255;ACTIVA;76;VALLE DEL CAUCA;76001;CALI;A;OFICIAL;OFICIAL;URBANO;UNICA;EDUCACIÓN BÁSICA PRIMARIA;3187963172;CELULAR
176001003381;SEDE MARCO FIDEL SUAREZ;JBORRERO@VALLEDELCAUCA.GOV.CO;CRA 16 # 6-61;N;176001001753;-76,534971388;3,440629337;ACTIVA;76;VALLE DEL CAUCA;76001;CALI;A;OFICIAL;OFICIAL;URBANO;UNICA;EDUCACIÓN BÁSICA SECUNDARIA;3187963172;CELULAR
176001004949;SEDE REPUBLICA DEL PERU;JBORRERO@VALLEDELCAUCA.GOV.CO;CLL 9E # 23- 02;N;176001001753;-76,5295893042;3,44051385025;ACTIVA;76;VALLE DEL CAUCA;76001;CALI;A;OFICIAL;OFICIAL;URBANO;UNICA;EDUCACIÓN BÁSICA SECUNDARIA;3187963172;CELULAR
176001021843;JARDIN INFANTIL DIVINO SALVADOR;JBORRERO@VALLEDELCAUCA.GOV.CO;CRA 15 #6-102 B.ALAMEDA;N;176001001753;-76,535517779;3,440546381;ACTIVA;76;VALLE DEL CAUCA;76001;CALI;A;OFICIAL;OFICIAL;URBANO;UNICA;PREESCOLAR;3187963172;CELULAR
176001001770;INSTITUCION EDUCATIVA EUSTAQUIO PALACIOS;JBORRERO@VALLEDELCAUCA.GOV.CO;CRA 52 # 2-51;S;176001001770;-76,5519785671;3,41555727667;ACTIVA;76;VALLE DEL CAUCA;76001;CALI;A;OFICIAL;OFICIAL;URBANO;UNICA;EDUCACIÓN MEDIA;3187963172;CELULAR
176001004451;SEDE FRAY CRISTOBAL DE TORRES;JBORRERO@VALLEDELCAUCA.GOV.CO;CR 48 CL 14 OESTE;N;176001001770;-76,5617227199;3,4224935583;ACTIVA;76;VALLE DEL CAUCA;76001;CALI;A;OFICIAL;OFICIAL;URBANO;UNICA;EDUCACIÓN BÁSICA PRIMARIA;3187963172;CELULAR
176001004825;SEDE SANTIAGO RENGIFO SALCEDO;JBORRERO@VALLEDELCAUCA.GOV.CO;CLL 23 OESTE # 47 - 06;N;176001001770;-76,564453721;3,421936833;ACTIVA;76;VALLE DEL CAUCA;76001;CALI;A;OFICIAL;OFICIAL;URBANO;UNICA;EDUCACIÓN BÁSICA SECUNDARIA;3187963172;CELULAR
176001004841;SEDE LUIS LOPEZ DE MESA;JBORRERO@VALLEDELCAUCA.GOV.CO;CLL 3A OESTE # 42 - 44;N;176001001770;-76,5544085542;3,42286493625;ACTIVA;76;VALLE DEL CAUCA;76001;CALI;A;OFICIAL;OFICIAL;URBANO;UNICA;EDUCACIÓN BÁSICA PRIMARIA;3187963172;CELULAR
176001004876;SEDE GENERAL ANZOATEGUI;JBORRERO@VALLEDELCAUCA.GOV.CO;CLL 1A # 43 - 68 BRR/EL LIDO;N;176001001770;-76,552537628;3,422672365;ACTIVA;76;VALLE DEL CAUCA;76001;CALI;A;OFICIAL;OFICIAL;URBANO;UNICA;EDUCACIÓN BÁSICA SECUNDARIA;3187963172;CELULAR
176001005058;SEDE SOFIA CAMARGO DE LLERAS;JBORRERO@VALLEDELCAUCA.GOV.CO;CLL 12A OESTE CON CRA 51 OESTE;N;176001001770;-76,5644821584;3,42216478266;ACTIVA;76;VALLE DEL CAUCA;76001;CALI;A;OFICIAL;OFICIAL;URBANO;UNICA;EDUCACIÓN MEDIA;3187963172;CELULAR
176001005261;SEDE MARISCAL JORGE ROBLEDO;JBORRERO@VALLEDELCAUCA.GOV.CO;CRA 49 OESTE # 9-02 BRR/LLERAS CAM;N;176001001770;-76,559757596;3,421737328;ACTIVA;76;VALLE DEL CAUCA;76001;CALI;A;OFICIAL;OFICIAL;URBANO;UNICA;EDUCACIÓN BÁSICA PRIMARIA;3187963172;CELULAR
176001008421;SEDE MIGUEL ANTONIO CARO;JBORRERO@VALLEDELCAUCA.GOV.CO;CL 6 OEST CR 42B;N;176001001770;-76,5567133862;3,42315817218;ACTIVA;76;VALLE DEL CAUCA;76001;CALI;A;OFICIAL;OFICIAL;URBANO;UNICA;EDUCACIÓN BÁSICA PRIMARIA;3187963172;CELULAR
176001030699;SEDE MANUEL MARIA BUENAVENTURA;JBORRERO@VALLEDELCAUCA.GOV.CO;CRA 40B W # 64-52;N;176001001770;-76,5570349933;3,42658371364;ACTIVA;76;VALLE DEL CAUCA;76001;CALI;A;OFICIAL;OFICIAL;URBANO;UNICA;EDUCACIÓN BÁSICA PRIMARIA;3187963172;CELULAR
276001019193;ESCUELA NVA TULIO ENRIQUE TASCON;;VDA LA REFORMA;N;176001001770;-76,5707433255;3,42406384689;ACTIVA;76;VALLE DEL CAUCA;76001;CALI;B;OFICIAL;OFICIAL;RURAL;UNICA;EDUCACIÓN BÁSICA PRIMARIA;5190532;FIJO
176001001796;INSTITUCION EDUCATIVA TECNICO COMERCIAL JOSE MARIA VIVAS BALCAZAR;;CLL 14 # 48A-32 BRR/LA SELVA;S;176001001796;-76,5299700729;3,40949516348;ACTIVA;76;VALLE DEL CAUCA;76001;CALI;B;OFICIAL;OFICIAL;URBANO;MAÑANA;EDUCACIÓN MEDIA;3351363;FIJO
176001004744;CENTRO EDUCATIVO CENT DOC N. 67 STO DOMINGO;;KRA 47 # 13C-03;N;176001001796;-76,530341017;3,411380422;ACTIVA;76;VALLE DEL CAUCA;76001;CALI;B;OFICIAL;OFICIAL;URBANO;MAÑANA;EDUCACIÓN BÁSICA PRIMARIA;3346130;FIJO
176001004922;CENTRO EDUCATIVO CENT DOC FERNANDO VELASCO;;CLL 23 # 44 A- 16;N;176001001796;-76,523277141;3,410908909;ACTIVA;76;VALLE DEL CAUCA;76001;CALI;B;OFICIAL;OFICIAL;URBANO;MAÑANA;EDUCACIÓN BÁSICA PRIMARIA;3350110;FIJO
176001001800;INSTITUCION POLITEC MPAL DE CALI;IE_VILLACOLOMBIA@CALI.GOV.CO;KR 12E # 48-36;S;176001001800;-76,501942753;3,446172809;ACTIVA;76;VALLE DEL CAUCA;76001;CALI;B;OFICIAL;OFICIAL;URBANO;MAÑANA;EDUCACIÓN MEDIA;4421486;FIJO
176001003985;ESCUELA N. 70 REP COLOMBIA;;CL 53 # 12E-11;N;176001001800;-76,5017622724;3,4460538037;ACTIVA;76;VALLE DEL CAUCA;76001;CALI;B;OFICIAL;OFICIAL;URBANO;MAÑANA;EDUCACIÓN BÁSICA PRIMARIA;4431712;FIJO
176001004035;CENTRO EDUCATIVO CENT DOC N. 75 STISIMA TRINIDAD;;CLL 48 # 18-84;N;176001001800;-76,501872749;3,442215144;ACTIVA;76;VALLE DEL CAUCA;76001;CALI;B;OFICIAL;OFICIAL;URBANO;MAÑANA;EDUCACIÓN BÁSICA PRIMARIA;4413226;FIJO
176001001818;COLEGIO DE STA LIBRADA;RECTORIA@SANTALIBRADA.EDU.CO;CLL 7 # 14A-105 BRR/SAN JUAN BOSCO;S;176001001818;-76,534557449;3,441756144;ACTIVA;76;VALLE DEL CAUCA;76001;CALI;B;OFICIAL;OFICIAL;URBANO;UNICA;EDUCACIÓN MEDIA;8858838;FIJO
176001003292;CENTRO EDUCATIVO CENT DOC N. 35 CARLOS ALBERTO SARDI GARCES;;CRA 5 NO. 2-69 B/ SAN ANTONIO;N;176001001818;-76,539472931;3,448412836;ACTIVA;76;VALLE DEL CAUCA;76001;CALI;B;OFICIAL;OFICIAL;URBANO;UNICA;EDUCACIÓN BÁSICA PRIMARIA;8936869;FIJO
176001004558;ESCUELA N. 41 LUIS CARLOS PEÑA;;CL 7 # 14-36 BRR/SAN ANTONIO;N;176001001818;-76,534860694;3,443133254;ACTIVA;76;VALLE DEL CAUCA;76001;CALI;B;OFICIAL;OFICIAL;URBANO;UNICA;EDUCACIÓN BÁSICA PRIMARIA;8854742;FIJO
176001004582;ESCUELA N.36 EUSTAQUIO PALACIOS;;CRA 17 A #3A-55 B.LIBERTADORES;N;176001001818;-76,5357456509;3,44103215558;ACTIVA;76;VALLE DEL CAUCA;76001;CALI;B;OFICIAL;OFICIAL;URBANO;UNICA;EDUCACIÓN BÁSICA SECUNDARIA;5561100;FIJO
176001004698;ESCUELA NO 86 SANTIAGO DE CALI;;CLL 17 # 7-74 BRR/SAN NICOLAS;N;176001001818;-76,527067918;3,451183603;ACTIVA;76;VALLE DEL CAUCA;76001;CALI;B;OFICIAL;OFICIAL;URBANO;UNICA;EDUCACIÓN BÁSICA PRIMARIA;8858838;FIJO
176001005431;CENTRO EDUCATIVO CENT DOC REP DE MEXICO N. 82;;CLL 20 #5-63 BRR/SAN NICOLAS;N;176001001818;-76,524920392;3,454256418;ACTIVA;76;VALLE DEL CAUCA;76001;CALI;B;OFICIAL;OFICIAL;URBANO;UNICA;EDUCACIÓN BÁSICA PRIMARIA;8818718;FIJO
176001013271;CENTRO EDUCATIVO CENT DOC EL PILOTO;;CRA 4N #24-40 B/PILOTO;N;176001001818;-76,5359198218;3,44125866868;ACTIVA;76;VALLE DEL CAUCA;76001;CALI;B;OFICIAL;OFICIAL;URBANO;UNICA;EDUCACIÓN BÁSICA PRIMARIA;8800054;FIJO
176001001826;COLEGIO JOSE MA SAAVEDRA GALINDO;IE_SAAVEDRAGALINDO@CALI.GOV.CO;CRA 11A # 28-25 BRR/INDUSTRIAL LOS;S;176001001826;-76,5161796207;3,44951736539;ACTIVA;76;VALLE DEL CAUCA;76001;CALI;B;OFICIAL;OFICIAL;URBANO;UNICA;EDUCACIÓN MEDIA;4431819;FIJO
176001004019;CENTRO EDUCATIVO CENT DOC N. 73 BENJAMIN HERRERA;;CL 26 # 12-34 BRR/ BENJAMIN HERRER;N;176001001826;-76,5158243911;3,44978858709;ACTIVA;76;VALLE DEL CAUCA;76001;CALI;B;OFICIAL;OFICIAL;URBANO;UNICA;EDUCACIÓN BÁSICA PRIMARIA;6812489;FIJO
176001004213;CENTRO EDUCATIVO CENT DOC N. 79 NTRA SRA DE FATIMA;;CRA 10 # 28- 10 BRR/INDISTRIAL;N;176001001826;-76,5158807303;3,44992982467;ACTIVA;76;VALLE DEL CAUCA;76001;CALI;B;OFICIAL;OFICIAL;URBANO;UNICA;EDUCACIÓN BÁSICA PRIMARIA;4416363;FIJO
176001001788;ESCUELA ANEX A LA NORMAL MARTIN RESTREPO MEJIA;;CRA 22 OESTE # 2-65 BRR/LIBERTADORE;N;176001002253;-76,54395868;3,44235513957;ACTIVA;76;VALLE DEL CAUCA;76001;CALI;B;OFICIAL;OFICIAL;URBANO;UNICA;EDUCACIÓN BÁSICA PRIMARIA;5561227;FIJO
176001002253;NORM NAL DE SEÑORITAS;;CRA 22 #2-65 B.LIBERTADORES;S;176001002253;-76,54401099;3,442312816;ACTIVA;76;VALLE DEL CAUCA;76001;CALI;B;OFICIAL;OFICIAL;URBANO;UNICA;EDUCACIÓN MEDIA;5577936;FIJO
176001004523;CENTRO EDUCATIVO CENT DOC SALVADOR IGLESIAS N. 43;;CL 2A # 22-70 BRR/NACIONAL;N;176001002253;-76,540211045;3,4407317;ACTIVA;76;VALLE DEL CAUCA;76001;CALI;B;OFICIAL;OFICIAL;URBANO;UNICA;EDUCACIÓN BÁSICA PRIMARIA;5560120;FIJO
176001004591;CENTRO EDUCATIVO CENT DOC FRANCISCO JOSE DE CALDAS;;CRA 4 OESTE #12A-59 BRR/BELLAVISTA;N;176001002253;-76,552853419;3,444791597;ACTIVA;76;VALLE DEL CAUCA;76001;CALI;B;OFICIAL;OFICIAL;URBANO;UNICA;EDUCACIÓN BÁSICA PRIMARIA;8931891;FIJO
176001004779;ESCUELA N. 48 MANUEL SINISTERRA;;CRA 1A CLL 3 OESTE BRR/NACIONAL;N;176001002253;-76,5432753313;3,44389855908;ACTIVA;76;VALLE DEL CAUCA;76001;CALI;B;OFICIAL;OFICIAL;URBANO;UNICA;EDUCACIÓN BÁSICA PRIMARIA;5560314;FIJO
176001005210;ESCUELA N. 50 MARIA PERLAZA;;CLL 5 OEST # 18-02 BRR/NACIONAL;N;176001002253;-76,545054998;3,442827026;ACTIVA;76;VALLE DEL CAUCA;76001;CALI;B;OFICIAL;OFICIAL;URBANO;UNICA;EDUCACIÓN BÁSICA PRIMARIA;5572602;FIJO
176001011791;ESCUELA N. 19 LOS CRISTALES;;CLL 11C OESTE # 24C-50 BRR/MORTIÑA;N;176001002253;-76,55041616;3,44313899;ACTIVA;76;VALLE DEL CAUCA;76001;CALI;B;OFICIAL;OFICIAL;URBANO;UNICA;EDUCACIÓN BÁSICA PRIMARIA;5570673;FIJO
176001002555;COLEGIO TEC CIAL HDO NAVIA VARON;HERNAVA1970@YAHOO.COM;CR 26P # 50-39;S;176001002555;-76,499398085;3,432967794;ACTIVA;76;VALLE DEL CAUCA;76001;CALI;B;OFICIAL;OFICIAL;URBANO;UNICA;EDUCACIÓN MEDIA;4380640;FIJO
176001002890;CENTRO EDUCATIVO CENT DOC N. 19 FRAY JOSE IGNACIO ORTIZ;;CRA 26N # 52-58;N;176001002555;-76,499348676;3,43322457494;ACTIVA;76;VALLE DEL CAUCA;76001;CALI;B;OFICIAL;OFICIAL;URBANO;UNICA;EDUCACIÓN BÁSICA PRIMARIA;4445597;FIJO
176001002784;SEDE REPUBLICA DE ITALIA;JBORRERO@VALLEDELCAUCA.GOV.CO;CL 26A 24A 11 BRR AGUABLANCA;N;176001002881;-76,5764925891;3,3990437228;ACTIVA;76;VALLE DEL CAUCA;76001;CALI;A;OFICIAL;OFICIAL;URBANO;UNICA;EDUCACIÓN BÁSICA PRIMARIA;3187963172;CELULAR
176001002881;INSTITUCION EDUCATIVA TECNICO INDUSTRIAL DIEZ DE MAYO;IE_DIEZDEMAYO@SEMCALI.GOV.CO;CRA 25A # 26A-13;S;176001002881;-76,5183042317;3,43172587709;ACTIVA;76;VALLE DEL CAUCA;76001;CALI;A;OFICIAL;OFICIAL;URBANO;UNICA;EDUCACIÓN MEDIA;3342164;FIJO
176001002849;SEDE ALFONSO BARBERENA;JBORRERO@VALLEDELCAUCA.GOV.CO;CLL 33C CRA 25BIS BRR/ALFONSO BARB;N;176001002911;-76,5105972715;3,43284847896;ACTIVA;76;VALLE DEL CAUCA;76001;CALI;A;OFICIAL;OFICIAL;URBANO;UNICA;EDUCACIÓN BÁSICA PRIMARIA;3187963172;CELULAR
176001002911;INSTITUCION EDUCATIVA EVA RIASCOS PLATA;JBORRERO@VALLEDELCAUCA.GOV.CO;TRASVERSAL 25 NO. 31B - 69, COMUNA 12;S;176001002911;-76,5110813698;3,4326668692;ACTIVA;76;VALLE DEL CAUCA;76001;CALI;A;OFICIAL;OFICIAL;URBANO;UNICA;EDUCACIÓN MEDIA;3187963172;CELULAR
176001004264;SEDE HERNANDO CAICEDO;JBORRERO@VALLEDELCAUCA.GOV.CO;DG 27A TR 29-12;N;176001002911;-76,5109564946;3,43271761632;ACTIVA;76;VALLE DEL CAUCA;76001;CALI;A;OFICIAL;OFICIAL;URBANO;UNICA;EDUCACIÓN MEDIA;3187963172;CELULAR
176001002989;UNIDAD DOC MARICE SINISTERRA;UDMARICE@COL2.TELECOM.COM;CLL 40 # 25A-20;S;176001002989;-76,5034687325;3,43518927192;ACTIVA;76;VALLE DEL CAUCA;76001;CALI;B;OFICIAL;OFICIAL;URBANO;MAÑANA;EDUCACIÓN MEDIA;4453459;FIJO
176001003861;CENTRO EDUCATIVO CENT DOC FENALCO ASTURIAS N. 109;;CLL 24 B # 43-40;N;176001002989;-76,4999617672;3,43729747977;ACTIVA;76;VALLE DEL CAUCA;76001;CALI;B;OFICIAL;OFICIAL;URBANO;MAÑANA;EDUCACIÓN BÁSICA PRIMARIA;4485469;FIJO
176001007891;CENTRO EDUCATIVO CENT DOC ASTURIAS N. 115;;CRA 24B # 43-40;N;176001002989;-76,5015380288;3,43833168806;ACTIVA;76;VALLE DEL CAUCA;76001;CALI;B;OFICIAL;OFICIAL;URBANO;MAÑANA;EDUCACIÓN MEDIA;4485469;FIJO
176001003004;SEDE BELLO HORIZONTE;JBORRERO@VALLEDELCAUCA.GOV.CO;CLL 36A NO. 27A-30 BRR/BELLO HORI;N;176001003063;-76,504262996;3,433189384;ACTIVA;76;VALLE DEL CAUCA;76001;CALI;A;OFICIAL;OFICIAL;URBANO;UNICA;EDUCACIÓN BÁSICA SECUNDARIA;3187963172;CELULAR
176001003063;SEDE JUAN XXIII;JBORRERO@VALLEDELCAUCA.GOV.CO;CRA 28C # 50-16 B/SINDICAL;N;176001003063;-76,501411037;3,429795709;ACTIVA;76;VALLE DEL CAUCA;76001;CALI;A;OFICIAL;OFICIAL;URBANO;UNICA;EDUCACIÓN MEDIA;3187963172;CELULAR
176001003918;INSTITUCION EDUCATIVA TECNICO COMERCIAL JUAN XXIII;JBORRERO@VALLEDELCAUCA.GOV.CO;CLL 46 # 28F-31;S;176001003063;-76,503293679;3,42786908;ACTIVA;76;VALLE DEL CAUCA;76001;CALI;A;OFICIAL;OFICIAL;URBANO;UNICA;EDUCACIÓN MEDIA;3187963172;CELULAR
176001005643;SEDE NIÑO JESUS DE PRAGA;JBORRERO@VALLEDELCAUCA.GOV.CO;CRA 28C # 44-90;N;176001003063;-76,502323142;3,430252883;ACTIVA;76;VALLE DEL CAUCA;76001;CALI;A;OFICIAL;OFICIAL;URBANO;UNICA;EDUCACIÓN MEDIA;3187963172;CELULAR
176001023285;SEDE JULIO RINCON;JBORRERO@VALLEDELCAUCA.GOV.CO;CLL 70 R 28 E BIS BRR/JULIO RINCON;N;176001003063;-76,5014063688;3,42687209236;ACTIVA;76;VALLE DEL CAUCA;76001;CALI;A;OFICIAL;OFICIAL;URBANO;UNICA;EDUCACIÓN BÁSICA PRIMARIA;3187963172;CELULAR
176001002768;CENTRO EDUCATIVO CENT DOC N. 114 ENRIQUE OLAYA HERRERA;;CLL 71 # 25A-15;N;176001003161;-76,491748513;3,439200579;ACTIVA;76;VALLE DEL CAUCA;76001;CALI;B;OFICIAL;OFICIAL;URBANO;UNICA;EDUCACIÓN MEDIA;6633288;FIJO
176001003161;CENTRO EDUCATIVO CENT DOC N. 7 BARTOLOME LOBOGUERRERO;;CLL 71 NO. 26E-25 B/ LLERAS RESTREP;S;176001003161;-76,493221697;3,435112773;ACTIVA;76;VALLE DEL CAUCA;76001;CALI;B;OFICIAL;OFICIAL;URBANO;UNICA;EDUCACIÓN MEDIA;6632481;FIJO
176001003195;COLEGIO BAS N. 42 JOSE ANTONIO GALAN;IE_JOSEGALAN@CALI.GOV.CO;CLL 41 NO. 3N-11 B/POPULAR;S;176001003195;-76,5127990658;3,46916795012;ACTIVA;76;VALLE DEL CAUCA;76001;CALI;B;OFICIAL;OFICIAL;URBANO;UNICA;EDUCACIÓN MEDIA;4425387;FIJO
176001004141;CENTRO EDUCATIVO CENT DOC N. 46 RAFAEL ZAMORANO;;CRA 1 #45AN-55;N;176001003195;-76,5128945876;3,46919255508;ACTIVA;76;VALLE DEL CAUCA;76001;CALI;B;OFICIAL;OFICIAL;URBANO;UNICA;EDUCACIÓN MEDIA;4466532;FIJO
176001001290;JARDIN INFANTIL NAL PILOTO N. 1;;CLL 58 # 11B-48 BRR/LA BASE;N;176001003586;-76,494785792;3,448203722;ACTIVA;76;VALLE DEL CAUCA;76001;CALI;B;OFICIAL;OFICIAL;URBANO;UNICA;EDUCACIÓN BÁSICA PRIMARIA;4437530;FIJO
176001003586;CENTRO EDUCATIVO CENT DOC N. 93 JUAN DE AMPUDIA;;CR 12 # 57-13;S;176001003586;-76,495217459;3,448366303;ACTIVA;76;VALLE DEL CAUCA;76001;CALI;B;OFICIAL;OFICIAL;URBANO;UNICA;EDUCACIÓN MEDIA;4411750;FIJO
176001004248;CENTRO EDUCATIVO N. 77 ONCE DE NOVIEMBRE;;CRA 11D# 52 - 09;N;176001003586;-76,498339722;3,449186296;ACTIVA;76;VALLE DEL CAUCA;76001;CALI;B;OFICIAL;OFICIAL;URBANO;UNICA;EDUCACIÓN BÁSICA SECUNDARIA;4415958;FIJO
176001015860;SEDE SAN BUENAVENTURA;JBORRERO@VALLEDELCAUCA.GOV.CO;DG 29 B TR 29-30;N;176001003918;-76,5048602794;3,42733277388;ACTIVA;76;VALLE DEL CAUCA;76001;CALI;A;OFICIAL;OFICIAL;URBANO;UNICA;PREESCOLAR;3187963172;CELULAR
176001002733;SEDE BATALLA DE CARABOBO;JBORRERO@VALLEDELCAUCA.GOV.CO;CL 51 # 16-00;N;176001003951;-76,4957693204;3,44114540558;ACTIVA;76;VALLE DEL CAUCA;76001;CALI;A;OFICIAL;OFICIAL;URBANO;UNICA;EDUCACIÓN BÁSICA PRIMARIA;3187963172;CELULAR
176001002776;SEDE FRANCISCO DE PAULA SANTANDER;JBORRERO@VALLEDELCAUCA.GOV.CO;CRA 26H # 50-53;N;176001003951;-76,4957968146;3,44141076017;ACTIVA;76;VALLE DEL CAUCA;76001;CALI;A;OFICIAL;OFICIAL;URBANO;UNICA;EDUCACIÓN MEDIA;3187963172;CELULAR
176001002873;SEDE ESTHER ZORRILLA;JBORRERO@VALLEDELCAUCA.GOV.CO;CLL 59 CRA 24 BRR/NVA FLORESTA;N;176001003951;-76,4945936996;3,4408726438;ACTIVA;76;VALLE DEL CAUCA;76001;CALI;A;OFICIAL;OFICIAL;URBANO;UNICA;EDUCACIÓN BÁSICA PRIMARIA;3187963172;CELULAR
176001003951;INSTITUCION EDUCATIVA JULIO CAICEDO Y TELLEZ;IEJULIOCAICEDOYTELLEZ@YAHOO.COM;CARRERA 24 C NO.57 - 25, COMUNA 12;S;176001003951;-76,4944472015;3,44072274945;ACTIVA;76;VALLE DEL CAUCA;76001;CALI;A;OFICIAL;OFICIAL;URBANO;UNICA;EDUCACIÓN MEDIA;4380308;FIJO
176001012488;JARDIN INFANTIL MI BOSQUESITO;JBORRERO@VALLEDELCAUCA.GOV.CO;CLL 57 # 24A-03;N;176001003951;-76,495194082;3,44084386923;ACTIVA;76;VALLE DEL CAUCA;76001;CALI;A;OFICIAL;OFICIAL;URBANO;UNICA;PREESCOLAR;3187963172;CELULAR
176001002814;CENTRO EDUCATIVO N. 10 ANTONIA SANTOS;;CRA 43 # 43-04 BRR/REPUBLICA DE ISR;N;176001004256;-76,511923534;3,407025228;ACTIVA;76;VALLE DEL CAUCA;76001;CALI;B;OFICIAL;OFICIAL;URBANO;UNICA;EDUCACIÓN BÁSICA PRIMARIA;4020721;FIJO
176001002946;ESCUELA JOSE JOAQUIN JARAMILLO N. 31;;CRA 44A # 44-64 BRR/REPUBLICA DE IS;N;176001004256;-76,512539616;3,404756208;ACTIVA;76;VALLE DEL CAUCA;76001;CALI;B;OFICIAL;OFICIAL;URBANO;UNICA;EDUCACIÓN BÁSICA PRIMARIA;3279526;FIJO
176001004256;CENTRO EDUCATIVO CENTRO DOC N. 107 CRISTOBAL COLON;IE_CRISTOBALCOLON@CALI.GOV.CO;CLL 44 #47A-16 BRR/MARIANO RAMOS;S;176001004256;-76,51543347;3,403099311;ACTIVA;76;VALLE DEL CAUCA;76001;CALI;B;OFICIAL;OFICIAL;URBANO;UNICA;EDUCACIÓN MEDIA;3274972;FIJO
176001007883;CENTRO EDUCATIVO CENT DOC N. 48 BIENESTAR SOCIAL;;CRA47B NO 45-74 BRR/MARIANO R;N;176001004256;-76,515068593;3,401563987;ACTIVA;76;VALLE DEL CAUCA;76001;CALI;B;OFICIAL;OFICIAL;URBANO;UNICA;EDUCACIÓN BÁSICA PRIMARIA;3377969;FIJO
176001004281;CENTRO EDUCATIVO CENT DOC MARIO LLOREDA N. 56;;CR 1D # 51-16;S;176001004281;-76,503358587;3,471179363;ACTIVA;76;VALLE DEL CAUCA;76001;CALI;B;OFICIAL;OFICIAL;URBANO;MAÑANA;EDUCACIÓN BÁSICA PRIMARIA;4394705;FIJO
176001002822;SEDE FERNANDO DE ARAGON;IE.EVARISTOGARCIACALI@GMAIL.COM;KR 17G 33A 17 BRR PRIMITIVO CRESPO;N;176001004329;-76,5764925891;3,3990437228;ACTIVA;76;VALLE DEL CAUCA;76001;CALI;A;OFICIAL;OFICIAL;URBANO;UNICA;EDUCACIÓN BÁSICA PRIMARIA;3173722512;CELULAR
176001002831;SEDE JOSE HILARIO LOPEZ;IE.EVARISTOGARCIACALI@GMAIL.COM;CLL 27 # 17G-19 BRR/PRIMITIVO CRESP;N;176001004329;-76,517680954;3,438535207;ACTIVA;76;VALLE DEL CAUCA;76001;CALI;A;OFICIAL;OFICIAL;URBANO;UNICA;EDUCACIÓN BÁSICA SECUNDARIA;3173722512;CELULAR
176001003101;SEDE SAAVEDRA GALINDO;IE.EVARISTOGARCIACALI@GMAIL.COM;CRA 17 F # 31-00;N;176001004329;-76,513259074;3,440886712;ACTIVA;76;VALLE DEL CAUCA;76001;CALI;A;OFICIAL;OFICIAL;URBANO;UNICA;EDUCACIÓN BÁSICA PRIMARIA;3173722512;CELULAR
176001004329;INSTITUCION EDUCATIVA EVARISTO GARCIA;IE.EVARISTOGARCIACALI@GMAIL.COM;CL 32 # 17-41;S;176001004329;-76,5135339931;3,44271488512;ACTIVA;76;VALLE DEL CAUCA;76001;CALI;A;OFICIAL;OFICIAL;URBANO;UNICA;EDUCACIÓN MEDIA;3173722512;CELULAR
176001004001;SEDE MANUEL MARIA MALLARINO;IE_JUANBAUTISTA@IEJUANBAUTISTACALI.EDU.CO;CR 9A # 78-14;N;176001004361;-76,479124885;3,448433465;ACTIVA;76;VALLE DEL CAUCA;76001;CALI;A;OFICIAL;OFICIAL;URBANO;UNICA;EDUCACIÓN MEDIA;6629986;FIJO
176001004361;INSTITUCION EDUCATIVA SAN JUAN BAUTISTA DE LA SALLE;IE_JUANBAUTISTA@IEJUANBAUTISTACALIEDU.CO;CL 74 9 19;S;176001004361;-76,481192891;3,447840392;ACTIVA;76;VALLE DEL CAUCA;76001;CALI;A;OFICIAL;OFICIAL;URBANO;UNICA;EDUCACIÓN MEDIA;6629944;FIJO
176001004434;SEDE ANA MARIA DE LLOREDA;JBORRERO@VALLEDELCAUCA.GOV.CO;CL 26 OESTE AV 4;N;176001004434;-76,5676746121;3,45211011509;ACTIVA;76;VALLE DEL CAUCA;76001;CALI;A;OFICIAL;OFICIAL;URBANO;UNICA;EDUCACIÓN MEDIA;3187963172;CELULAR
176001004396;CENTRO EDUCATIVO CENT DOC SIMON BOLIVAR N. 5;;CL 1 OESTE # 42A -94 BR/SILOE;N;176001004485;-76,553251981;3,422334232;ACTIVA;76;VALLE DEL CAUCA;76001;CALI;B;OFICIAL;OFICIAL;URBANO;UNICA;EDUCACIÓN BÁSICA SECUNDARIA;5511244;FIJO
176001004485;CENTRO EDUCATIVO CENT DOC N. 13 JUANA DE CAICEDO Y CUERO;IE_JUANADECAICEDO@GOV.CO;CL 1A OESTE # 50-85;S;176001004485;-76,5539178678;3,41706455995;ACTIVA;76;VALLE DEL CAUCA;76001;CALI;B;OFICIAL;OFICIAL;URBANO;UNICA;EDUCACIÓN MEDIA;5512344;FIJO
176001042786;ESCUELA ANTONIA SANTOS;;CRA 38AC # 1OESTE 3A-14;N;176001004485;-76,5534305383;3,41728800849;ACTIVA;76;VALLE DEL CAUCA;76001;CALI;B;OFICIAL;OFICIAL;URBANO;FIN DE SEMANA;EDUCACIÓN BÁSICA PRIMARIA;5133904;FIJO
176001004531;ESCUELA NORMAL SUPERIOR SANTIAGO DE CALI;IE.NORMALSUPERIOR@CALI.EDU.CO;KR 34 12 61 BRR COLSEGUROS;S;176001004531;-76,530907036;3,424073109;ACTIVA;76;VALLE DEL CAUCA;76001;CALI;A;OFICIAL;OFICIAL;URBANO;UNICA;EDUCACIÓN MEDIA;3364797;FIJO
176001013018;ESCUELA N. 73 ANEX JOAQUIN DE CAYCEDO Y CUERO;;CRA 36 # 12C-00;N;176001004531;-76,530970584;3,42176477087;ACTIVA;76;VALLE DEL CAUCA;76001;CALI;B;OFICIAL;OFICIAL;URBANO;UNICA;EDUCACIÓN BÁSICA PRIMARIA;3351889;FIJO
176001003365;SEDE JOSE CELESTINO MUTIS;JBORRERO@VALLEDELCAUCA.GOV.CO;AV 7B O 18 02 BRR TERRON COLORADO;N;176001004973;-76,55916539;3,45477287;ACTIVA;76;VALLE DEL CAUCA;76001;CALI;A;OFICIAL;OFICIAL;URBANO;UNICA;EDUCACIÓN MEDIA;3187963172;CELULAR
176001004973;INSTITUCION EDUCATIVA ISAIAS GAMBOA;JBORRERO@VALLEDELCAUCA.GOV.CO;AV 4 O 12 05 BRR TERRON COLORADO COMUNA 1;N;176001004973;-76,554372618;3,45168635;ACTIVA;76;VALLE DEL CAUCA;76001;CALI;A;OFICIAL;OFICIAL;URBANO;UNICA;EDUCACIÓN BÁSICA SECUNDARIA;3187963172;CELULAR
176001006062;SEDE LA INMACULADA;JBORRERO@VALLEDELCAUCA.GOV.CO;CL 10 O 5 45 BRR EL TABLAZO;N;176001004973;-76,5520931;3,4552074;ACTIVA;76;VALLE DEL CAUCA;76001;CALI;A;OFICIAL;OFICIAL;URBANO;UNICA;EDUCACIÓN MEDIA;3187963172;CELULAR
176001014120;SEDE ALEJANDRO CABAL POMBO;JBORRERO@VALLEDELCAUCA.GOV.CO;CL 26 O 8 17 BRR BAJO AGUACATAL;N;176001004973;-76,570073404;3,455945258;ACTIVA;76;VALLE DEL CAUCA;76001;CALI;A;OFICIAL;OFICIAL;URBANO;UNICA;EDUCACIÓN MEDIA;3187963172;CELULAR
276001043884;INSTITUCION EDUCATIVA ISAIAS GAMBOA EL AGUACATAL;JBORRERO@VALLEDELCAUCA.GOV.CO;KM 2 VIA AGUACATAL BRR ALTO AGUACATAL;S;176001004973;-76,5764925891;3,3990437228;ACTIVA;76;VALLE DEL CAUCA;76001;CALI;A;OFICIAL;OFICIAL;RURAL;UNICA;EDUCACIÓN MEDIA;3187963172;CELULAR
176001003098;SEDE SAN JOSE;JBORRERO@VALLEDELCAUCA.GOV.CO;CLL 40 # 2C-21 BRR/LASDELICIAS;N;176001005091;-76,509618797;3,463172942;ACTIVA;76;VALLE DEL CAUCA;76001;CALI;A;OFICIAL;OFICIAL;URBANO;UNICA;EDUCACIÓN BÁSICA PRIMARIA;3187963172;CELULAR
176001003331;SEDE MANUEL SANTIAGO VALLECILLA;ADMINISTRADOR@IERDEISRAELCALI.EDU.CO;CLL 43 # 4B-33 BRR/LAS DELICIAS;N;176001005091;-76,507684395;3,461440016;ACTIVA;76;VALLE DEL CAUCA;76001;CALI;A;OFICIAL;OFICIAL;URBANO;UNICA;EDUCACIÓN BÁSICA SECUNDARIA;4452193;FIJO
176001005091;INSTITUCION EDUCATIVA REPUBLICA DE ISRAEL;IERICENTRAL@HOTMAIL.COM;CRA 3 # 43-49 BR/ LAS DELICIAS;S;176001005091;-76,508845894;3,46336104;ACTIVA;76;VALLE DEL CAUCA;76001;CALI;A;OFICIAL;OFICIAL;URBANO;UNICA;EDUCACIÓN MEDIA;4452425;FIJO
176001002962;CENTRO EDUCATIVO CENT DOC N. 13 SUSANA VINASCO DE QUINTANA;;CLL 31 #33A-00 BRR/SAN CARLOS;N;176001005121;-76,5142223275;3,41466315345;ACTIVA;76;VALLE DEL CAUCA;76001;CALI;B;OFICIAL;OFICIAL;URBANO;ESPECIAL;EDUCACIÓN BÁSICA PRIMARIA;3367289;FIJO
176001005121;INSTITUCION CIAL VILLA DEL SUR;IE_VILLADELSUR@CALI.GOV.CO;CLL 30 A # 41E-99 BRR/CIUDAD MODE;S;176001005121;-76,5140877634;3,4147242397;ACTIVA;76;VALLE DEL CAUCA;76001;CALI;B;OFICIAL;OFICIAL;URBANO;ESPECIAL;EDUCACIÓN MEDIA;3367289;FIJO
176001005341;INSTITUCION EDUCATIVA TECNICA CIUDAD DE CALI;;D23 # 25-25;N;176001005341;-76,5142872502;3,4322350336;ACTIVA;76;VALLE DEL CAUCA;76001;CALI;B;OFICIAL;OFICIAL;URBANO;UNICA;EDUCACIÓN MEDIA;4412402;FIJO
176001800231;CENTRO EDUCATIVO CENTRO DE FORMACION JUVENIL BUEN PASTOR;;CL 31 A 28 M 34 BRR LA FORTALEZA;N;176001005341;-76,512737726;3,428621263;ACTIVA;76;VALLE DEL CAUCA;76001;CALI;A;OFICIAL;OFICIAL;URBANO;MAÑANA;PREESCOLAR;3744428;FIJO
176001800249;CENTRO EDUCATIVO CENTRO DE FORMACION JUVENIL VALLE DEL LILI;;KR 108 48 91 BRR BOCHELEMA;N;176001005341;-76,5147864819;3,35868952998;ACTIVA;76;VALLE DEL CAUCA;76001;CALI;A;OFICIAL;OFICIAL;URBANO;MAÑANA;PREESCOLAR;3744428;FIJO
176001004671;SEDE POLICARPA SALAVARRIETA;JBORRERO@VALLEDELCAUCA.GOV.CO;CR 11 # 22A-30;N;176001005368;-76,520352959;3,448811729;ACTIVA;76;VALLE DEL CAUCA;76001;CALI;A;OFICIAL;OFICIAL;URBANO;UNICA;EDUCACIÓN MEDIA;3187963172;CELULAR
176001005368;INSTITUCION EDUCATIVA REPUBLICA DE ARGENTINA;IE_ARGENTINA@CALI.GOV.CO;CRA 110 D # 23-49 BRR/OBRERO;S;176001005368;-76,5193009413;3,44760678035;ACTIVA;76;VALLE DEL CAUCA;76001;CALI;A;OFICIAL;OFICIAL;URBANO;UNICA;EDUCACIÓN MEDIA;3187963172;CELULAR
176001005406;SEDE JOSE MARIA CORDOBA;JBORRERO@VALLEDELCAUCA.GOV.CO;CLL 18 # 8A- 15 B/ SUCRE;N;176001005368;-76,525154851;3,450052769;ACTIVA;76;VALLE DEL CAUCA;76001;CALI;A;OFICIAL;OFICIAL;URBANO;UNICA;EDUCACIÓN BÁSICA PRIMARIA;3187963172;CELULAR
176001005414;SEDE SEBASTIAN DE BELALCAZAR;JBORRERO@VALLEDELCAUCA.GOV.CO;CLL 17 # 14-57;N;176001005368;-76,524061024;3,443403002;ACTIVA;76;VALLE DEL CAUCA;76001;CALI;A;OFICIAL;OFICIAL;URBANO;UNICA;EDUCACIÓN MEDIA;3187963172;CELULAR
176001004701;CENTRO EDUCATIVO CENT DOC N. 71 CAMILO TORRES;;CRA 24 #10A-98;N;176001005716;-76,53024226;3,432117694;ACTIVA;76;VALLE DEL CAUCA;76001;CALI;B;OFICIAL;OFICIAL;URBANO;MAÑANA;EDUCACIÓN MEDIA;5580905;FIJO
176001004710;ESCUELA N. 68 GRAL CARLOS ALBAN;;CLL 18A # 24-65;N;176001005716;-76,52495689;3,432092783;ACTIVA;76;VALLE DEL CAUCA;76001;CALI;B;OFICIAL;OFICIAL;URBANO;MAÑANA;EDUCACIÓN BÁSICA SECUNDARIA;3261233;FIJO
176001005112;ESCUELA SAN ROQUE N. 74;;CRA 32A # 15A - 59;N;176001005716;-76,525417831;3,425252685;ACTIVA;76;VALLE DEL CAUCA;76001;CALI;B;OFICIAL;OFICIAL;URBANO;MAÑANA;EDUCACIÓN BÁSICA SECUNDARIA;3351810;FIJO
176001005716;COLEGIO JOAQUIN DE CAICEDO Y CUERO;;CRA 35 # 15-33;S;176001005716;-76,52540758;3,421868169;ACTIVA;76;VALLE DEL CAUCA;76001;CALI;B;OFICIAL;OFICIAL;URBANO;MAÑANA;EDUCACIÓN MEDIA;3352170;FIJO
176001005805;INSTITUCION EDUCATIVA CIUDAD MODELO;IE.CIUDADMODELO@CALI.EDU.CO;KR 40 30C 31;S;176001005805;-76,5147048;3,41874997;ACTIVA;76;VALLE DEL CAUCA;76001;CALI;A;OFICIAL;OFICIAL;URBANO;UNICA;EDUCACIÓN MEDIA;3372920;FIJO
176001003837;CENTRO EDUCATIVO CENT DOC PABLO EMILIO CAICEDO;;CR 5N DG 7N # 7N-39;N;176001005813;-76,5022425152;3,48221901687;ACTIVA;76;VALLE DEL CAUCA;76001;CALI;B;OFICIAL;OFICIAL;URBANO;UNICA;EDUCACIÓN BÁSICA PRIMARIA;4409947;FIJO
176001004108;CENTRO EDUCATIVO CENT DOC N. 62 FRAY DOMINGO DE LAS CASAS;;CLL 65 #6N-40 B.CALIMA;N;176001005813;-76,5020817465;3,48262477905;ACTIVA;76;VALLE DEL CAUCA;76001;CALI;B;OFICIAL;OFICIAL;URBANO;UNICA;EDUCACIÓN BÁSICA PRIMARIA;4468353;FIJO
176001005813;INSTITUCION NAL DE EDUC MEDIA INEM JORGE ISAACS;RECTORNEM@EMCALI.NET.CO;CLL 62 ENTRE CR 4A Y 5A BRR/CALIMA;S;176001005813;-76,5018560937;3,48252282772;ACTIVA;76;VALLE DEL CAUCA;76001;CALI;B;OFICIAL;OFICIAL;URBANO;UNICA;EDUCACIÓN MEDIA;4470128;FIJO
176001009011;CENTRO EDUCATIVO DEL NORTE;;CRA 4 N #51AN-33 BRR/EVARISTO GARCI;N;176001005813;-76,5020937938;3,48232166736;ACTIVA;76;VALLE DEL CAUCA;76001;CALI;B;OFICIAL;OFICIAL;URBANO;UNICA;EDUCACIÓN BÁSICA PRIMARIA;4472878;FIJO
176001016009;INSTITUCION EDUC EST LAS AMERICAS N. 128;;CLL 82 # 3AN-00;N;176001005813;-76,5021211982;3,482318925;ACTIVA;76;VALLE DEL CAUCA;76001;CALI;B;OFICIAL;OFICIAL;URBANO;UNICA;EDUCACIÓN MEDIA;4408876;FIJO
176001028171;CENTRO EDUCATIVO CENT DOC N. 166 CECILIA MUÑOZ RICAUTE;;CLL 77 CRA 8 NTE. ESQ.;N;176001005813;-76,5023373409;3,48259148842;ACTIVA;76;VALLE DEL CAUCA;76001;CALI;B;OFICIAL;OFICIAL;URBANO;UNICA;EDUCACIÓN BÁSICA PRIMARIA;4041265;FIJO
176001030125;CENTRO EDUCATIVO CENT DOC CAMILO TORRES;;CRA 9NTE CLL 56 B NTE BRR/CAMILO T;N;176001005813;-76,502418267;3,48236695975;ACTIVA;76;VALLE DEL CAUCA;76001;CALI;B;OFICIAL;OFICIAL;URBANO;UNICA;EDUCACIÓN BÁSICA SECUNDARIA;4467856;FIJO
176001004221;CENTRO EDUCATIVO CENT DOC N. 78 ELEAZAR LIBREROS;;CLL 72 B DG 12;N;176001005970;-76,4850546126;3,44780531057;ACTIVA;76;VALLE DEL CAUCA;76001;CALI;B;OFICIAL;OFICIAL;URBANO;UNICA;EDUCACIÓN MEDIA;6632148;FIJO
176001004302;CENTRO EDUCATIVO CENT DOC N. 95 ANA MA VERNAZA;;CLL 72B # 8B-32;N;176001005970;-76,484554354;3,45044289;ACTIVA;76;VALLE DEL CAUCA;76001;CALI;B;OFICIAL;OFICIAL;URBANO;UNICA;EDUCACIÓN BÁSICA PRIMARIA;6629959;FIJO
176001004663;CENTRO EDUCATIVO CENT DOC UNID VEC 7 DE AGOSTO;;CL 71A # D17-20 BRR/SIETE DE AGOST;N;176001005970;-76,4873357984;3,44400309172;ACTIVA;76;VALLE DEL CAUCA;76001;CALI;B;OFICIAL;OFICIAL;URBANO;UNICA;EDUCACIÓN BÁSICA SECUNDARIA;6624862;FIJO
176001005970;COLEGIO DPTAL 7 DE AGOSTO;IESIETEDEAGOSTO@CALI.GOV.CO;CLL 72 # 11C-27;S;176001005970;-76,486105272;3,447609924;ACTIVA;76;VALLE DEL CAUCA;76001;CALI;B;OFICIAL;OFICIAL;URBANO;UNICA;EDUCACIÓN MEDIA;6629458;FIJO
176001003071;SEDE RICARDO NIETO;JBORRERO@VALLEDELCAUCA.GOV.CO;CRA 17B CLL 36 BRR/ATANASIO GIRARD;N;176001006071;-76,5068807469;3,44184504625;ACTIVA;76;VALLE DEL CAUCA;76001;CALI;A;OFICIAL;OFICIAL;URBANO;UNICA;EDUCACIÓN BÁSICA SECUNDARIA;3187963172;CELULAR
176001004311;SEDE MANUEL REBOLLEDO;JBORRERO@VALLEDELCAUCA.GOV.CO;DG 23 CR 17F ESQ BRR/URIBE URIBE;N;176001006071;-76,5105797446;3,4400152667;ACTIVA;76;VALLE DEL CAUCA;76001;CALI;A;OFICIAL;OFICIAL;URBANO;UNICA;EDUCACIÓN MEDIA;3187963172;CELULAR
176001004345;SEDE ESTADO DE PUERTO RICO;JBORRERO@VALLEDELCAUCA.GOV.CO;KRA 17 NO 33D-01;N;176001006071;-76,510058569;3,442693971;ACTIVA;76;VALLE DEL CAUCA;76001;CALI;A;OFICIAL;OFICIAL;URBANO;UNICA;EDUCACIÓN BÁSICA PRIMARIA;3187963172;CELULAR
176001006071;INSTITUCION EDUCATIVA SANTA FE;IE_SANTAFE@CALI.GOV.CO;CL 34 17B 41 BRR CHAPINERO;S;176001006071;-76,5298484428;3,44056941347;ACTIVA;76;VALLE DEL CAUCA;76001;CALI;A;OFICIAL;OFICIAL;URBANO;UNICA;EDUCACIÓN MEDIA;3187963172;CELULAR
176001002806;SEDE JOSE VICENTE CONCHA;JBORRERO@VALLEDELCAUCA.GOV.CO;CRA 30A # 30-27;N;176001006119;-76,5136921723;3,42675374065;ACTIVA;76;VALLE DEL CAUCA;76001;CALI;A;OFICIAL;OFICIAL;URBANO;UNICA;EDUCACIÓN MEDIA;3187963172;CELULAR
176001006119;INSTITUCION EDUCATIVA GENERAL FRANCISCO DE PAULA SANTANDER;IE_FRANCISCOPSANTANDER@CALI.GOV;CLL 27 # 31A - 60 BRR/EL JARDIN;S;176001006119;-76,5137307124;3,42647407009;ACTIVA;76;VALLE DEL CAUCA;76001;CALI;A;OFICIAL;OFICIAL;URBANO;UNICA;EDUCACIÓN MEDIA;3352352;FIJO
176001006488;SEDE JULIO ARBOLEDA;JBORRERO@VALLEDELCAUCA.GOV.CO;CLL 35 E # 30-24;N;176001006119;-76,5136636635;3,42651188031;ACTIVA;76;VALLE DEL CAUCA;76001;CALI;A;OFICIAL;OFICIAL;URBANO;UNICA;EDUCACIÓN BÁSICA SECUNDARIA;3187963172;CELULAR
176001007611;SEDE LEON XIII;JBORRERO@VALLEDELCAUCA.GOV.CO;CLL 35 CRA 29B;N;176001006119;-76,5137514931;3,4264762952;ACTIVA;76;VALLE DEL CAUCA;76001;CALI;A;OFICIAL;OFICIAL;URBANO;UNICA;EDUCACIÓN BÁSICA SECUNDARIA;3187963172;CELULAR
176001012763;SEDE SAN PEDRO CODENAL;JBORRERO@VALLEDELCAUCA.GOV.CO;CRA 31 # DG 31-10;N;176001006119;-76,5137788067;3,42648172444;ACTIVA;76;VALLE DEL CAUCA;76001;CALI;A;OFICIAL;OFICIAL;URBANO;UNICA;EDUCACIÓN BÁSICA PRIMARIA;3187963172;CELULAR
176001005309;CENTRO EDUCATIVO CENT DOC ANGELICA SIERRA A N. 55;;CLL 40 CRA 41 F ESQUINA BRR/UNION;N;176001006356;-76,5114566462;3,41217736445;ACTIVA;76;VALLE DEL CAUCA;76001;CALI;B;OFICIAL;OFICIAL;URBANO;UNICA;EDUCACIÓN BÁSICA PRIMARIA;3277990;FIJO
176001006356;COLEGIO DPTAL LIBARDO MADRID VALDERRAMA;COLIBARDO@HOTMAIL.COM;CRA 41 H # 39- 73 BRR/UNION DE VIV;S;176001006356;-76,512296557;3,413335676;ACTIVA;76;VALLE DEL CAUCA;76001;CALI;B;OFICIAL;OFICIAL;URBANO;UNICA;EDUCACIÓN MEDIA;3273563;FIJO
176001007158;ESCUELA PRIMERO DE MAYO;;CRA 37 CL 39 ESQUN BRR/ANTONIO N;N;176001006356;-76,5114566462;3,41217736445;ACTIVA;76;VALLE DEL CAUCA;76001;CALI;B;OFICIAL;OFICIAL;URBANO;UNICA;EDUCACIÓN BÁSICA PRIMARIA;4020590;FIJO
176001042778;CENTRO EDUCATIVO CENT DOC PABLO NERUDA;;CL 40 CRA 41 F ESQ;N;176001006356;-76,5114566462;3,41217736445;ACTIVA;76;VALLE DEL CAUCA;76001;CALI;B;OFICIAL;OFICIAL;URBANO;FIN DE SEMANA;EDUCACIÓN BÁSICA PRIMARIA;3277066;FIJO
176001007115;CENTRO EDUCATIVO CENT DOC N. 105 EL DIAMANTE;;CRA31 # 41- 00;S;176001007115;-76,501274281;3,419700733;ACTIVA;76;VALLE DEL CAUCA;76001;CALI;B;OFICIAL;OFICIAL;URBANO;COMPLETA;EDUCACIÓN MEDIA;4260678;FIJO
176001013026;CENTRO EDUCATIVO CENT DOC N. 123 JUAN PABLO II;;CRA 33 # 42C-09 BRR/EL VERGEL;N;176001007115;-76,501020113;3,417511169;ACTIVA;76;VALLE DEL CAUCA;76001;CALI;B;OFICIAL;OFICIAL;URBANO;COMPLETA;EDUCACIÓN BÁSICA SECUNDARIA;4376986;FIJO
176001800061;SEDE SEÑOR DE LOS MILAGROS;;CARRERA 36 #51 A - 02 B/EL RETIRO;N;176001007115;-76,497557;3,410406;ACTIVA;76;VALLE DEL CAUCA;76001;CALI;A;OFICIAL;OFICIAL;URBANO;MAÑANA;EDUCACIÓN BÁSICA SECUNDARIA;4269322;FIJO
176001004060;SEDE LIZANDRO FRANKY;JBORRERO@VALLEDELCAUCA.GOV.CO;CLL 46 CRA 40 ESQ BRR/ANTONIO NARIÃƒÂ¿;N;176001007131;-76,504160465;3,4111206916;ACTIVA;76;VALLE DEL CAUCA;76001;CALI;A;OFICIAL;OFICIAL;URBANO;UNICA;EDUCACIÓN MEDIA;3187963172;CELULAR
176001006496;SEDE POLICARPA SALAVARRIETA;JBORRERO@VALLEDELCAUCA.GOV.CO;CLL 44 CRA 40 ESQ BRR/ANTONIO NARIÃƒÂ¿;N;176001007131;-76,5056514254;3,4127117678;ACTIVA;76;VALLE DEL CAUCA;76001;CALI;A;OFICIAL;OFICIAL;URBANO;UNICA;EDUCACIÓN BÁSICA SECUNDARIA;3187963172;CELULAR
176001007131;INSTITUCION EDUCATIVA CARLOS HOLMES TRUJILLO;IE_HOLMESTRUJILLO@CALI.GOV.CO;VEREDA LA BALSASECTOR LAS JUNTAS FINCA SANTA TERESITA;S;176001007131;-76,5105557029;3,40615271498;ACTIVA;76;VALLE DEL CAUCA;76001;CALI;A;OFICIAL;OFICIAL;URBANO;UNICA;EDUCACIÓN MEDIA;3377970;FIJO
176001025661;SEDE CRISTO MAESTRO;JBORRERO@VALLEDELCAUCA.GOV.CO;CRA 41 F CLL 44 BRR/UNION DE VIVIE;N;176001007131;-76,5082219634;3,40930727437;ACTIVA;76;VALLE DEL CAUCA;76001;CALI;A;OFICIAL;OFICIAL;URBANO;UNICA;EDUCACIÓN BÁSICA SECUNDARIA;3187963172;CELULAR
176001003225;ESCUELA N. 126 ISABEL DE CASTILLA;;KR 33 # 15-82;N;176001007166;-76,524903817;3,423926707;ACTIVA;76;VALLE DEL CAUCA;76001;CALI;B;OFICIAL;OFICIAL;URBANO;UNICA;EDUCACIÓN BÁSICA PRIMARIA;3346260;FIJO
176001004728;ESCUELA N. 67 HONORIO VILLEGAS;;CRA 35 # 13A - 20;N;176001007166;-76,528783725;3,422165808;ACTIVA;76;VALLE DEL CAUCA;76001;CALI;B;OFICIAL;OFICIAL;URBANO;UNICA;EDUCACIÓN BÁSICA PRIMARIA;3374623;FIJO
176001007166;CORPORACION EDUC PARA LA TEC YTRABAJ JOSE MCARBONEL;JOSEMARIACARBONELL@TELESAT.COM;CLL 13 # 32 - 88;S;176001007166;-76,530384579;3,424638904;ACTIVA;76;VALLE DEL CAUCA;76001;CALI;B;OFICIAL;OFICIAL;URBANO;UNICA;EDUCACIÓN MEDIA;3261525;FIJO
176001002792;CENTRO EDUCATIVO CENT DOC JORGE E GAITAN N. 111;;CRA 2C # 71-00 BFR/JORGE ELIECER G;N;176001007875;-76,4876605125;3,48196543892;ACTIVA;76;VALLE DEL CAUCA;76001;CALI;A;OFICIAL;OFICIAL;URBANO;ESPECIAL;EDUCACIÓN MEDIA;4428886;FIJO
176001003993;CENTRO EDUCATIVO CENT DOC N. 71 ATANASIO GIRARDOT;;CL 70C CR 1A3-00;N;176001007875;-76,4879323717;3,48174821451;ACTIVA;76;VALLE DEL CAUCA;76001;CALI;B;OFICIAL;OFICIAL;URBANO;ESPECIAL;EDUCACIÓN BÁSICA PRIMARIA;4404968;FIJO
176001006461;CENTRO EDUCATIVO CENT DOC N. 66 SAN LUIS;;CLL 72 # 1B - 3 BRR/SAN LUIS;N;176001007875;-76,4876163774;3,48192178364;ACTIVA;76;VALLE DEL CAUCA;76001;CALI;B;OFICIAL;OFICIAL;URBANO;ESPECIAL;EDUCACIÓN MEDIA;4408654;FIJO
176001007875;INSTITUCION EDUCATIVA TECNICO INDUSTRIAL PEDRO ANTONIO MOLINA;ITIPAN2002@HOTMAIL.COM;CRA 1 A 10 #71-00 BRR/SAN LUIS;S;176001007875;-76,487209668;3,482421986;ACTIVA;76;VALLE DEL CAUCA;76001;CALI;A;OFICIAL;OFICIAL;URBANO;UNICA;EDUCACIÓN MEDIA;4409922;FIJO
176001012089;ESCUELA LOS VENCEDORES N. 119;;CR 1A 4 # 72D-19;N;176001007875;-76,487698529;3,488744243;ACTIVA;76;VALLE DEL CAUCA;76001;CALI;B;OFICIAL;OFICIAL;URBANO;ESPECIAL;EDUCACIÓN MEDIA;4409924;FIJO
176001012216;ESCUELA N. 121 TRES DE JULIO;;CLL 70C CRA 1 F BRR/ LA RIVERA I;N;176001007875;-76,4880478043;3,48168267752;ACTIVA;76;VALLE DEL CAUCA;76001;CALI;B;OFICIAL;OFICIAL;URBANO;ESPECIAL;EDUCACIÓN BÁSICA PRIMARIA;4331059;FIJO
176001015941;CENTRO EDUCATIVO CENT DOC SAN JORGE;;CRA 1 # 74-23;N;176001007875;-76,482488565;3,479977997;ACTIVA;76;VALLE DEL CAUCA;76001;CALI;B;OFICIAL;OFICIAL;URBANO;ESPECIAL;EDUCACIÓN MEDIA;4402626;FIJO
176001015991;CENTRO EDUCATIVO CENT DOC N. 30 INMACULADA CONCEPCION;;CLL 73A # 1A-14-21 BRR/PETECUY II;N;176001007875;-76,484372345;3,480973143;ACTIVA;76;VALLE DEL CAUCA;76001;CALI;B;OFICIAL;OFICIAL;URBANO;ESPECIAL;EDUCACIÓN BÁSICA SECUNDARIA;4329054;FIJO
176001004612;SEDE SANTA HELENA;JBORRERO@VALLEDELCAUCA.GOV.CO;CL 23 # 32A -79;N;176001008642;-76,521284649;3,42450722;ACTIVA;76;VALLE DEL CAUCA;76001;CALI;A;OFICIAL;OFICIAL;URBANO;UNICA;EDUCACIÓN MEDIA;3187963172;CELULAR
176001005015;SEDE REPUBLICA DE COSTA RICA;JBORRERO@VALLEDELCAUCA.GOV.CO;CLL 14 C # 41A-05 BRR/ EL GUABAL;N;176001008642;-76,5275183176;3,41473401904;ACTIVA;76;VALLE DEL CAUCA;76001;CALI;A;OFICIAL;OFICIAL;URBANO;UNICA;EDUCACIÓN MEDIA;3187963172;CELULAR
176001008642;INSTITUCION EDUCATIVA CARLOS HOLGUIN LLOREDA;JBORRERO@VALLEDELCAUCA.GOV.CO;CRA 40 # 18-85 BRR/EL GUABAL;S;176001008642;-76,522707724;3,418524891;ACTIVA;76;VALLE DEL CAUCA;76001;CALI;A;OFICIAL;OFICIAL;URBANO;UNICA;EDUCACIÓN MEDIA;3187963172;CELULAR
176001008995;JARDIN INFANTIL NACIONAL 2;JBORRERO@VALLEDELCAUCA.GOV.CO;CRA 42A # 14B-15 BRR/ EL GUABAL;N;176001008642;-76,52657743;3,414528293;ACTIVA;76;VALLE DEL CAUCA;76001;CALI;A;OFICIAL;OFICIAL;URBANO;UNICA;EDUCACIÓN BÁSICA PRIMARIA;3187963172;CELULAR
176001004426;SEDE MARICE SINISTERRA;JBORRERO@VALLEDELCAUCA.GOV.CO;CLL 30 BIS OESTE #4A-00;N;176001008669;-76,5763797058;3,45255758223;ACTIVA;76;VALLE DEL CAUCA;76001;CALI;A;OFICIAL;OFICIAL;URBANO;UNICA;EDUCACIÓN MEDIA;3187963172;CELULAR
176001004507;SEDE ULPIANO LLOREDA;JBORRERO@VALLEDELCAUCA.GOV.CO;AV 4 B OESTE CL 25-08;N;176001008669;-76,568929005;3,452693726;ACTIVA;76;VALLE DEL CAUCA;76001;CALI;A;OFICIAL;OFICIAL;URBANO;UNICA;EDUCACIÓN BÁSICA PRIMARIA;3187963172;CELULAR
176001005066;SEDE JOSE ACEVEDO Y GOMEZ;JBORRERO@VALLEDELCAUCA.GOV.CO;AVE OESTE # 30-164;N;176001008669;-76,5773603331;3,45436851859;ACTIVA;76;VALLE DEL CAUCA;76001;CALI;A;OFICIAL;OFICIAL;URBANO;UNICA;EDUCACIÓN MEDIA;3187963172;CELULAR
176001008669;INSTITUCION EDUCATIVA JOSE HOLGUIN GARCES;JBORRERO@VALLEDELCAUCA.GOV.CO;AV 4A # 23-108;S;176001008669;-76,5673839591;3,45221303032;ACTIVA;76;VALLE DEL CAUCA;76001;CALI;A;OFICIAL;OFICIAL;URBANO;UNICA;EDUCACIÓN MEDIA;3187963172;CELULAR
376001020501;SEDE VILLA DEL MAR;JBORRERO@VALLEDELCAUCA.GOV.CO;AV 8 OESTE # 30C-40 VILLA DEL MAR;N;176001008669;-76,577356692;3,45561283257;ACTIVA;76;VALLE DEL CAUCA;76001;CALI;A;ORGANIZACIÓN CON FINES DE LUCRO;NO OFICIAL;URBANO;UNICA;EDUCACIÓN BÁSICA PRIMARIA;3187963172;CELULAR
176001004043;SEDE CARLOS HOLGUIN SARDI;JBORRERO@VALLEDELCAUCA.GOV.CO;KR 7D BIS 64 00 BRR SAN MARINO;N;176001008723;-76,5764925891;3,3990437228;ACTIVA;76;VALLE DEL CAUCA;76001;CALI;A;OFICIAL;OFICIAL;URBANO;UNICA;EDUCACIÓN BÁSICA PRIMARIA;3187963172;CELULAR
176001007093;SEDE LOS PINOS;JBORRERO@VALLEDELCAUCA.GOV.CO;KR 7M BIS 69 26 BRR LOS PINOS;N;176001008723;-76,4886115165;3,45725461248;ACTIVA;76;VALLE DEL CAUCA;76001;CALI;A;OFICIAL;OFICIAL;URBANO;UNICA;EDUCACIÓN BÁSICA PRIMARIA;3187963172;CELULAR
176001008723;INSTITUCION ETNOEDUCATIVA MANUEL MARIA MALLARINO;IEMANUELMARIAMALLARINO@CALI.EDU.CO;CALLE 63 CARRERA 7 L BIS # 63-10,;S;176001008723;-76,487277846;3,457362626;ACTIVA;76;VALLE DEL CAUCA;76001;CALI;A;OFICIAL;OFICIAL;URBANO;UNICA;EDUCACIÓN MEDIA;6630083;FIJO
176001038070;SEDE LAURA VICUÑA;JBORRERO@VALLEDELCAUCA.GOV.CO;CRA 7L #63-00 BRR/LAS CEIBAS;N;176001008723;-76,4886297051;3,45733818599;ACTIVA;76;VALLE DEL CAUCA;76001;CALI;A;OFICIAL;OFICIAL;URBANO;UNICA;EDUCACIÓN BÁSICA PRIMARIA;3187963172;CELULAR
176001007638;SEDE CECILIA CABALLERO DE LOPEZ;JBORRERO@VALLEDELCAUCA.GOV.CO;AV 5 O 34 100;N;176001008766;-76,58379955;3,45830467;ACTIVA;76;VALLE DEL CAUCA;76001;CALI;A;OFICIAL;OFICIAL;URBANO;MAÑANA;EDUCACIÓN MEDIA;3187963172;CELULAR
176001008766;INSTITUCION EDUCATIVA LUIS FERNANDO CAICEDO;JBORRERO@VALLEDELCAUCA.GOV.CO;AV 5 O 47 04 O BRR VISTA HERMOSA;S;176001008766;-76,5764925891;3,3990437228;ACTIVA;76;VALLE DEL CAUCA;76001;CALI;A;OFICIAL;OFICIAL;URBANO;MAÑANA;EDUCACIÓN MEDIA;3187963172;CELULAR
176001003021;UNIDAD EDUC LA INDEPENDENCIA;;CRA 39 # 26C-30 BRR/LA INDEPENDEN;N;176001008791;-76,518426849;3,418509442;ACTIVA;76;VALLE DEL CAUCA;76001;CALI;B;OFICIAL;OFICIAL;URBANO;UNICA;EDUCACIÓN MEDIA;3262241;FIJO
176001003039;CENTRO EDUCATIVO CENT DOC STO DOMINGO SAVIO;;CRA 29A # 26B-64;N;176001008791;-76,517775558;3,428029013;ACTIVA;76;VALLE DEL CAUCA;76001;CALI;B;OFICIAL;OFICIAL;URBANO;UNICA;EDUCACIÓN BÁSICA PRIMARIA;3355548;FIJO
176001008791;INSTITUCION POLITEC MPAL SECC BOYACA;;CRA 33 CLL 26 ESQ. BRR/BOYACA;S;176001008791;-76,5199362669;3,42397390497;ACTIVA;76;VALLE DEL CAUCA;76001;CALI;B;OFICIAL;OFICIAL;URBANO;UNICA;EDUCACIÓN MEDIA;3352730;FIJO
176001009045;SEDE PRIMAVERA;JBORRERO@VALLEDELCAUCA.GOV.CO;KR 35 34C 21;N;176001009045;-76,5764925891;3,3990437228;ACTIVA;76;VALLE DEL CAUCA;76001;CALI;A;OFICIAL;OFICIAL;URBANO;UNICA;EDUCACIÓN MEDIA;3187963172;CELULAR
176001004850;CENTRO EDUCATIVO CENT DOC N. 17 EDUARDO RIASCOS GRUESO;;CRA 93 # 2A - 00;N;176001011163;-76,551123276;3,376821346;ACTIVA;76;VALLE DEL CAUCA;76001;CALI;B;OFICIAL;OFICIAL;URBANO;MAÑANA;EDUCACIÓN BÁSICA PRIMARIA;3331918;FIJO
176001005074;CENTRO EDUCATIVO CENT DOC N. 25 LUIS EDUARDO NIETO CABALLERO;;CRA 92 # 4-119 BRR/MELENDEZ;N;176001011163;-76,545704698;3,377239894;ACTIVA;76;VALLE DEL CAUCA;76001;CALI;B;OFICIAL;OFICIAL;URBANO;MAÑANA;EDUCACIÓN BÁSICA PRIMARIA;3324786;FIJO
176001005082;CENTRO EDUCATIVO CENT DOC N.32 RUFINO JOSE CUERVO;;CLL 4 # 92-05;N;176001011163;-76,5473428062;3,37730897104;ACTIVA;76;VALLE DEL CAUCA;76001;CALI;B;OFICIAL;OFICIAL;URBANO;MAÑANA;EDUCACIÓN BÁSICA PRIMARIA;3325710;FIJO
176001011163;COLEGIO ALVARO ECHEVERRY PEREA;ALVACOL@HOTMAIL.COM;CLL 4A # 92-04 B/MELENDEZ;S;176001011163;-76,5472534797;3,3772767056;ACTIVA;76;VALLE DEL CAUCA;76001;CALI;B;OFICIAL;OFICIAL;URBANO;MAÑANA;EDUCACIÓN MEDIA;3328642;FIJO
176001004515;ESCUELA PILOTON. 516 PORTETE DE TARQUI;;CL 1 OESTE CR 73-00;N;176001012101;-76,5574708054;3,39068551498;ACTIVA;76;VALLE DEL CAUCA;76001;CALI;B;OFICIAL;OFICIAL;URBANO;MAÑANA;EDUCACIÓN MEDIA;3231730;FIJO
176001011724;CENTRO EDUCATIVO CENT DOC N. 37 ALVARO ESCOBAR NAVIA;;CRA 73D # 1B-65;N;176001012101;-76,554558747;3,390722129;ACTIVA;76;VALLE DEL CAUCA;76001;CALI;B;OFICIAL;OFICIAL;URBANO;MAÑANA;EDUCACIÓN MEDIA;3232143;FIJO
176001012101;CENTRO EDUCATIVO CENT DOC N.23 JUAN PABLO II;;CLL 1A # 78-23;S;176001012101;-76,5558421765;3,38663203888;ACTIVA;76;VALLE DEL CAUCA;76001;CALI;B;OFICIAL;OFICIAL;URBANO;MAÑANA;EDUCACIÓN MEDIA;3235783;FIJO
176001022572;CENTRO EDUCATIVO TEMPLO DEL SABER;;CLL 2C OESTE #75-10 BRR/LOS CHORROS;N;176001012101;-76,560498268;3,388010797;ACTIVA;76;VALLE DEL CAUCA;76001;CALI;B;OFICIAL;OFICIAL;URBANO;MAÑANA;EDUCACIÓN MEDIA;3233551;FIJO
176001013301;INSTITUCION COLOMBIANO DE BALLET CLASICO;INCOLBALLET@TELESAT.COM.CO;KM 4 VIA A JAMUNDI CALLEJON PIO XII;S;176001013301;-76,515373;3,351353;ACTIVA;76;VALLE DEL CAUCA;76001;CALI;B;OFICIAL;OFICIAL;URBANO;UNICA;EDUCACIÓN MEDIA;5553130;FIJO
176001021461;CENTRO EDUCATIVO CENT DOC N. 53 CAÑAS GORDAS;;CRA 102 # 21-81;N;176001013301;-76,527191191;3,363618035;ACTIVA;76;VALLE DEL CAUCA;76001;CALI;B;OFICIAL;OFICIAL;URBANO;UNICA;EDUCACIÓN BÁSICA PRIMARIA;3129031;FIJO
176001004442;CENTRO EDUCATIVO CENT DOC N. 11 JUAN F KENNEDY;;CR 68 # 3-83 BRR/CALDAS;N;176001013310;-76,549193913;3,39492408;ACTIVA;76;VALLE DEL CAUCA;76001;CALI;B;OFICIAL;OFICIAL;URBANO;UNICA;EDUCACIÓN MEDIA;3390161;FIJO
176001004469;CENTRO EDUCATIVO CENT DOC N. 12 GENERAL SANTANDER;;CLL 5 # 70-160;N;176001013310;-76,546182775;3,392726049;ACTIVA;76;VALLE DEL CAUCA;76001;CALI;B;OFICIAL;OFICIAL;URBANO;UNICA;EDUCACIÓN BÁSICA PRIMARIA;3311313;FIJO
176001004868;CENTRO EDUCATIVO CENT DOC N. 20 CELIMO RUEDA;;CR 73 # 3-94;N;176001013310;-76,548342669;3,391375833;ACTIVA;76;VALLE DEL CAUCA;76001;CALI;B;OFICIAL;OFICIAL;URBANO;UNICA;EDUCACIÓN BÁSICA PRIMARIA;3309595;FIJO
176001012844;CENTRO EDUCATIVO CENT URB N. 70 VEINTICINCO DE JULIO;;CLL 6A # 59A-51;N;176001013310;-76,545173734;3,405608252;ACTIVA;76;VALLE DEL CAUCA;76001;CALI;B;OFICIAL;OFICIAL;URBANO;UNICA;EDUCACIÓN BÁSICA PRIMARIA;5526407;FIJO
176001013310;INSTITUCION POLITEC MPAL DE CALI;POLITECNICO@EMCALI.NET.CO;CRA 62 # 2-28 BRR/PUENTE PALMA;S;176001013310;-76,5525874376;3,40354254169;ACTIVA;76;VALLE DEL CAUCA;76001;CALI;B;OFICIAL;OFICIAL;URBANO;UNICA;EDUCACIÓN MEDIA;5523681;FIJO
176001042417;CENTRO EDUCATIVO BUENOS AIRES;;KR 73 N 3 - 94;N;176001013310;-76,548342669;3,391375833;ACTIVA;76;VALLE DEL CAUCA;76001;CALI;B;OFICIAL;OFICIAL;URBANO;UNICA;EDUCACIÓN MEDIA;3309595;FIJO
176001004574;CENTRO EDUCATIVO CENT DOC N. 38 MONS LUIS ADRIANO DIAZ;;CR 94C # 2-111 ALTO MELENDEZ;N;176001014138;-76,552187939;3,374393179;ACTIVA;76;VALLE DEL CAUCA;76001;CALI;B;OFICIAL;OFICIAL;URBANO;UNICA;EDUCACIÓN BÁSICA SECUNDARIA;3325191;FIJO
176001005023;ESCUELA MAGDALENA ORTEGA DE NARIÑO;;CLL 4 OESTE # 94A-56;N;176001014138;-76,5590750373;3,37482422058;ACTIVA;76;VALLE DEL CAUCA;76001;CALI;B;OFICIAL;OFICIAL;URBANO;UNICA;EDUCACIÓN MEDIA;3326804;FIJO
176001014138;INSTITUCION EDUCATIVA LA ESPERANZA;;CR 94 #1A-71 OESTE ALTO JORDAN;N;176001014138;-76,555383746;3,375040397;ACTIVA;76;VALLE DEL CAUCA;76001;CALI;B;OFICIAL;OFICIAL;URBANO;UNICA;EDUCACIÓN MEDIA;3332019;FIJO
176001800036;ESCUELA MINUTO DE DIOS;;CARRERA 93 #3-00;N;176001014138;-76,548698501;3,375388124;ACTIVA;76;VALLE DEL CAUCA;76001;CALI;A;OFICIAL;OFICIAL;URBANO;MAÑANA;EDUCACIÓN BÁSICA PRIMARIA;3332010;FIJO
176001014359;CENTRO EDUCATIVO CENT DOC N.125 LA ANUNCIACION;LAANUNCIACION@HOTMAIL.COM;CRA 26 A# 74-00;S;176001014359;-76,479795477;3,439452967;ACTIVA;76;VALLE DEL CAUCA;76001;CALI;B;OFICIAL;OFICIAL;URBANO;COMPLETA;EDUCACIÓN MEDIA;4226090;FIJO
176001028040;CENTRO EDUCATIVO CENT DOC LOS NARANJOS;;CRA 26 G-3 CLL 78 BRR/LOS NARANJOS;N;176001014359;-76,481058737;3,43368671;ACTIVA;76;VALLE DEL CAUCA;76001;CALI;B;OFICIAL;OFICIAL;URBANO;COMPLETA;EDUCACIÓN MEDIA;4225399;FIJO
176001030117;CENTRO EDUCATIVO CENT DOC PUERTA DEL SOL;CDPUERTADELSOL@YAHOO.COM;CLL 84 # 26C-04;N;176001014359;-76,475682273;3,431159626;ACTIVA;76;VALLE DEL CAUCA;76001;CALI;B;OFICIAL;OFICIAL;URBANO;COMPLETA;EDUCACIÓN MEDIA;4238701;FIJO
176001015959;CENTRO EDUCATIVO CENT DOC N. 131 ENRIQUE OLAYA HERRERA;;CLL 51 # 40A -08 BRR/EL VALLADO;N;176001015975;-76,5152405056;3,3975657316;ACTIVA;76;VALLE DEL CAUCA;76001;CALI;B;OFICIAL;OFICIAL;URBANO;UNICA;EDUCACIÓN MEDIA;3384202;FIJO
176001015975;CENTRO EDUCATIVO CENT DOC N. 168 CIUDAD CORDOBA;;CLL 50 # 50-00;S;176001015975;-76,5140175151;3,39617368613;ACTIVA;76;VALLE DEL CAUCA;76001;CALI;B;OFICIAL;OFICIAL;URBANO;UNICA;EDUCACIÓN MEDIA;3384701;FIJO
176001015983;CENTRO EDUCATIVO CENT DOC N. 129 JOSE RAMON BEJARANO;;CRA 32 A # 49-00;N;176001016491;-76,4956262264;3,41413620685;ACTIVA;76;VALLE DEL CAUCA;76001;CALI;B;OFICIAL;OFICIAL;URBANO;MAÑANA;EDUCACIÓN MEDIA;4364394;FIJO
176001016491;CENTRO EDUCATIVO CENT DOC LA PRESENTACION;;CRA 29B # 54-00 BRR/COMUNEROS I;S;176001016491;-76,493220756;3,4123144133;ACTIVA;76;VALLE DEL CAUCA;76001;CALI;B;OFICIAL;OFICIAL;URBANO;MAÑANA;EDUCACIÓN MEDIA;4360011;FIJO
376001017438;CENTRO EDUCATIVO CENT DOC N. 167 ALFONSO BONILLA NAAR;;CLL 56 # 33-11 B/ COMUNEROS I;N;176001016491;-76,493962275;3,408518532;ACTIVA;76;VALLE DEL CAUCA;76001;CALI;B;ORGANIZACIÓN CON FINES DE LUCRO;NO OFICIAL;URBANO;MAÑANA;EDUCACIÓN MEDIA;4267044;FIJO
176001005031;CENTRO EDUCATIVO CENT DOC DAMASO ZAPATA N. 29;;CLL 92 # 28C - 12 BRR/TAYRONA;N;176001017374;-76,483684877;3,415850494;ACTIVA;76;VALLE DEL CAUCA;76001;CALI;B;OFICIAL;OFICIAL;URBANO;MAÑANA;EDUCACIÓN BÁSICA PRIMARIA;4263451;FIJO
176001017374;CENTRO EDUCATIVO CENT DOC N. 126 GABRIELA MISTRAL;;CLL 95 CRA 27D BRR/ALFONSO BONILL;S;176001017374;-76,4765421346;3,41929051233;ACTIVA;76;VALLE DEL CAUCA;76001;CALI;B;OFICIAL;OFICIAL;URBANO;MAÑANA;EDUCACIÓN MEDIA;4226871;FIJO
176001022441;CENTRO EDUCATIVO CENT DOC ISAIAS HERNAN IBARRA;;CRA 27 F CLL 112 Y114;N;176001017374;-76,4807655614;3,41569178298;ACTIVA;76;VALLE DEL CAUCA;76001;CALI;B;OFICIAL;OFICIAL;URBANO;MAÑANA;EDUCACIÓN MEDIA;4046838;FIJO
176001025849;CENTRO DOCENTE ELIAS SALAZAR GARCIA;;CLL 108 CR 26H1;N;176001017374;-76,48035085;3,41745880652;ACTIVA;76;VALLE DEL CAUCA;76001;CALI;B;OFICIAL;OFICIAL;URBANO;MAÑANA;EDUCACIÓN MEDIA;4053780;FIJO
176001012798;CENTRO EDUCATIVO CENT DOC N. 120 MARIANO OSPINA PEREZ;;CRA 2 CLL 67-00;N;176001020065;-76,488922789;3,47190811;ACTIVA;76;VALLE DEL CAUCA;76001;CALI;B;OFICIAL;OFICIAL;URBANO;UNICA;EDUCACIÓN BÁSICA PRIMARIA;4467997;FIJO
176001020065;CENTRO EDUCATIVO CENT DOC N. 133 CELMIRA BUENO DE OREJUELA;CBOL133@HOTMAIL.COM;CLL 62 B #1A 9-250;S;176001020065;-76,492344883;3,477785074;ACTIVA;76;VALLE DEL CAUCA;76001;CALI;B;OFICIAL;OFICIAL;URBANO;UNICA;EDUCACIÓN MEDIA;4470928;FIJO
176001003373;CENTRO EDUCATIVO CENT DOC N. 137 FCO MONTES IDROBO;;CLL 12 # 46-40;N;176001020359;-76,535801893;3,413400715;ACTIVA;76;VALLE DEL CAUCA;76001;CALI;B;OFICIAL;OFICIAL;URBANO;MAÑANA;EDUCACIÓN BÁSICA PRIMARIA;5535776;FIJO
176001004761;CENTRO EDUCATIVO CENT DOC PANAMERICANO;;CRA 48A # 12A -48;N;176001020359;-76,5348576596;3,41112354999;ACTIVA;76;VALLE DEL CAUCA;76001;CALI;B;OFICIAL;OFICIAL;URBANO;MAÑANA;EDUCACIÓN BÁSICA PRIMARIA;3348024;FIJO
176001020359;INSTITUCION DOC TECNOLOG RAFAEL NAVIA VARON;;CLL 11 NO 46-45 BR/ DEPARTAMENTAL;S;176001020359;-76,5360112965;3,41377445561;ACTIVA;76;VALLE DEL CAUCA;76001;CALI;B;OFICIAL;OFICIAL;URBANO;MAÑANA;EDUCACIÓN MEDIA;5547094;FIJO
176001008677;SEDE CHARCO AZUL;JBORRERO@VALLEDELCAUCA.GOV.CO;DG 70B 1 #22B-01;N;176001020693;-76,485797591;3,4409488;ACTIVA;76;VALLE DEL CAUCA;76001;CALI;A;OFICIAL;OFICIAL;URBANO;UNICA;EDUCACIÓN MEDIA;3187963172;CELULAR
176001020693;INSTITUCION EDUCATIVA HUMBERTO JORDAN MAZUERA;JBORRERO@VALLEDELCAUCA.GOV.CO;CARRERA 26 I NO. 72H2 - 25, B/RICARDO BALCÃƒÂZAR;S;176001020693;-76,4920127226;3,43457998288;ACTIVA;76;VALLE DEL CAUCA;76001;CALI;A;OFICIAL;OFICIAL;URBANO;UNICA;EDUCACIÓN MEDIA;3187963172;CELULAR
176001025962;SEDE VILLABLANCA;JBORRERO@VALLEDELCAUCA.GOV.CO;DG 72 #28A-05 E;N;176001020693;-76,4922348213;3,43422148238;ACTIVA;76;VALLE DEL CAUCA;76001;CALI;A;OFICIAL;OFICIAL;URBANO;UNICA;EDUCACIÓN MEDIA;3187963172;CELULAR
376001017608;SEDE MIGUEL CAMACHO PEREA;JBORRERO@VALLEDELCAUCA.GOV.CO;CRA 28A # 72F-09;N;176001020693;-76,493700059;3,427786579;ACTIVA;76;VALLE DEL CAUCA;76001;CALI;A;ORGANIZACIÓN CON FINES DE LUCRO;NO OFICIAL;URBANO;UNICA;EDUCACIÓN MEDIA;3187963172;CELULAR
176001002938;CENTRO EDUCATIVO CENT DOC N. 17 GRAL ALFREDO VASQUEZ COBO;;DG 23 # T25-25;N;176001022289;-76,5138926029;3,43477817639;ACTIVA;76;VALLE DEL CAUCA;76001;CALI;B;OFICIAL;OFICIAL;URBANO;UNICA;EDUCACIÓN MEDIA;4412402;FIJO
176001003934;CENTRO EDUCATIVO CENT DOC EL RECUERDO;CIDECA_CALI@HOTMAIL.COM;CR 26 # 29-25;N;176001022289;-76,514568948;3,43078741;ACTIVA;76;VALLE DEL CAUCA;76001;CALI;B;OFICIAL;OFICIAL;URBANO;UNICA;EDUCACIÓN BÁSICA PRIMARIA;3374312;FIJO
176001002741;CENTRO EDUCATIVO CENT DOC N. 87 RAFAEL URIBE URIBE;;CRA 12 # 38-64 BRR/LAS AMERICAS;N;176001022360;-76,507598839;3,446811314;ACTIVA;76;VALLE DEL CAUCA;76001;CALI;B;OFICIAL;OFICIAL;URBANO;ESPECIAL;EDUCACIÓN MEDIA;4411791;FIJO
176001002750;CENTRO EDUCATIVO CENT DOC N. 86 NTRA SRA DEL LORETO;;CLL 39 CRA 8;N;176001022360;-76,5068725993;3,44723866405;ACTIVA;76;VALLE DEL CAUCA;76001;CALI;B;OFICIAL;OFICIAL;URBANO;ESPECIAL;EDUCACIÓN BÁSICA PRIMARIA;4458815;FIJO
176001003969;CENTRO EDUCATIVO CENT DOC N. 76 GABRIEL MONTAÑO T;;KR 11 # 38-60;N;176001022360;-76,507371579;3,450321094;ACTIVA;76;VALLE DEL CAUCA;76001;CALI;B;OFICIAL;OFICIAL;URBANO;ESPECIAL;EDUCACIÓN MEDIA;4415263;FIJO
176001022360;INSTITUCION TECN NAL DE CIO SIMON RODRIGUEZ;;KR 12 # 38-58;S;176001022360;-76,507598839;3,446811314;ACTIVA;76;VALLE DEL CAUCA;76001;CALI;B;OFICIAL;OFICIAL;URBANO;ESPECIAL;EDUCACIÓN MEDIA;4411728;FIJO
176001043987;ATANASIO GIRARDOT;;KR 11 B # 35 - 00;N;176001022360;-76,509397583;3,449519818;ACTIVA;76;VALLE DEL CAUCA;76001;CALI;A;OFICIAL;OFICIAL;URBANO;NOCTURNA;EDUCACIÓN BÁSICA SECUNDARIA;;
176001024273;INSTITUCION EDUCATIVA JESUS VILLAFANE FRANCO;;CLL 72 P TR 72 S BRR/MARROQUIN II;S;176001024273;-76,4874185747;3,43261378699;ACTIVA;76;VALLE DEL CAUCA;76001;CALI;B;OFICIAL;OFICIAL;URBANO;ESPECIAL;EDUCACIÓN MEDIA;4260899;FIJO
376001023667;CENTRO EDUCATIVO CENT DOC OMAIRA SANCHEZ N. 251;;TR 72 W # 72O-08 BRR/RODRIGO LARA;N;176001024273;-76,4873705577;3,43273033411;ACTIVA;76;VALLE DEL CAUCA;76001;CALI;B;ORGANIZACIÓN CON FINES DE LUCRO;NO OFICIAL;URBANO;ESPECIAL;EDUCACIÓN MEDIA;4266898;FIJO
176001020383;CENTRO EDUCATIVO CENT DOC JOSE CARDONA HOYOS;;CLL 72 N #28-130 BRR/COMUNEROS II;N;176001025946;-76,4923988836;3,42535794314;ACTIVA;76;VALLE DEL CAUCA;76001;CALI;B;OFICIAL;OFICIAL;URBANO;MAÑANA;EDUCACIÓN MEDIA;4374631;FIJO
176001025946;CENTRO EDUCATIVO CENT DOC N.127 STA ROSA;;CLL 72X # 28-3-35 BRR/POBLADO II;S;176001025946;-76,487980598;3,422499144;ACTIVA;76;VALLE DEL CAUCA;76001;CALI;B;OFICIAL;OFICIAL;URBANO;MAÑANA;EDUCACIÓN MEDIA;4376659;FIJO
176001022416;CENTRO EDUCATIVO CENT DOC RAUL SILVA HOLGUIN;;DG 26KT # 83 - 24;N;176001027001;-76,4809547541;3,42813615585;ACTIVA;76;VALLE DEL CAUCA;76001;CALI;A;OFICIAL;OFICIAL;URBANO;MAÑANA;EDUCACIÓN MEDIA;4483633;FIJO
176001023811;CENTRO EDUCATIVO CENT DOC ALFONSO REYES ECHANDIA;;DIAG 26P16 # 105-04;N;176001027001;-76,4813450337;3,42836771455;ACTIVA;76;VALLE DEL CAUCA;76001;CALI;B;OFICIAL;OFICIAL;URBANO;MAÑANA;EDUCACIÓN MEDIA;4433536;FIJO
176001027001;COLEGIO MONS RAMON ARCILA;COLMORA@HOTMAIL.COM;DG 26 I 3 # TR 80A-18 BRR/MARROQUIN;S;176001027001;-76,4811831839;3,42815977029;ACTIVA;76;VALLE DEL CAUCA;76001;CALI;B;OFICIAL;OFICIAL;URBANO;MAÑANA;EDUCACIÓN MEDIA;4483128;FIJO
176001042280;CENTRO EDUCATIVO PUERTAS DEL SOL IV Y V;;CL 84 # 26C - 04;N;176001027001;-76,475682273;3,431159626;ACTIVA;76;VALLE DEL CAUCA;76001;CALI;B;OFICIAL;OFICIAL;URBANO;MAÑANA;EDUCACIÓN BÁSICA SECUNDARIA;4035485;FIJO
176001003411;CENTRO EDUCATIVO CENT DOC N. 4 MIGUEL DE POMBO;;CL 92 # 28D4 -13 BRR/MOJICA II;N;176001028872;-76,485888092;3,414414733;ACTIVA;76;VALLE DEL CAUCA;76001;CALI;B;OFICIAL;OFICIAL;URBANO;UNICA;EDUCACIÓN MEDIA;4360651;FIJO
176001028872;INSTITUCION TEC IND CARLOS HOLGUIN MALLARINO;;CRA 30A CLL 55A Y 56A;S;176001028872;-76,4922731977;3,41152430086;ACTIVA;76;VALLE DEL CAUCA;76001;CALI;A;OFICIAL;OFICIAL;URBANO;UNICA;EDUCACIÓN MEDIA;4263307;FIJO
176001030478;CENTRO EDUCATIVO CENT DOC NIÑO JESUS DE ATOCHA;;CLL 83 # 28E-05 BRR/MOJICA II;N;176001028872;-76,489355495;3,41470477;ACTIVA;76;VALLE DEL CAUCA;76001;CALI;B;OFICIAL;OFICIAL;URBANO;UNICA;EDUCACIÓN MEDIA;4262841;FIJO
176001800001;SEDE EDUCATIVA EL RETIRO;;CARRERA 37 #54A - 10;N;176001028872;-76,4962950395;3,40875968727;ACTIVA;76;VALLE DEL CAUCA;76001;CALI;A;OFICIAL;OFICIAL;URBANO;MAÑANA;PREESCOLAR;4262695;FIJO
176001003055;ESCUELA ALEJANDRO MANTAÑO N. 25;;CRA 41H NO. 38-44 BRR/UNION DE VIVI;N;176001028970;-76,512665721;3,412682061;ACTIVA;76;VALLE DEL CAUCA;76001;CALI;B;OFICIAL;OFICIAL;URBANO;COMPLETA;EDUCACIÓN BÁSICA PRIMARIA;3281963;FIJO
176001003403;CENTRO EDUCATIVO CENT DOC N. 5 FCO JOSE RUIZ;;CLL38 # 43- B16 BRR/REP DE ISRAEL;N;176001028970;-76,5140702913;3,40867477325;ACTIVA;76;VALLE DEL CAUCA;76001;CALI;B;OFICIAL;OFICIAL;URBANO;COMPLETA;EDUCACIÓN BÁSICA PRIMARIA;4053033;FIJO
176001004230;CENTRO EDUCATIVO CENT DOC ANTONIO NARIÑO N. 103;;CRA 40 CLL 38 ESQ.BRR/ANTONIO NARIÑ;N;176001028970;-76,5140285825;3,4085935619;ACTIVA;76;VALLE DEL CAUCA;76001;CALI;B;OFICIAL;OFICIAL;URBANO;COMPLETA;EDUCACIÓN MEDIA;3342468;FIJO
176001007298;CENTRO EDUCATIVO CENT DOC N. 88 JOSE MA CARBONELL;;CRA 39 N 39 D - 83 BRR/ANTONIO N;N;176001028970;-76,5141401797;3,40854071654;ACTIVA;76;VALLE DEL CAUCA;76001;CALI;B;OFICIAL;OFICIAL;URBANO;COMPLETA;EDUCACIÓN BÁSICA PRIMARIA;4038646;FIJO
176001028970;INSTITUCION TEC IND DONALD TAFUR G;IE_RODRIGO@CALI.GOV.CO;CRA 43B #40-11 BRR/REPUBLICA DE ISR;S;176001028970;-76,5140775245;3,40867673617;ACTIVA;76;VALLE DEL CAUCA;76001;CALI;B;OFICIAL;OFICIAL;URBANO;COMPLETA;EDUCACIÓN MEDIA;3272310;FIJO
176001002920;CENTRO EDUCATIVO CENT DOC JOSE MA VIVAS BALCAZAR;;CRA 36 # 26B-28;N;176001029411;-76,518156199;3,420702008;ACTIVA;76;VALLE DEL CAUCA;76001;CALI;B;OFICIAL;OFICIAL;URBANO;UNICA;EDUCACIÓN MEDIA;3344663;FIJO
176001003012;UNIDAD INTEG MARINO RENGIFO;;CLL 26B NO 44-11;N;176001029411;-76,518206947;3,42049940867;ACTIVA;76;VALLE DEL CAUCA;76001;CALI;B;OFICIAL;OFICIAL;URBANO;UNICA;EDUCACIÓN MEDIA;3367287;FIJO
176001005333;ESCUELA N. 60 ANTONIO RICAURTE;;CRA 46 C CLL 26B BRR/JOSE H GARCES;N;176001029411;-76,5182691993;3,42049233565;ACTIVA;76;VALLE DEL CAUCA;76001;CALI;B;OFICIAL;OFICIAL;URBANO;UNICA;EDUCACIÓN BÁSICA SECUNDARIA;3267965;FIJO
176001029411;CENTRO EDUCATIVO CENT INTEG DE EDUC AGUSTIN NIETO CABALLERO;;CRA 37 # 26C-51 B/EL JARDIN;S;176001029411;-76,51857936;3,419627097;ACTIVA;76;VALLE DEL CAUCA;76001;CALI;A;OFICIAL;OFICIAL;URBANO;UNICA;EDUCACIÓN MEDIA;3367288;FIJO
176001030788;COLEGIO TEC IND CIUDADELA DESEPAZ;IETECDESEPAZ@HOTMAIL.COM;CRA 23 #120G-16 INVICALI DESEPAZ;S;176001030788;-76,4634236114;3,42714695923;ACTIVA;76;VALLE DEL CAUCA;76001;CALI;B;OFICIAL;OFICIAL;URBANO;UNICA;EDUCACIÓN MEDIA;4025265;FIJO
176001800401;PROGRESANDO JUNTOS;;KR 24F Y 25 CL 80 Y 82 BRR VALLEGRANDE;N;176001030788;-76,478918;3,31249;ACTIVA;76;VALLE DEL CAUCA;76001;CALI;A;OFICIAL;OFICIAL;URBANO;UNICA;PREESCOLAR;8879020;FIJO
176001800419;NUEVO AMANECER;;CL 123 28 D 54 BRR POTRERO GRANDE;N;176001030788;-76,471072681;3,406114951;ACTIVA;76;VALLE DEL CAUCA;76001;CALI;A;OFICIAL;OFICIAL;URBANO;UNICA;PREESCOLAR;8879020;FIJO
176001004078;ESCUELA IGNACIO RENGIFO;;CLL 41 # 5N - 23 BRR/IGNACIO RENGIF;N;176001030796;-76,513734107;3,47083343481;ACTIVA;76;VALLE DEL CAUCA;76001;CALI;B;OFICIAL;OFICIAL;URBANO;ESPECIAL;EDUCACIÓN BÁSICA PRIMARIA;4415933;FIJO
176001004116;CENTRO EDUCATIVO CENT DOC CRISTINA SERRANO DE LOURIDO;;CRA 5N #34-11;N;176001030796;-76,517091303;3,46747618183;ACTIVA;76;VALLE DEL CAUCA;76001;CALI;B;OFICIAL;OFICIAL;URBANO;ESPECIAL;EDUCACIÓN BÁSICA PRIMARIA;4487516;FIJO
176001030796;COLEGIO TEC IND VEINTE DE JULIO;IE_VEINTEDEJULIO@CALI.GOV.CO;CR 5 NORTE 33 - 01 BRR/BERLIN;S;176001030796;-76,5165319516;3,45700402001;ACTIVA;76;VALLE DEL CAUCA;76001;CALI;B;OFICIAL;OFICIAL;URBANO;ESPECIAL;EDUCACIÓN MEDIA;4437170;FIJO
176001004914;CENTRO EDUCATIVO N. 44 LUIS CARLOS ROJAS GARCES;;CRA 56 # 13F- 40;N;176001032055;-76,532399888;3,403904978;ACTIVA;76;VALLE DEL CAUCA;76001;CALI;B;OFICIAL;OFICIAL;URBANO;MAÑANA;EDUCACIÓN BÁSICA SECUNDARIA;3318530;FIJO
176001032055;INSTITUCION TEC IND COMUNA 17;IE_TICOMUNA17@CALI.GOV.CO;CRA 53 #18A-25;S;176001032055;-76,5236259683;3,40394237563;ACTIVA;76;VALLE DEL CAUCA;76001;CALI;B;OFICIAL;OFICIAL;URBANO;MAÑANA;EDUCACIÓN MEDIA;3161021;FIJO
176001012976;SEDE RODRIGO LLOREDA CAICEDO;JBORRERO@VALLEDELCAUCA.GOV.CO;KR 30 44A 21;N;176001032063;-76,5764925891;3,3990437228;ACTIVA;76;VALLE DEL CAUCA;76001;CALI;A;OFICIAL;OFICIAL;URBANO;COMPLETA;EDUCACIÓN BÁSICA PRIMARIA;3187963172;CELULAR
176001032063;INSTITUCION ETNOEDUCATIVA TECNICO INDUSTRIAL LUZ HAYDEE GUERRERO MOLINA;IELUZHAYDEE@CALI-GOV.CO;CRA 28 E2 #72J-02 BRR/LOS ROBLES;S;176001032063;-76,496130297;3,42252559;ACTIVA;76;VALLE DEL CAUCA;76001;CALI;A;OFICIAL;OFICIAL;URBANO;COMPLETA;EDUCACIÓN MEDIA;4371537;FIJO
176001003268;CENTRO EDUCATIVO CENT DOC N. 136 LUIS A ROSELES;;CRA 51B CLL 6 OESTE #25B-00;N;176001037600;-76,5611224094;3,41109946131;ACTIVA;76;VALLE DEL CAUCA;76001;CALI;B;OFICIAL;OFICIAL;URBANO;UNICA;EDUCACIÓN BÁSICA PRIMARIA;5546003;FIJO
176001004493;CENTRO EDUCATIVO CENT DOC N. 14 REP DE PANAMA;;DG 48 # 12-06 OESTE;N;176001037600;-76,5630078966;3,41488558128;ACTIVA;76;VALLE DEL CAUCA;76001;CALI;B;OFICIAL;OFICIAL;URBANO;UNICA;EDUCACIÓN MEDIA;5513718;FIJO
176001004981;CENTRO EDUCATIVO CENT DOC N. 22 JORGE E GONZALEZ RUBIO;;CLL 8 OESTE # 52 - 16;N;176001037600;-76,559742092;3,416521367;ACTIVA;76;VALLE DEL CAUCA;76001;CALI;B;OFICIAL;OFICIAL;URBANO;UNICA;EDUCACIÓN MEDIA;5525068;FIJO
176001037600;INSTITUCION EDUCATIVA TECNICO INDUSTRIAL MULTIPROPOSITO;;CRA 56 OESTE #7-190;S;176001037600;-76,560262451;3,412285164;ACTIVA;76;VALLE DEL CAUCA;76001;CALI;B;OFICIAL;OFICIAL;URBANO;UNICA;EDUCACIÓN MEDIA;5135949;FIJO
276001005877;CENTRO EDUCATIVO N. 109 STA LUISA;;VDA LA SIRENA;N;176001037600;-76,574986;3,408131;ACTIVA;76;VALLE DEL CAUCA;76001;CALI;B;OFICIAL;OFICIAL;RURAL;UNICA;EDUCACIÓN MEDIA;5532637;FIJO
176001003322;ESCUELA N. 47 MANUELA BELTRAN;;KR 2 A # 34-23 BRR/SANTANDER;N;176001040079;-76,515635635;3,467488242;ACTIVA;76;VALLE DEL CAUCA;76001;CALI;B;OFICIAL;OFICIAL;URBANO;UNICA;EDUCACIÓN BÁSICA SECUNDARIA;4411544;FIJO
176001004124;UNIDAD DOC N.67 ADAN CORDOVEZ CORDOBA;;CRA 5A # 34 - 31 BRR/PORVENIR;N;176001040079;-76,5172222222;3,46666666667;ACTIVA;76;VALLE DEL CAUCA;76001;CALI;B;OFICIAL;OFICIAL;URBANO;ESPECIAL;EDUCACIÓN MEDIA;6803827;FIJO
176001004132;UNIDAD DOC SANTO TOMAS DE AQUINO;;CRA 32 #2N-11 BRR/BERLING;N;176001040079;-76,5172222222;3,46666666667;ACTIVA;76;VALLE DEL CAUCA;76001;CALI;B;OFICIAL;OFICIAL;URBANO;UNICA;EDUCACIÓN MEDIA;4412310;FIJO
176001006453;CENTRO EDUCATIVO CENT DOC JORGE ISAACS;;CLL 30 # 5-88 BRR/JORGE ISSACS;N;176001040079;-76,516646449;3,457088049;ACTIVA;76;VALLE DEL CAUCA;76001;CALI;B;OFICIAL;OFICIAL;URBANO;UNICA;EDUCACIÓN BÁSICA PRIMARIA;4415858;FIJO
176001040079;CASD;CASDCALI@UNIWEB.NET.CO;CL 34 # 3N-15;S;176001040079;-76,5170815718;3,46674364756;ACTIVA;76;VALLE DEL CAUCA;76001;CALI;B;OFICIAL;OFICIAL;URBANO;UNICA;EDUCACIÓN MEDIA;4489805;FIJO
176001003888;CENTRO EDUCATIVO CENT DOC LOS FARALLONES;;CRA 7 BIS CL 72 Y 73;N;176001040101;-76,4819305114;3,45818028283;ACTIVA;76;VALLE DEL CAUCA;76001;CALI;B;OFICIAL;OFICIAL;URBANO;MAÑANA;EDUCACIÓN BÁSICA SECUNDARIA;6626864;FIJO
176001003942;CENTRO EDUCATIVO CENT DOC CENTRAL PROVIVIENDA;LUZAM1@HOTMAIL.COM;CL 72A # 7C BIS -10 BRR/ALFONSO LO;N;176001040101;-76,4815502302;3,4630741829;ACTIVA;76;VALLE DEL CAUCA;76001;CALI;B;OFICIAL;OFICIAL;URBANO;MAÑANA;EDUCACIÓN MEDIA;6629983;FIJO
176001006470;CENTRO EDUCATIVO CENT DOC RAFAEL POMBO;;CRA 7R BIS # 72- 124 BRR/ALFONS;N;176001040101;-76,4826858571;3,45433203583;ACTIVA;76;VALLE DEL CAUCA;76001;CALI;B;OFICIAL;OFICIAL;URBANO;MAÑANA;EDUCACIÓN BÁSICA SECUNDARIA;6631112;FIJO
176001007336;CENTRO EDUCATIVO CENT DOC N.110 PURIFICACION TRUJILLO;;KR 7A J # 73-00;N;176001040101;-76,4820333253;3,4580706345;ACTIVA;76;VALLE DEL CAUCA;76001;CALI;B;OFICIAL;OFICIAL;URBANO;MAÑANA;EDUCACIÓN MEDIA;6629967;FIJO
176001040101;CENTRO EDUCATIVO CENT DOC PURIFICACION TRUJILLO;;KR 7S BIS CL 71;S;176001040101;-76,4833097631;3,45411244575;ACTIVA;76;VALLE DEL CAUCA;76001;CALI;B;OFICIAL;OFICIAL;URBANO;MAÑANA;EDUCACIÓN MEDIA;6636263;FIJO
176001002903;CENTRO EDUCATIVO CENT DOC MICAELA CASTRO BORRERO;;CRA 46 C #38A-36 BRR/MARIANO RAMOS;N;176001040119;-76,5187163821;3,40662445102;ACTIVA;76;VALLE DEL CAUCA;76001;CALI;B;OFICIAL;OFICIAL;URBANO;MAÑANA;EDUCACIÓN MEDIA;3280105;FIJO
176001007905;CENTRO EDUCATIVO CENT DOC LUIS E MONTOYA;;CRA 46C # 38A - 50 BRR/MARIANO RAM;N;176001040119;-76,5187214848;3,40651333624;ACTIVA;76;VALLE DEL CAUCA;76001;CALI;B;OFICIAL;OFICIAL;URBANO;MAÑANA;EDUCACIÓN BÁSICA PRIMARIA;3277588;FIJO
176001030745;ESCUELA N. 14 PRIMITIVO CRESPO;;CLL 41 # 51A-30 BRR/BRISAS DEL LIMO;N;176001040119;-76,5186313537;3,40672677961;ACTIVA;76;VALLE DEL CAUCA;76001;CALI;A;OFICIAL;OFICIAL;URBANO;MAÑANA;EDUCACIÓN BÁSICA PRIMARIA;3320875;FIJO
176001040119;INSTITUCION EDUCATIVA RODRIGO LLOREDA CAICEDO;;CL 38A NO 47A-45;S;176001040119;-76,518487046;3,406544648;ACTIVA;76;VALLE DEL CAUCA;76001;CALI;B;OFICIAL;OFICIAL;URBANO;MAÑANA;EDUCACIÓN MEDIA;3283404;FIJO
176001041781;LICEO INFANTIL ESTRELLITAS CREATIVAS;;CL 62 6N-20 BR CALIMA;S;176001041781;-76,50289891;3,48371231;ACTIVA;76;VALLE DEL CAUCA;76001;CALI;B;OFICIAL;OFICIAL;URBANO;COMPLETA;EDUCACIÓN BÁSICA PRIMARIA;6826887;FIJO
176001043791;INSTITUCION EDUCATIVA NVO LATIR;;CL 76 # 28-20;S;176001043791;-76,486705523;3,42034170637;ACTIVA;76;VALLE DEL CAUCA;76001;CALI;A;OFICIAL;OFICIAL;URBANO;TARDE;EDUCACIÓN MEDIA;;
176001800214;ISAIAS DUARTE CANCINO;;KR 28 E 96 120 BRR MOJICA;N;176001043791;-76,486193547;3,41115362952;ACTIVA;76;VALLE DEL CAUCA;76001;CALI;A;OFICIAL;OFICIAL;URBANO;UNICA;PREESCOLAR;4140777;FIJO
176001800052;INSTITUCION EDUCATIVA LLANO VERDE;;CALLE 57 ENTRE CARRERAS 47 Y 50;N;176001800052;-76,5040305303;3,39411385051;ACTIVA;76;VALLE DEL CAUCA;76001;CALI;A;OFICIAL;OFICIAL;URBANO;MAÑANA;CLEI;8902364;FIJO
176001800079;SEDE AGUACATAL;;AV 9 OESTE #19C1 - 100 B/ALTO AGUACATAL;N;176001800052;-76,562186925;3,456648581;ACTIVA;76;VALLE DEL CAUCA;76001;CALI;A;OFICIAL;OFICIAL;URBANO;MAÑANA;PREESCOLAR;4269322;FIJO
176001800087;SEDE CALIMIO DESEPAZ;;CALLE 123 # 26M3 - 01 B/CALIMIO DESEPAZ;N;176001800052;-76,467616867;3,41425278;ACTIVA;76;VALLE DEL CAUCA;76001;CALI;A;OFICIAL;OFICIAL;URBANO;TARDE;PREESCOLAR;4269322;FIJO
176001800095;SEDE CALIMIO NORTE;;CALLE 73 A #1 A2 -165 B/CALIMIO NORTE;N;176001800052;-76,4867031667;3,49061188411;ACTIVA;76;VALLE DEL CAUCA;76001;CALI;A;OFICIAL;OFICIAL;URBANO;TARDE;PREESCOLAR;4269322;FIJO
176001800109;SEDE COMUNEROS II;;CALLE 72L #28-3-25 B/COMUNEROS II;N;176001800052;-76,492192913;3,426348406;ACTIVA;76;VALLE DEL CAUCA;76001;CALI;A;OFICIAL;OFICIAL;URBANO;MAÑANA;PREESCOLAR;4269322;FIJO
176001800117;COLEGIO SANTA ISABEL DE HUNGRIA SEDE SAN FELIPE;;CL 119 CR 23 ESQ B/DESEPAZ COMUNA 21;N;176001800052;-76,4642640995;3,42796226356;ACTIVA;76;VALLE DEL CAUCA;76001;CALI;A;OFICIAL;OFICIAL;URBANO;TARDE;PREESCOLAR;4046262;FIJO
176001800125;SEDE INVICALI DESEPAZ;;CARRERA 23 #120F -22 B/INVICALI DESEPAZ;N;176001800052;-76,4630866097;3,42746158778;ACTIVA;76;VALLE DEL CAUCA;76001;CALI;A;OFICIAL;OFICIAL;URBANO;MAÑANA;PREESCOLAR;4269322;FIJO
176001800133;SEDE SAN LUIS;;CALLE 72C #1 A2 -49 B/SAN LUIS;N;176001800052;-76,488726614;3,489127646;ACTIVA;76;VALLE DEL CAUCA;76001;CALI;A;OFICIAL;OFICIAL;URBANO;MAÑANA;PREESCOLAR;4269322;FIJO
176001800141;SEDE NARIÑO;;CARRERA 24 F #82-90 B/VALLE GRANDE;N;176001800052;-76,4718061779;3,43620358859;ACTIVA;76;VALLE DEL CAUCA;76001;CALI;A;OFICIAL;OFICIAL;URBANO;MAÑANA;PREESCOLAR;4269322;FIJO
176001800281;LA PROVIDENCIA;;CL 80 27 C 0 BRR ALFONSO BONILLA;N;176001800052;-76,4839847955;3,42146209148;ACTIVA;76;VALLE DEL CAUCA;76001;CALI;A;OFICIAL;OFICIAL;URBANO;MAÑANA;PREESCOLAR;4850227;FIJO
176001800338;BARTOLOME MITRE;;DG 26 B 73 25 BRR JOSE MANUEL MARROQUIN II;N;176001800052;-76,4836299419;3,43984959679;ACTIVA;76;VALLE DEL CAUCA;76001;CALI;A;OFICIAL;OFICIAL;URBANO;MAÑANA;PREESCOLAR;4850227;FIJO
176001800206;INSTITUCION EDUCATIVA GENERAL JOSE MARIA CABAL;;CL 2C OESTE 83 30 BRR ALTO NAPOLES COMUNA 18;N;176001800206;-76,5592545317;3,38230598494;ACTIVA;76;VALLE DEL CAUCA;76001;CALI;A;OFICIAL;OFICIAL;URBANO;UNICA;EDUCACIÓN MEDIA;3332019;FIJO
176020000032;COLEGIO SAN JOSE;;CLL 5A # 5 - 86;S;176020000032;-75,779801241;4,67429398187;ACTIVA;76;VALLE DEL CAUCA;76020;ALCALÁ;B;OFICIAL;OFICIAL;URBANO;MAÑANA;EDUCACIÓN MEDIA;2004125;FIJO
176020000172;ESCUELA MARIA AUXILIADORA N.2;;CLL 5A # 9 - 43;N;176020000032;-75,7764062635;4,67424198021;ACTIVA;76;VALLE DEL CAUCA;76020;ALCALÁ;B;OFICIAL;OFICIAL;URBANO;MAÑANA;EDUCACIÓN BÁSICA PRIMARIA;2004173;FIJO
176036000024;INSTITUCION MIX ELEAZAR LIBREROS SALAMANCA;IMELS@TELETULUA.COM.CO;CLL 6 # 4-15;S;176036000024;-76,1694353314;4,16506663021;ACTIVA;76;VALLE DEL CAUCA;76036;ANDALUCÍA;B;OFICIAL;OFICIAL;URBANO;ESPECIAL;EDUCACIÓN MEDIA;2235122;FIJO
176036000091;CONCENTRACION ESC JUAN DE DIOS RODRIGUEZ;;CRA 3 # 12-80;N;176036000024;-76,1659512359;4,16818667067;ACTIVA;76;VALLE DEL CAUCA;76036;ANDALUCÍA;B;OFICIAL;OFICIAL;URBANO;ESPECIAL;EDUCACIÓN MEDIA;2263281;FIJO
176036000105;CENTRO EDUCATIVO CENT DOC ANTONIO SANTOS N. 3;;CRA 6 # 10-2 BRR/ALIANZA;N;176036000024;-76,1633489587;4,17725627927;ACTIVA;76;VALLE DEL CAUCA;76036;ANDALUCÍA;B;OFICIAL;OFICIAL;URBANO;ESPECIAL;EDUCACIÓN BÁSICA PRIMARIA;2235702;FIJO
176036000237;ESCUELA N. 19 SIMON BOLIVAR;;CLL 19 CRA 9;N;176036000024;-76,1680196637;4,17733850046;ACTIVA;76;VALLE DEL CAUCA;76036;ANDALUCÍA;B;OFICIAL;OFICIAL;URBANO;ESPECIAL;EDUCACIÓN BÁSICA PRIMARIA;2263084;FIJO
176036000245;ESCUELA URB SAN VICENTE FERRER N. 16;;CLL 3 # 2-30 BRR/SAN VICENTE;N;176036000024;-76,1696485617;4,16230730217;ACTIVA;76;VALLE DEL CAUCA;76036;ANDALUCÍA;B;OFICIAL;OFICIAL;URBANO;ESPECIAL;EDUCACIÓN BÁSICA PRIMARIA;2263319;FIJO
176036000253;ESCUELA URB MANUELA BLELTRAN;;CRA 5 # 19 -37 BRR/RICAURTE;N;176036000024;-76,164439491;4,17520818617;ACTIVA;76;VALLE DEL CAUCA;76036;ANDALUCÍA;B;OFICIAL;OFICIAL;URBANO;ESPECIAL;EDUCACIÓN BÁSICA PRIMARIA;2263114;FIJO
176036000261;INSTITUCION PEDRO ANTONIO MOLINA N. 2;;CRA 5 # 21-116 BRR/RICAURTE;N;176036000024;-76,1630450253;4,17691820965;ACTIVA;76;VALLE DEL CAUCA;76036;ANDALUCÍA;B;OFICIAL;OFICIAL;URBANO;ESPECIAL;EDUCACIÓN BÁSICA PRIMARIA;2235689;FIJO
176036000318;ESCUELA MARCO TULIO LORA N.20;;CLL 13 # 11-60 ESQ B/ESTACION;N;176036000024;-76,1707349787;4,17297283324;ACTIVA;76;VALLE DEL CAUCA;76036;ANDALUCÍA;B;OFICIAL;OFICIAL;URBANO;ESPECIAL;EDUCACIÓN BÁSICA PRIMARIA;2263511;FIJO
176041000016;INSTITUCION EDUCATIVA SANTA ANA DE LOS CABALLEROS;SANTAANA@SEDVALLEDELCAUCA.GOV.CO;KR 3 8 18;S;176041000016;-75,99270955;4,79688705;ACTIVA;76;VALLE DEL CAUCA;76041;ANSERMANUEVO;A;OFICIAL;OFICIAL;URBANO;FIN DE SEMANA, MAÑANA, NOCTURNA, TARDE;PREESCOLAR, EDUCACIÓN BÁSICA PRIMARIA, EDUCACIÓN BÁSICA SECUNDARIA, EDUCACIÓN MEDIA, CLEI;3144438010;CELULAR
176041000423;ESCUELA MARIA INMACULADA N. 3;;CR 3 # 7-62;N;176041000016;-75,9927317538;4,7964285856;ACTIVA;76;VALLE DEL CAUCA;76041;ANSERMANUEVO;B;OFICIAL;OFICIAL;URBANO;MAÑANA;EDUCACIÓN BÁSICA PRIMARIA;2051082;FIJO
176041000431;ESCUELA PIO XII N. 2;;CL 7 CR 5 ESQ;N;176041000016;-75,9948193668;4,79660926137;ACTIVA;76;VALLE DEL CAUCA;76041;ANSERMANUEVO;B;OFICIAL;OFICIAL;URBANO;MAÑANA;EDUCACIÓN BÁSICA SECUNDARIA;;
176041000440;COLEGIO MARCO FIDEL SUAREZ N. 1;;KR 3 CL 9 ESQ;N;176041000016;-75,9923776368;4,79766051636;ACTIVA;76;VALLE DEL CAUCA;76041;ANSERMANUEVO;B;OFICIAL;OFICIAL;URBANO;MAÑANA;EDUCACIÓN BÁSICA PRIMARIA;2052392;FIJO
176041000636;CENTRO EDUCATIVO CENT DOC MARINO OROZCO N. 49;;CRA 1 D #1-98 BR/ BOLIVAR;N;176041000016;-75,9942407913;4,78939730521;ACTIVA;76;VALLE DEL CAUCA;76041;ANSERMANUEVO;B;OFICIAL;OFICIAL;URBANO;MAÑANA;EDUCACIÓN BÁSICA PRIMARIA;;
176041000709;CENTRO EDUCATIVO CENT DOC N. 48 ANTONIO JOSE DRE SUCRE;;B/ SALAZAR BAJO;N;176041000016;-75,995722149;4,79110223519;ACTIVA;76;VALLE DEL CAUCA;76041;ANSERMANUEVO;B;OFICIAL;OFICIAL;URBANO;MAÑANA;EDUCACIÓN BÁSICA PRIMARIA;2052361;FIJO
176041000831;CENTRO EDUCATIVO CENT DOC N. 50 LAUREANO GOMEZ;;CL 3 # 1-45;N;176041000016;-75,9917127288;4,7919240663;ACTIVA;76;VALLE DEL CAUCA;76041;ANSERMANUEVO;B;OFICIAL;OFICIAL;URBANO;MAÑANA;EDUCACIÓN BÁSICA PRIMARIA;;
276041000266;ESCUELA MARIA MONTESSORI;;IP GRAMALOTE;N;176041000016;-75,98838;4,787052;ACTIVA;76;VALLE DEL CAUCA;76041;ANSERMANUEVO;B;OFICIAL;OFICIAL;RURAL;MAÑANA;EDUCACIÓN BÁSICA PRIMARIA;2052942;FIJO
276041000339;CENTRO EDUCATIVO CENT DOC ANTONIO RICAURTE N. 21;;IP DE ANACARO;N;176041000016;-75,969921;4,786929;ACTIVA;76;VALLE DEL CAUCA;76041;ANSERMANUEVO;B;OFICIAL;OFICIAL;RURAL;MAÑANA;EDUCACIÓN BÁSICA SECUNDARIA;;
176054000023;INSTITUCION EDUCATIVA GILBERTO ALZATE AVENDAÑO;GILBERTOARGELIA@SEDVALLEDELCAUCA.GOV.CO;CLL 3A # 1- 37 BRR/LA FLORESTA;S;176054000023;-76,11847551;4,727261274;ACTIVA;76;VALLE DEL CAUCA;76054;ARGELIA VALLE DEL CAUCA;A;OFICIAL;OFICIAL;URBANO;FIN DE SEMANA, MAÑANA;EDUCACIÓN MEDIA;3117469196;CELULAR
176054000163;SEDE FABIO MARTINEZ CIFUENTES;GILBERTOARGELIA@SEDVALLEDELCAUCA.GOV.CO;CLL 13 B/LA FLORESTA;N;176054000023;-76,11757468;4,726575635;ACTIVA;76;VALLE DEL CAUCA;76054;ARGELIA VALLE DEL CAUCA;A;OFICIAL;OFICIAL;URBANO;MAÑANA;EDUCACIÓN BÁSICA PRIMARIA;2068139;FIJO
176100000254;INSTITUCION EDUCATIVA MANUEL DOLORES MONDRAGON;MANUELDOLORES@SEDVALLEDELCAUCA.GOV.CO;CRA 2 # 2 - 66;S;176100000254;-76,1834497871;4,33476433869;ACTIVA;76;VALLE DEL CAUCA;76100;BOLÍVAR;A;OFICIAL;OFICIAL;URBANO;COMPLETA;EDUCACIÓN MEDIA;3163723371;CELULAR
176100000424;ESCUELA URB JULIO CAICEDO Y TELLEZ N.2;;CRA 3 # 8 - 14;N;176100000254;-76,1822391137;4,34003327907;ACTIVA;76;VALLE DEL CAUCA;76100;BOLÍVAR;B;OFICIAL;OFICIAL;URBANO;COMPLETA;EDUCACIÓN BÁSICA PRIMARIA;2224073;FIJO
176100000441;ESCUELA URB MIX ALONSO ARAGON N.01;;CLL 6 # 6 - 13;N;176100000254;-76,185789974;4,33868963331;ACTIVA;76;VALLE DEL CAUCA;76100;BOLÍVAR;B;OFICIAL;OFICIAL;URBANO;COMPLETA;EDUCACIÓN BÁSICA PRIMARIA;2224171;FIJO
176100000831;JARDIN INFANTIL MI PEQUEÑO MUNDO;;CR 5# # 3 - 41;N;176100000254;-76,1856516747;4,33638312264;ACTIVA;76;VALLE DEL CAUCA;76100;BOLÍVAR;B;OFICIAL;OFICIAL;URBANO;COMPLETA;PREESCOLAR;2224026;FIJO
176100000858;ESCUELA SAN JOSE N. 52;;B/ SAN JOSE;N;176100000254;-76,3379843;4,342136193;ACTIVA;76;VALLE DEL CAUCA;76100;BOLÍVAR;B;OFICIAL;OFICIAL;URBANO;COMPLETA;EDUCACIÓN BÁSICA PRIMARIA;2224063;FIJO
276100000275;ESCUELA NTRA SRA DEL CARMEN N. 15;;IP SAN FERNANDO;N;176100000254;-76,17389;4,338872;ACTIVA;76;VALLE DEL CAUCA;76100;BOLÍVAR;B;OFICIAL;OFICIAL;RURAL;COMPLETA;EDUCACIÓN BÁSICA PRIMARIA;2224063;FIJO
276100000283;ESCUELA CARTAGENA DE INDIAS N.14;;IP LA HERRADURA;N;176100000254;-76,2138032;4,279408495;ACTIVA;76;VALLE DEL CAUCA;76100;BOLÍVAR;B;OFICIAL;OFICIAL;RURAL;COMPLETA;EDUCACIÓN BÁSICA PRIMARIA;2224063;FIJO
276100000321;ESCUELA RUR MIX MA AGUSTINA MADRID N.10;;IP DE RICAURTE;N;176100000254;-76,2091381;4,308766204;ACTIVA;76;VALLE DEL CAUCA;76100;BOLÍVAR;B;OFICIAL;OFICIAL;RURAL;COMPLETA;EDUCACIÓN BÁSICA PRIMARIA;2224063;FIJO
276100000500;COLEGIO MANUEL DOLORES MONDRAGON SAT;;IP RICAURTE;N;176100000254;-76,209001;4,309593;ACTIVA;76;VALLE DEL CAUCA;76100;BOLÍVAR;B;OFICIAL;OFICIAL;RURAL;COMPLETA;EDUCACIÓN MEDIA;2224063;FIJO
176109000176;INSTITUCION EDUCATIVA SAN RAFAEL;;CLL 6 # 6-47 BRR/CENTRO;S;176109000176;-77,0728764124;3,88758535368;ACTIVA;76;VALLE DEL CAUCA;76109;BUENAVENTURA;B;OFICIAL;OFICIAL;URBANO;MAÑANA;EDUCACIÓN MEDIA;2434772;FIJO
176109010422;COLEGIO FEDERICO BAYTER;;CL EL EMBUDO DG 4A NO 5A-34;N;176109000176;-77,0733247534;3,88670000226;ACTIVA;76;VALLE DEL CAUCA;76109;BUENAVENTURA;B;OFICIAL;OFICIAL;URBANO;MAÑANA;EDUCACIÓN BÁSICA PRIMARIA;2423710;FIJO
176109000192;CENTRO EDUCATIVO CENT DOC FRANCISCO JOSE DE CALDAS;;CL 19A # 4A-03 BRR/EL JORGE;S;176109000192;-77,06358603;3,881427865;ACTIVA;76;VALLE DEL CAUCA;76109;BUENAVENTURA;B;OFICIAL;OFICIAL;URBANO;MAÑANA;EDUCACIÓN MEDIA;2433968;FIJO
176109000311;CENTRO EDUCATIVO CENT DOC N. 91 LAS AMERICAS;;CL 6A KR 65B ESQ;S;176109000311;-76,99747194;3,874818642;ACTIVA;76;VALLE DEL CAUCA;76109;BUENAVENTURA;B;OFICIAL;OFICIAL;URBANO;MAÑANA;EDUCACIÓN MEDIA;2428878;FIJO
176109007341;CENTRO EDUCATIVO CENT DOC CARLOS HOLMES TRUJILLO;;BARRIO CARLOS HOLMES TRUJILLO;N;176109000311;-76,9863756182;3,87953779114;ACTIVA;76;VALLE DEL CAUCA;76109;BUENAVENTURA;B;OFICIAL;OFICIAL;URBANO;MAÑANA;EDUCACIÓN MEDIA;2428878;FIJO
176109800024;BAHIA;;CL 6 64 D 24 BRR INDEPENDENCIA;N;176109000311;-76,9407875927;3,11882682598;ACTIVA;76;VALLE DEL CAUCA;76109;BUENAVENTURA;A;OFICIAL;OFICIAL;URBANO;MAÑANA;PREESCOLAR;2402062;FIJO
176109000427;CONCENTRACION ESC JUAN JOSE RONDON N. 53;;CRA 38 # 2-34 B/MUNICIPAL;S;176109000427;-77,0304820559;3,87872064576;ACTIVA;76;VALLE DEL CAUCA;76109;BUENAVENTURA;B;OFICIAL;OFICIAL;URBANO;MAÑANA;EDUCACIÓN MEDIA;2448157;FIJO
176109001172;ESCUELA ENRIQUE OLAYA HERRERA;;CL 5 A # 41B-48;N;176109000427;-77,0257401434;3,88290001656;ACTIVA;76;VALLE DEL CAUCA;76109;BUENAVENTURA;B;OFICIAL;OFICIAL;URBANO;MAÑANA;EDUCACIÓN MEDIA;2441858;FIJO
176109000516;CONCENTRACION ESC JOSE RAMON BEJARANO;;KR 41 # 7D-05 BARRIO BRISAS DEL MAR;S;176109000516;-77,03213167;3,88511817;ACTIVA;76;VALLE DEL CAUCA;76109;BUENAVENTURA;B;OFICIAL;OFICIAL;URBANO;UNICA;EDUCACIÓN MEDIA;2444691;FIJO
176109001008;ESCUELA SAN BUENAVENTURA;;KR 50 # 9A-39 BARRIO BOSQUE MCPAL;N;176109000516;-77,014566795;3,88604053547;ACTIVA;76;VALLE DEL CAUCA;76109;BUENAVENTURA;B;OFICIAL;OFICIAL;URBANO;UNICA;EDUCACIÓN MEDIA;2430120;FIJO
176109007154;CENTRO EDUCATIVO MIRAFLORES;;CL 7B # 44A-07 BARRIO MIRAFLORES;N;176109000516;-77,0224945808;3,8861868853;ACTIVA;76;VALLE DEL CAUCA;76109;BUENAVENTURA;B;OFICIAL;OFICIAL;URBANO;UNICA;EDUCACIÓN MEDIA;2434997;FIJO
176109007421;CENTRO EDUCATIVO CENT DOC LA COMUNA;;KR 47 # 7A-44 KM 18 BARRIO LA COMU;N;176109000516;-77,0191653413;3,88515098912;ACTIVA;76;VALLE DEL CAUCA;76109;BUENAVENTURA;B;OFICIAL;OFICIAL;URBANO;UNICA;EDUCACIÓN BÁSICA SECUNDARIA;2443973;FIJO
176109015467;EL JARDIN;;KR 37 # 7 A - 23;N;176109000516;-77,0321835187;3,88504958984;ACTIVA;76;VALLE DEL CAUCA;76109;BUENAVENTURA;A;OFICIAL;OFICIAL;URBANO;FIN DE SEMANA;EDUCACIÓN BÁSICA PRIMARIA;2444691;FIJO
176109000575;NORMAL JUAN LADRILLEROS;;CLL 1 CRA 47;N;176109000575;-77,01915144;3,878380168;ACTIVA;76;VALLE DEL CAUCA;76109;BUENAVENTURA;B;OFICIAL;OFICIAL;URBANO;ESPECIAL;EDUCACIÓN MEDIA;2448779;FIJO
176109000583;COLEGIO PASCUAL DE ANDAGOYA;;CLL 49 # 5-18 BRR/ PUEBLO NUEVO;S;176109000583;-77,07103266;3,885683816;ACTIVA;76;VALLE DEL CAUCA;76109;BUENAVENTURA;B;OFICIAL;OFICIAL;URBANO;ESPECIAL;EDUCACIÓN MEDIA;2413408;FIJO
176109000745;CONCENTRACION N. 17 MARIA AUXILIADORA;;CLL 5 A #10-41 BRR/ LA VICTORIA;N;176109000583;-77,0703593713;3,88512349217;ACTIVA;76;VALLE DEL CAUCA;76109;BUENAVENTURA;B;OFICIAL;OFICIAL;URBANO;ESPECIAL;EDUCACIÓN MEDIA;2433340;FIJO
176109001687;ESCUELA SANTA MARIA GORETTI N. 12;;CR 16 # 3A-70 BRR/ FIRME;N;176109000583;-77,0674119251;3,8820703694;ACTIVA;76;VALLE DEL CAUCA;76109;BUENAVENTURA;B;OFICIAL;OFICIAL;URBANO;ESPECIAL;EDUCACIÓN MEDIA;2433468;FIJO
176109000605;INSTITUCION FEM LA ANUNCIACION;;CLL 7 # 29-50 BRR/SANTAFE;S;176109000605;-77,0419775735;3,88220385934;ACTIVA;76;VALLE DEL CAUCA;76109;BUENAVENTURA;B;OFICIAL;OFICIAL;URBANO;MAÑANA;EDUCACIÓN MEDIA;2425471;FIJO
176109000630;CENTRO EDUCATIVO JHON F KENNEDY;;CRA 32 # 4B-07;N;176109000605;-77,0387220864;3,88124619974;ACTIVA;76;VALLE DEL CAUCA;76109;BUENAVENTURA;B;OFICIAL;OFICIAL;URBANO;MAÑANA;EDUCACIÓN MEDIA;2427504;FIJO
176109000770;UNIDAD BAS VASCO NUÑEZ DE BALBOA;;CLL 6 #23A-11 BRR/SANTA CRUZ;N;176109000605;-77,0496455402;3,88420751061;ACTIVA;76;VALLE DEL CAUCA;76109;BUENAVENTURA;B;OFICIAL;OFICIAL;URBANO;MAÑANA;EDUCACIÓN MEDIA;;
176109008550;ESCUELA LA INMACULADA;;CRA 27 CLL PRINCIPAL BRR/INMACULAD;N;176109000605;-77,04561005;3,883138204;ACTIVA;76;VALLE DEL CAUCA;76109;BUENAVENTURA;B;OFICIAL;OFICIAL;URBANO;MAÑANA;EDUCACIÓN BÁSICA SECUNDARIA;;
176109015424;DIVINO NIÑO DEL MAR;;CL 7 KR 32;N;176109000605;-77,0500280953;3,88414710725;ACTIVA;76;VALLE DEL CAUCA;76109;BUENAVENTURA;A;OFICIAL;OFICIAL;URBANO;FIN DE SEMANA;EDUCACIÓN BÁSICA SECUNDARIA;3163639653;CELULAR
376109008001;ESCUELA SGDO CORAZON DE MARIA;;CR 22D# 6A-60 BRR/PUNTA DEL ESTE;N;176109000605;-77,05165128;3,883782074;ACTIVA;76;VALLE DEL CAUCA;76109;BUENAVENTURA;B;ORGANIZACIÓN CON FINES DE LUCRO;NO OFICIAL;URBANO;MAÑANA;EDUCACIÓN MEDIA;2445395;FIJO
176109000621;LICEO FEM DEL PACIFICO;;CRA 9 #54-25;S;176109000621;-76,9407875927;3,11882682598;ACTIVA;76;VALLE DEL CAUCA;76109;BUENAVENTURA;B;OFICIAL;OFICIAL;URBANO;ESPECIAL;EDUCACIÓN MEDIA;2441806;FIJO
176109000648;INSTITUCION DEL TERMINAL MARITIMO;;CLL 4 # 53A-72;S;176109000648;-77,01235685;3,878564633;ACTIVA;76;VALLE DEL CAUCA;76109;BUENAVENTURA;B;OFICIAL;OFICIAL;URBANO;MAÑANA;EDUCACIÓN MEDIA;2445044;FIJO
176109007049;CENTRO EDUCATIVO EL PROGRESO;;CRA 34A CLL 1A BRR/ EL PROGRESO;N;176109000648;-76,98787086;3,875601653;ACTIVA;76;VALLE DEL CAUCA;76109;BUENAVENTURA;B;OFICIAL;OFICIAL;URBANO;MAÑANA;EDUCACIÓN MEDIA;2428338;FIJO
276109001894;CENTRO EDUCATIVO CENT DOC SAN MARTIN DE PORRES N. 18;;BRR/GAMBOA;N;176109000648;-77,0042451538;3,88558373635;ACTIVA;76;VALLE DEL CAUCA;76109;BUENAVENTURA;B;OFICIAL;OFICIAL;RURAL;MAÑANA;EDUCACIÓN MEDIA;2427266;FIJO
176109000800;CONCENTRACION ESC JOSE MARIA CABAL N.11;;KR 62 # 11-01 BRR/ LA INDEPENDENCIA;S;176109000800;-77,0008975358;3,88097766959;ACTIVA;76;VALLE DEL CAUCA;76109;BUENAVENTURA;B;OFICIAL;OFICIAL;URBANO;MAÑANA;EDUCACIÓN MEDIA;2443747;FIJO
176109001245;ESCUELA RAFAEL URIBE URIBE N. 75;;CRA 67 # 11-82;N;176109000800;-76,9950768203;3,87871524937;ACTIVA;76;VALLE DEL CAUCA;76109;BUENAVENTURA;B;OFICIAL;OFICIAL;URBANO;MAÑANA;EDUCACIÓN MEDIA;2443747;FIJO
176109010225;ESCUELA 12 DE ABRIL;;CR 57-11 # 57-24;N;176109000800;-76,9820907;3,8651498;ACTIVA;76;VALLE DEL CAUCA;76109;BUENAVENTURA;B;OFICIAL;OFICIAL;URBANO;MAÑANA;EDUCACIÓN MEDIA;2431311;FIJO
176109011291;COLEGIO EUSEBIO MUNOZ PEREA;;CL 11 # 64B-54;N;176109000800;-76,9407875927;3,11882682598;ACTIVA;76;VALLE DEL CAUCA;76109;BUENAVENTURA;B;OFICIAL;OFICIAL;URBANO;NOCTURNA;EDUCACIÓN MEDIA;2430557;FIJO
176109000818;CENTRO EDUCATIVO CENT DOC REPUBLICA DE VENEZUELA;RVENEZUELA@TELESAT.COM.CO;CR 11 CL 2 # 1-04;S;176109000818;-77,0717865092;3,88291203096;ACTIVA;76;VALLE DEL CAUCA;76109;BUENAVENTURA;B;OFICIAL;OFICIAL;URBANO;ESPECIAL;EDUCACIÓN MEDIA;2433428;FIJO
176109000834;INSTITUCION EDUCATIVA SAN VICENTE;;KM 9 AV SIMON BOLIVAR;S;176109000834;-77,00844598;3,87994338329;ACTIVA;76;VALLE DEL CAUCA;76109;BUENAVENTURA;B;OFICIAL;OFICIAL;URBANO;UNICA;EDUCACIÓN MEDIA;2425262;FIJO
176109000842;INSTITUCION TEC IND GERARDO VALENCIA;;AV SIMON BILIVAR KM 9 BARRIO TRANSF;S;176109000842;-77,0113303;3,881609128;ACTIVA;76;VALLE DEL CAUCA;76109;BUENAVENTURA;B;OFICIAL;OFICIAL;URBANO;MAÑANA;EDUCACIÓN MEDIA;2425322;FIJO
176109001822;CONCENTRACION ESC STELLA DELGADO NAVIA;;KR 55E CLL 7 AB -18A URB SAN BUENA;N;176109000842;-77,00680213;3,879103604;ACTIVA;76;VALLE DEL CAUCA;76109;BUENAVENTURA;B;OFICIAL;OFICIAL;URBANO;MAÑANA;EDUCACIÓN MEDIA;2425322;FIJO
176109007383;CENTRO EDUCATIVO EL OLIMPICO;;BARRIO EL CRISTAL;N;176109000842;-77,0116263002;3,88165081102;ACTIVA;76;VALLE DEL CAUCA;76109;BUENAVENTURA;B;OFICIAL;OFICIAL;URBANO;MAÑANA;EDUCACIÓN BÁSICA PRIMARIA;2447497;FIJO
176109001806;INSTITUCION EDUCATIVA TEOFILO ROBERTO POTES;TEOFILORPOTES@LATINMAIL.COM;CRA 47 # 5-17 BRR/BELLAVISTA;S;176109001806;-77,02035062;3,881631997;ACTIVA;76;VALLE DEL CAUCA;76109;BUENAVENTURA;B;OFICIAL;OFICIAL;URBANO;MAÑANA;EDUCACIÓN MEDIA;2432242;FIJO
176109001946;ESCUELA SAN JUDAS TADEO;;CRA 38 # 4-107;S;176109001946;-77,03129827;3,88135253;ACTIVA;76;VALLE DEL CAUCA;76109;BUENAVENTURA;B;OFICIAL;OFICIAL;URBANO;MAÑANA;EDUCACIÓN BÁSICA PRIMARIA;2440998;FIJO
176109002802;COLEGIO SALESIANO JESUS ADOLESCENTE;SALESIANOS@TELESA.COM.CO;VDA ZACARIAS;S;176109002802;-77,0003795369;3,85249228014;ACTIVA;76;VALLE DEL CAUCA;76109;BUENAVENTURA;B;OFICIAL;OFICIAL;URBANO;MAÑANA;EDUCACIÓN MEDIA;2425382;FIJO
176109002888;ESCUELA NTRA SEÑORA DEL CARMEN;;AV SIMON BOLIVAR KM 9 BRR/DOÑA CECI;N;176109002888;-77,0083283891;3,88180677708;ACTIVA;76;VALLE DEL CAUCA;76109;BUENAVENTURA;B;OFICIAL;OFICIAL;URBANO;ESPECIAL;EDUCACIÓN MEDIA;2525279;FIJO
176109000290;ESCUELA MATIA MULUMBA N.93;;BRR/ MATIA MULUMBA;N;176109002977;-77,07438148;3,883383532;ACTIVA;76;VALLE DEL CAUCA;76109;BUENAVENTURA;B;OFICIAL;OFICIAL;URBANO;UNICA;EDUCACIÓN MEDIA;;
176109002977;ESCUELA PABLO EMILIO CARVAJAL N. 112;;TV 87 # 35-40 BR/ CABAL POMBO;S;176109002977;-76,97781036;3,879385394;ACTIVA;76;VALLE DEL CAUCA;76109;BUENAVENTURA;B;OFICIAL;OFICIAL;URBANO;UNICA;EDUCACIÓN MEDIA;;
176109011348;ESCUELA PABLO EMILIO CARVAJAL SEDE NVO AMANECER;;BRR.NUEVO AMANECER;N;176109002977;-76,98288562;3,874415624;ACTIVA;76;VALLE DEL CAUCA;76109;BUENAVENTURA;B;OFICIAL;OFICIAL;URBANO;FIN DE SEMANA;EDUCACIÓN MEDIA;;
176109015441;NUESTRA SEÑORA DE LA MISERICORDIA BVISTA HER;;BRR VISTA HERMOSA;N;176109002977;-76,978666348;3,86547560958;ACTIVA;76;VALLE DEL CAUCA;76109;BUENAVENTURA;A;OFICIAL;OFICIAL;URBANO;TARDE;EDUCACIÓN MEDIA;2507614;FIJO
176109015459;NUEVO AMANECER;;BRR NVO AMANECER;N;176109002977;-76,9407875927;3,11882682598;ACTIVA;76;VALLE DEL CAUCA;76109;BUENAVENTURA;A;OFICIAL;OFICIAL;URBANO;NOCTURNA;EDUCACIÓN MEDIA;2504614;FIJO
176109016251;NUEVO ESFUERZO;;DIAG 1 # 51 CS # 51 BRR EL ESFUERZO;N;176109002977;-76,9407875927;3,11882682598;ACTIVA;76;VALLE DEL CAUCA;76109;BUENAVENTURA;A;OFICIAL;OFICIAL;URBANO;NOCTURNA;EDUCACIÓN MEDIA;3154871905;CELULAR
276109005270;ESCUELA ANIBAL MUÑOZ DUQUE N. 90;;I.P CITRONELA;N;176109002977;-76,978832;3,865471;ACTIVA;76;VALLE DEL CAUCA;76109;BUENAVENTURA;B;OFICIAL;OFICIAL;RURAL;UNICA;EDUCACIÓN BÁSICA SECUNDARIA;;
376109006076;ESCUELA JORGE E GAITAN;;BR/ EL CAMBIO;N;176109002977;-76,9786780969;3,865473092;ACTIVA;76;VALLE DEL CAUCA;76109;BUENAVENTURA;B;ORGANIZACIÓN CON FINES DE LUCRO;NO OFICIAL;URBANO;UNICA;EDUCACIÓN MEDIA;;
176109003183;CENTRO EDUCATIVO CENT DOC SIMON BOLIVAR;;CL 4 KR 60 Y 61 EL DORADO;S;176109003183;-77,00340257;3,873118845;ACTIVA;76;VALLE DEL CAUCA;76109;BUENAVENTURA;B;OFICIAL;OFICIAL;URBANO;UNICA;EDUCACIÓN MEDIA;2430999;FIJO
176109004023;ESCUELA COMUNAL LOS GRANADINOS;;CRA 73 CLL 1A BRR/NUEVA GRANADA;N;176109003183;-76,99471068;3,86118337;ACTIVA;76;VALLE DEL CAUCA;76109;BUENAVENTURA;B;OFICIAL;OFICIAL;URBANO;UNICA;EDUCACIÓN MEDIA;2528548;FIJO
176109005607;ESCUELA JESUS DE NAZARETH;;CRA 70 CLL 6 Y 7 SUR BR/EL TRIUNFO;N;176109003183;-76,99717226;3,863268321;ACTIVA;76;VALLE DEL CAUCA;76109;BUENAVENTURA;B;OFICIAL;OFICIAL;URBANO;UNICA;EDUCACIÓN MEDIA;;
176109005658;ESCUELA EL PRINCIPITO;;CRA 68 # 5A-36 SUR B/EL TRIUNFO;S;176109005658;-76,9981667487;3,86333767934;ACTIVA;76;VALLE DEL CAUCA;76109;BUENAVENTURA;B;OFICIAL;OFICIAL;URBANO;MAÑANA;EDUCACIÓN BÁSICA PRIMARIA;2431701;FIJO
176109005666;ESCUELA ANTONIO NARIÑO;;CLL 6 SUR #56B-60 BRR/ANTONIO NAR;S;176109005666;-77,0109258067;3,86657652319;ACTIVA;76;VALLE DEL CAUCA;76109;BUENAVENTURA;B;OFICIAL;OFICIAL;URBANO;MAÑANA;EDUCACIÓN MEDIA;2429052;FIJO
176109011364;ESCUELA NUEVA COLOMBIA;;VIA SIN POSTE 10BN-COLOMBIA;N;176109005666;-77,0139311005;3,86805222723;ACTIVA;76;VALLE DEL CAUCA;76109;BUENAVENTURA;B;OFICIAL;OFICIAL;URBANO;FIN DE SEMANA;EDUCACIÓN MEDIA;2429052;FIJO
176109002101;CENTRO EDUCATIVO CENT DE CAP POP ADULTOS ALFONSO LOPEZ;;BARRIO BELLA VISTA;N;176109005836;-77,01943179;3,876997804;ACTIVA;76;VALLE DEL CAUCA;76109;BUENAVENTURA;B;OFICIAL;OFICIAL;URBANO;MAÑANA;EDUCACIÓN MEDIA;2447497;FIJO
176109002691;ESCUELA ALFONSO LOPEZ MICHELSEN N. 27;;B.ALFONSO LOPEZ KR 76;N;176109005836;-76,99141854;3,869375673;ACTIVA;76;VALLE DEL CAUCA;76109;BUENAVENTURA;B;OFICIAL;OFICIAL;URBANO;MAÑANA;EDUCACIÓN MEDIA;2437479;FIJO
176109005712;CENTRO EDUCATIVO CENT DOC LUIS CARLOS GALAN SARMIENTO;;KR 84 # 2S-12;N;176109005836;-76,9828308646;3,86355468686;ACTIVA;76;VALLE DEL CAUCA;76109;BUENAVENTURA;B;OFICIAL;OFICIAL;URBANO;MAÑANA;EDUCACIÓN BÁSICA PRIMARIA;2437479;FIJO
176109005828;ESCUELA CALDAS;;CRA 4B TRANSV 81 BRR/CALDAS;N;176109005836;-76,98718789;3,871196709;ACTIVA;76;VALLE DEL CAUCA;76109;BUENAVENTURA;B;OFICIAL;OFICIAL;URBANO;MAÑANA;EDUCACIÓN MEDIA;2437479;FIJO
176109005836;COLEGIO MPAL NESTOR URBANO TENORIO;;CRA 84 # 2S-12 BRR/LAS PALMAS;S;176109005836;-76,9828308646;3,86355468686;ACTIVA;76;VALLE DEL CAUCA;76109;BUENAVENTURA;B;OFICIAL;OFICIAL;URBANO;MAÑANA;EDUCACIÓN MEDIA;2413432;FIJO
276109011377;ESCUELA LA NUEVA ESPERANZA;;VDA LA GLORIA;N;176109005836;-76,998883;3,871993;ACTIVA;76;VALLE DEL CAUCA;76109;BUENAVENTURA;B;OFICIAL;OFICIAL;RURAL;FIN DE SEMANA;EDUCACIÓN MEDIA;;
176109016137;CENTRO EDUCATIVO MISIONEROS DEL SABER;;CL 6 # 51 B - 61;S;176109016137;-77,0126759814;3,88212375411;ACTIVA;76;VALLE DEL CAUCA;76109;BUENAVENTURA;A;OFICIAL;OFICIAL;URBANO;NOCTURNA;EDUCACIÓN MEDIA;;
176109800059;INSTITUCION ETNOEDUCATIVA SAN ANTONIO;;CARRERA 64 CALLE 24 BRR CIUDADELA SAN ANTONIO;N;176109800059;-76,9407875927;3,11882682598;ACTIVA;76;VALLE DEL CAUCA;76109;BUENAVENTURA;A;OFICIAL;OFICIAL;URBANO;UNICA;EDUCACIÓN MEDIA;2405400;FIJO
176111000469;LICEO DPTAL MIX NARCISO CABAL SALCEDO;;CLL 2 # 8 - 47;S;176111000469;-76,29777231;3,894397016;ACTIVA;76;VALLE DEL CAUCA;76111;GUADALAJARA DE BUGA;B;OFICIAL;OFICIAL;URBANO;UNICA;EDUCACIÓN MEDIA;2282774;FIJO
176111000566;CENTRO EDUCATIVO CENT DOC MARISCAL SUCRE N. 6;;CRA 18# 3 - 57;N;176111000469;-76,3063912052;3,89825449959;ACTIVA;76;VALLE DEL CAUCA;76111;GUADALAJARA DE BUGA;B;OFICIAL;OFICIAL;URBANO;UNICA;EDUCACIÓN BÁSICA PRIMARIA;2284697;FIJO
176111000663;ESCUELA N. 14 GRACIANA ALVAREZ;;CRA 8A # 4 - 08;N;176111000469;-76,29702039;3,895914879;ACTIVA;76;VALLE DEL CAUCA;76111;GUADALAJARA DE BUGA;B;OFICIAL;OFICIAL;URBANO;UNICA;EDUCACIÓN BÁSICA PRIMARIA;2277785;FIJO
176111000507;INSTITUCION TEC AGRICOLA ITA;ITABUGA@ERT.COM.CO;CRA 9 CLL 23 ESQ.;S;176111000507;-76,2925;3,91416666667;ACTIVA;76;VALLE DEL CAUCA;76111;GUADALAJARA DE BUGA;B;OFICIAL;OFICIAL;URBANO;UNICA;EDUCACIÓN MEDIA;2289986;FIJO
176111000957;CENTRO EDUCATIVO CENT DOC N. 23 MARIA LUISA DE LA ESPADA;;CRA 13 ENTRE CLLS 22A Y 23 BRR/PO;N;176111000507;-76,2956211;3,912920378;ACTIVA;76;VALLE DEL CAUCA;76111;GUADALAJARA DE BUGA;B;OFICIAL;OFICIAL;URBANO;UNICA;EDUCACIÓN MEDIA;2288064;FIJO
176111001775;CENTRO EDUCATIVO CENT DOC ANTONIO JOSE DE SUCRE N. 11;;CLL 27 # 15 - 39;N;176111000507;-76,2963777688;3,91611823526;ACTIVA;76;VALLE DEL CAUCA;76111;GUADALAJARA DE BUGA;B;OFICIAL;OFICIAL;URBANO;UNICA;EDUCACIÓN BÁSICA SECUNDARIA;2289296;FIJO
176111000515;UNIDAD DOC MANUEL A SANCLEMENTE;COLMAS@UNIWEB.NET.CO;CLL 4A # 1 - 26E;S;176111000515;-76,2913065539;3,893148152;ACTIVA;76;VALLE DEL CAUCA;76111;GUADALAJARA DE BUGA;B;OFICIAL;OFICIAL;URBANO;ESPECIAL;EDUCACIÓN MEDIA;2275433;FIJO
176111000728;CENTRO EDUCATIVO CENT DOC JHON F KENNEDY N. 20;;CRA 1 CRA 6 ESQ.;N;176111000515;-76,29074338;3,894997297;ACTIVA;76;VALLE DEL CAUCA;76111;GUADALAJARA DE BUGA;B;OFICIAL;OFICIAL;URBANO;ESPECIAL;EDUCACIÓN BÁSICA SECUNDARIA;2277857;FIJO
276111000251;ESCUELA RURAL MIXTA LA PLANTA N. 50;;VDA LA PLANTA;N;176111000515;-76,2911111111;3,89361111111;ACTIVA;76;VALLE DEL CAUCA;76111;GUADALAJARA DE BUGA;B;OFICIAL;OFICIAL;RURAL;ESPECIAL;EDUCACIÓN BÁSICA PRIMARIA;;
276111000498;CENTRO EDUCATIVO CENT DOC N. 38 LA HONDA;;VDA LA HONDA;N;176111000515;-76,307778;3,893611;ACTIVA;76;VALLE DEL CAUCA;76111;GUADALAJARA DE BUGA;B;OFICIAL;OFICIAL;RURAL;ESPECIAL;EDUCACIÓN BÁSICA PRIMARIA;;
276111001087;ESCUELA N. 60 CRISTOBAL COLON;;VDA GUADUALEJO;N;176111000515;-76,2911111111;3,89361111111;ACTIVA;76;VALLE DEL CAUCA;76111;GUADALAJARA DE BUGA;B;OFICIAL;OFICIAL;RURAL;ESPECIAL;EDUCACIÓN BÁSICA PRIMARIA;2285557;FIJO
276111001761;CENTRO EDUCATIVO CENT DOC N. 49 MONSEÑOR JULIAN MENDOZA GUERRER;;CRA 6E CLL 12A;N;176111000515;-76,28733465;3,899478137;ACTIVA;76;VALLE DEL CAUCA;76111;GUADALAJARA DE BUGA;B;OFICIAL;OFICIAL;RURAL;ESPECIAL;EDUCACIÓN MEDIA;2366061;FIJO
176111000531;CENTRO EDUCATIVO CENT DOC N. 13 JOSE MA VILLEGAS;;CLL 13 # 9 - 19 BRR/SANTA BARBARA;S;176111000531;-76,29573409;3,903396953;ACTIVA;76;VALLE DEL CAUCA;76111;GUADALAJARA DE BUGA;B;OFICIAL;OFICIAL;URBANO;UNICA;EDUCACIÓN MEDIA;2277241;FIJO
176111000574;CENTRO EDUCATIVO CENT DOC LEONARDO TASCON N. 7;;CRA 9 # 12 - 52 BRR/SANTA BARBARA;N;176111000531;-76,294572036;3,90301322745;ACTIVA;76;VALLE DEL CAUCA;76111;GUADALAJARA DE BUGA;B;OFICIAL;OFICIAL;URBANO;UNICA;EDUCACIÓN MEDIA;2272542;FIJO
176111000523;UNIDAD DOC CARLOS ARTURO CABAL;;CRA 15 # # 8 - 08 BRR/JOSE MARIA C;N;176111001015;-76,3017094411;3,90150834398;ACTIVA;76;VALLE DEL CAUCA;76111;GUADALAJARA DE BUGA;B;OFICIAL;OFICIAL;URBANO;UNICA;EDUCACIÓN MEDIA;2277970;FIJO
176111000671;CENTRO EDUCATIVO CENT DOC CARLOTA ARMERO N. 15;;CRA 16 # 4 - 58 BRR/LA MERCED;N;176111001015;-76,3037756844;3,89849730995;ACTIVA;76;VALLE DEL CAUCA;76111;GUADALAJARA DE BUGA;B;OFICIAL;OFICIAL;URBANO;UNICA;EDUCACIÓN BÁSICA PRIMARIA;2273564;FIJO
176111000701;CENTRO EDUCATIVO CENT DOC N. 18 SAN JOSE;;CLL 8 #16-38;N;176111001015;-76,3031751364;3,90202748778;ACTIVA;76;VALLE DEL CAUCA;76111;GUADALAJARA DE BUGA;B;OFICIAL;OFICIAL;URBANO;UNICA;EDUCACIÓN BÁSICA PRIMARIA;2272182;FIJO
176111001015;COLEGIO SAN VICENTE;SANVIC@UNIWEB.NET.CO;CRA 15 # 7 - 09;S;176111001015;-76,3021676372;3,90131958399;ACTIVA;76;VALLE DEL CAUCA;76111;GUADALAJARA DE BUGA;B;OFICIAL;OFICIAL;URBANO;UNICA;EDUCACIÓN MEDIA;2271600;FIJO
176111001155;ESCUELA N. 17 MARIA AUXILIADORA;;CRA 15 # 9 - 55;N;176111001015;-76,3017651627;3,90286223174;ACTIVA;76;VALLE DEL CAUCA;76111;GUADALAJARA DE BUGA;B;OFICIAL;OFICIAL;URBANO;UNICA;EDUCACIÓN BÁSICA SECUNDARIA;2280524;FIJO
176111000612;CENTRO EDUCATIVO CENT DOC N. 10 GRAL SANTANDER;;CLL 18 # # 7 - 14 BRR/FUENMAYOR;N;176111001031;-76,2913188775;3,90729079232;ACTIVA;76;VALLE DEL CAUCA;76111;GUADALAJARA DE BUGA;B;OFICIAL;OFICIAL;URBANO;UNICA;EDUCACIÓN BÁSICA SECUNDARIA;2276413;FIJO
176111001031;INSTITUCION TEC CIAL TULIO E TASCON;;CRA 9 BIS # 17 - 25;S;176111001031;-76,2940548;3,907456881;ACTIVA;76;VALLE DEL CAUCA;76111;GUADALAJARA DE BUGA;B;OFICIAL;OFICIAL;URBANO;UNICA;EDUCACIÓN MEDIA;2276413;FIJO
176111001139;CENTRO EDUCATIVO CENT DOC JORGE E GAITAN N. 25;;CRA 10 # 18 - 81 BRR/FUENMAYOR;N;176111001031;-76,294564225;3,90904722001;ACTIVA;76;VALLE DEL CAUCA;76111;GUADALAJARA DE BUGA;B;OFICIAL;OFICIAL;URBANO;UNICA;EDUCACIÓN BÁSICA PRIMARIA;2273139;FIJO
176111001171;CENTRO EDUCATIVO CENT DOC JOAQUIN C TORRES;;CLL 15 # 9- 45;N;176111001031;-76,2950887043;3,9055205776;ACTIVA;76;VALLE DEL CAUCA;76111;GUADALAJARA DE BUGA;B;OFICIAL;OFICIAL;URBANO;UNICA;EDUCACIÓN MEDIA;2276356;FIJO
176111001104;COLEGIO ACADEMICO;;CRA 9 # 25 - 55 EL ALBERQUE;S;176111001104;-76,29844788;3,892781656;ACTIVA;76;VALLE DEL CAUCA;76111;GUADALAJARA DE BUGA;B;OFICIAL;OFICIAL;URBANO;UNICA;EDUCACIÓN MEDIA;2366912;FIJO
176111032328;COLEGIO MCPAL DEL DEPORTE;;KR 12 # 7-36 SUR;N;176111001104;-76,3008741908;3,88904261784;ACTIVA;76;VALLE DEL CAUCA;76111;GUADALAJARA DE BUGA;B;OFICIAL;OFICIAL;URBANO;UNICA;EDUCACIÓN MEDIA;2286870;FIJO
176111000604;CENTRO EDUCATIVO CENT DOC N. 9 GUADALAJARA;;CRA 27 # 14 - 23 BRR/PALO BLANCO;N;176111032263;-76,30724911;3,911883306;ACTIVA;76;VALLE DEL CAUCA;76111;GUADALAJARA DE BUGA;B;OFICIAL;OFICIAL;URBANO;UNICA;EDUCACIÓN MEDIA;2274145;FIJO
176111001112;CENTRO EDUCATIVO CENT DOCN. 54 ABSALON FERNANDEZ DE SOTO;;CLL 19 # 19A - 02 BRR/LA VENTURA;N;176111032263;-76,3014729289;3,91239465675;ACTIVA;76;VALLE DEL CAUCA;76111;GUADALAJARA DE BUGA;B;OFICIAL;OFICIAL;URBANO;UNICA;EDUCACIÓN MEDIA;2278389;FIJO
176111032263;UNIDAD DOC LA GRAN COLOMBIA;;CRA 14 # 16- 67 BRR/DIVINO NIÑO;S;176111032263;-76,2981717688;3,90821585766;ACTIVA;76;VALLE DEL CAUCA;76111;GUADALAJARA DE BUGA;B;OFICIAL;OFICIAL;URBANO;UNICA;EDUCACIÓN MEDIA;2276873;FIJO
176113000377;CENTRO EDUCATIVO CENT DOC N. 21 DIEGO RENGIFO SALAZAR;;CRA 6 #7-98;S;176113000377;-76,1561020743;4,21365552501;ACTIVA;76;VALLE DEL CAUCA;76113;BUGALAGRANDE;B;OFICIAL;OFICIAL;URBANO;MAÑANA;EDUCACIÓN MEDIA;2236496;FIJO
276113000126;ESCUELA N. 9 ANTONIO RICAURTE;;I.P EL OVERO;N;176113000377;-76,13262;4,242259;ACTIVA;76;VALLE DEL CAUCA;76113;BUGALAGRANDE;B;OFICIAL;OFICIAL;RURAL;MAÑANA;EDUCACIÓN MEDIA;2265567;FIJO
276113000231;ESCUELA RURAL MIXTA JUAN XXIII;;IP EL ROCIO;N;176113000377;-75,960835;4,178803;ACTIVA;76;VALLE DEL CAUCA;76113;BUGALAGRANDE;B;OFICIAL;OFICIAL;RURAL;MAÑANA;EDUCACIÓN BÁSICA PRIMARIA;2236315;FIJO
276113000266;ESCUELA RUR MIX SAN MARTIN N.25;;IP EL PLACER;N;176113000377;-75,973753;4,204759;ACTIVA;76;VALLE DEL CAUCA;76113;BUGALAGRANDE;B;OFICIAL;OFICIAL;RURAL;MAÑANA;EDUCACIÓN MEDIA;2236315;FIJO
276113000347;CENTRO EDUCATIVO CENT DOC N. 38 ERNESTO PIZARRO;;I.P EL OVERO;N;176113000377;-75,975413;4,161593;ACTIVA;76;VALLE DEL CAUCA;76113;BUGALAGRANDE;B;OFICIAL;OFICIAL;RURAL;MAÑANA;EDUCACIÓN BÁSICA PRIMARIA;;
276113000461;ESCUELA NVA N. 33 JHON F KENNEDY;;VDA JIGUALES;N;176113000377;-75,990603;4,14651;ACTIVA;76;VALLE DEL CAUCA;76113;BUGALAGRANDE;B;OFICIAL;OFICIAL;RURAL;MAÑANA;EDUCACIÓN BÁSICA PRIMARIA;2236315;FIJO
276113000509;ESCUELA JULIAN URIBE URIBE N. 16;;I.P URIBE;N;176113000377;-76,114964;4,258794;ACTIVA;76;VALLE DEL CAUCA;76113;BUGALAGRANDE;B;OFICIAL;OFICIAL;RURAL;MAÑANA;EDUCACIÓN BÁSICA PRIMARIA;2012202;FIJO
276113000533;ESCUELA JUAN DEL CORRAL N. 18;;I.P CHORRERAS;N;176113000377;-75,975413;4,161593;ACTIVA;76;VALLE DEL CAUCA;76113;BUGALAGRANDE;B;OFICIAL;OFICIAL;RURAL;MAÑANA;EDUCACIÓN MEDIA;2236315;FIJO
276113000584;ESCUELA N. 39 ENRIQUE OLAYA HERRERA;;VDA BAJO CHORRERAS;N;176113000377;-75,981384;4,187329;ACTIVA;76;VALLE DEL CAUCA;76113;BUGALAGRANDE;B;OFICIAL;OFICIAL;RURAL;MAÑANA;EDUCACIÓN BÁSICA PRIMARIA;2236315;FIJO
276113000614;ESCUELA N. 17 MARIANO OSPINA PEREZ;;I.P PAILA ARRIBA;N;176113000377;-76,040676;4,240069;ACTIVA;76;VALLE DEL CAUCA;76113;BUGALAGRANDE;B;OFICIAL;OFICIAL;RURAL;MAÑANA;EDUCACIÓN MEDIA;;
276113000631;ESCUELA CAMILO TORRES N. 14;;I.P. EL MEZTIZAL;N;176113000377;-76,163995;4,225505;ACTIVA;76;VALLE DEL CAUCA;76113;BUGALAGRANDE;B;OFICIAL;OFICIAL;RURAL;MAÑANA;EDUCACIÓN BÁSICA PRIMARIA;;
276113000916;INSTITUCION CIAL MIX ANTONIO MARIN URIBE;;I.P URIBE;N;176113000377;-75,975413;4,161593;ACTIVA;76;VALLE DEL CAUCA;76113;BUGALAGRANDE;B;OFICIAL;OFICIAL;RURAL;MAÑANA;EDUCACIÓN MEDIA;2012237;FIJO
276113001084;INSTITUCION CIAL MIX ANTONIO NARIÑO SAT;;I.P LAS CHORRERAS;N;176113000377;-75,975413;4,161593;ACTIVA;76;VALLE DEL CAUCA;76113;BUGALAGRANDE;B;OFICIAL;OFICIAL;RURAL;MAÑANA;EDUCACIÓN MEDIA;2236195;FIJO
176113000041;ESCUELA N. 2 MARIA INMACULADA;;CLL 7 #5-48;N;176113000652;-76,1559618402;4,21324722364;ACTIVA;76;VALLE DEL CAUCA;76113;BUGALAGRANDE;B;OFICIAL;OFICIAL;URBANO;COMPLETA;EDUCACIÓN BÁSICA PRIMARIA;2236209;FIJO
176113000326;ESCUELA NVA N. 36 JOSE MARIA CABAL;;KR 1 B/GUALCOCHE;N;176113000652;-76,14728111;4,220249722;ACTIVA;76;VALLE DEL CAUCA;76113;BUGALAGRANDE;B;OFICIAL;OFICIAL;URBANO;COMPLETA;EDUCACIÓN BÁSICA PRIMARIA;2237823;FIJO
176113000334;ESCUELA N. 37 MAGDALENA ORTEGA DE NARIÑO;;CRA 5 #2-73;N;176113000652;-76,1579036373;4,20991633827;ACTIVA;76;VALLE DEL CAUCA;76113;BUGALAGRANDE;B;OFICIAL;OFICIAL;URBANO;COMPLETA;EDUCACIÓN BÁSICA SECUNDARIA;2737174;FIJO
176113000407;CENTRO EDUCATIVO CENT DOC N. 3 SAN JOSE;;CLL 4 #5-45;N;176113000652;-76,1577754206;4,21011083574;ACTIVA;76;VALLE DEL CAUCA;76113;BUGALAGRANDE;B;OFICIAL;OFICIAL;URBANO;COMPLETA;EDUCACIÓN BÁSICA PRIMARIA;2236329;FIJO
176113000652;INSTITUCION CIAL MIX ANTONIO NARIÑO;;CL 9 KR 6 ESQ;S;176113000652;-76,15515895;4,215173308;ACTIVA;76;VALLE DEL CAUCA;76113;BUGALAGRANDE;B;OFICIAL;OFICIAL;URBANO;COMPLETA;EDUCACIÓN MEDIA;2236195;FIJO
276113000142;ESCUELA NVA N. 11 MANUELA BELTRAN;;I.P EL GUAYABO;N;176113000652;-76,182282;4,242589;ACTIVA;76;VALLE DEL CAUCA;76113;BUGALAGRANDE;B;OFICIAL;OFICIAL;RURAL;COMPLETA;EDUCACIÓN BÁSICA PRIMARIA;;
276113000151;ESCUELA CRISTOBAL COLON;;I.P SAN ANTONIO;N;176113000652;-76,205513;4,226911;ACTIVA;76;VALLE DEL CAUCA;76113;BUGALAGRANDE;B;OFICIAL;OFICIAL;RURAL;COMPLETA;EDUCACIÓN BÁSICA SECUNDARIA;;
176122000096;CENTRO EDUCATIVO CENT DOC PARROQUIAL N. 35;;CLL 3 # 14-35;N;176122000371;-75,8273484719;4,32757883334;ACTIVA;76;VALLE DEL CAUCA;76122;CAICEDONIA;B;OFICIAL;OFICIAL;URBANO;MAÑANA;EDUCACIÓN BÁSICA PRIMARIA;2160428;FIJO
176122000312;CENTRO EDUCATIVO CENT DOC TRES DE AGOSTO N. 8;;CRA 19 # 16-37;N;176122000371;-75,8330192695;4,33742289239;ACTIVA;76;VALLE DEL CAUCA;76122;CAICEDONIA;B;OFICIAL;OFICIAL;URBANO;MAÑANA;EDUCACIÓN BÁSICA PRIMARIA;2164971;FIJO
176122000347;ESCUELA N. 4 SANTA ISABEL;;CLL 17 D -17-18 BRR/FUNDADORES;N;176122000371;-75,83123096;4,338307914;ACTIVA;76;VALLE DEL CAUCA;76122;CAICEDONIA;B;OFICIAL;OFICIAL;URBANO;MAÑANA;EDUCACIÓN BÁSICA PRIMARIA;2160717;FIJO
176122000371;NOR MAL DPTAL MARIA INMACULADA;;CRA 15 # 3-36 BRR/MARIA INMACULA;S;176122000371;-75,828086703;4,32788147397;ACTIVA;76;VALLE DEL CAUCA;76122;CAICEDONIA;B;OFICIAL;OFICIAL;URBANO;MAÑANA;EDUCACIÓN MEDIA;2161394;FIJO
176122000436;CENTRO EDUCATIVO CENT DOC ANEX MARIA INMACULADA N. 1;;KR 9 CL 5;N;176122000371;-75,82337391;4,329812381;ACTIVA;76;VALLE DEL CAUCA;76122;CAICEDONIA;B;OFICIAL;OFICIAL;URBANO;MAÑANA;EDUCACIÓN BÁSICA PRIMARIA;2162897;FIJO
176122000452;JARDIN INFANTIL MARCO FIDEL SUAREZ;;CLL 5 # 12-34 BRR/MARIA INMACULADA;N;176122000371;-75,826337636;4,32983363057;ACTIVA;76;VALLE DEL CAUCA;76122;CAICEDONIA;B;OFICIAL;OFICIAL;URBANO;MAÑANA;PREESCOLAR;2161718;FIJO
276122000040;ESCUELA LAS CARMELITAS N. 36;;VDA LAS CARMELITAS;N;176122000371;-75,833167;4,326013;ACTIVA;76;VALLE DEL CAUCA;76122;CAICEDONIA;B;OFICIAL;OFICIAL;RURAL;MAÑANA;EDUCACIÓN BÁSICA PRIMARIA;2163909;FIJO
176122000070;CONCENTRACION URB DE VARONES JOSE EUSEBIO CARO;;CLL 5 # 11-40 BRR/MARIA INMACULAD;N;176122000380;-75,8256475967;4,33000970191;ACTIVA;76;VALLE DEL CAUCA;76122;CAICEDONIA;B;OFICIAL;OFICIAL;URBANO;UNICA;EDUCACIÓN BÁSICA PRIMARIA;2160612;FIJO
176122000355;ESCUELA LAS AMERICAS N. 003;;CLL 9 # 11 - 50 BRR/LAS AMERICAS;N;176122000380;-75,8262452595;4,33294506455;ACTIVA;76;VALLE DEL CAUCA;76122;CAICEDONIA;B;OFICIAL;OFICIAL;URBANO;UNICA;EDUCACIÓN BÁSICA PRIMARIA;2160576;FIJO
176122000363;CENTRO EDUCATIVO CENT DOC GABRIELA MISTRAL N. 2;;CRA 15 # 11-46;N;176122000380;-75,8289574247;4,33418519763;ACTIVA;76;VALLE DEL CAUCA;76122;CAICEDONIA;B;OFICIAL;OFICIAL;URBANO;UNICA;EDUCACIÓN BÁSICA PRIMARIA;2160434;FIJO
176122000380;INSTITUCION EDUCATIVA BOLIVARIANO;BOLIVARIANO@SEDVALLEDELCAUCA.GOV.CO;CLL 5A # 11-15 BRR/MARIA INMACULAD;S;176122000380;-75,82531724;4,329633623;ACTIVA;76;VALLE DEL CAUCA;76122;CAICEDONIA;A;OFICIAL;OFICIAL;URBANO;UNICA;EDUCACIÓN MEDIA;3053476327;CELULAR
176126000058;GIMNASIO DEL CALIMA;VA12601@TELECOM.COM.CO;CRA 7 #5-11 BRR/OBRERO;S;176126000058;-76,4859610301;3,92877005583;ACTIVA;76;VALLE DEL CAUCA;76126;CALIMA;B;OFICIAL;OFICIAL;URBANO;UNICA;EDUCACIÓN MEDIA;2533115;FIJO
176126000074;CENTRO EDUCATIVO CENT DOC N. 2 MARIA INMACULADA;;CRA 7 #6-53 BRR/OBRERO;N;176126000058;-76,4858900933;3,92948391861;ACTIVA;76;VALLE DEL CAUCA;76126;CALIMA;B;OFICIAL;OFICIAL;URBANO;UNICA;EDUCACIÓN MEDIA;2533190;FIJO
176126000082;ESCUELA URB GABRIELA MISTRAL N. 3;;CRA 7 CLL 5 #5-56 ESQ BRR/OBRERO;N;176126000058;-76,4859610301;3,92877005583;ACTIVA;76;VALLE DEL CAUCA;76126;CALIMA;B;OFICIAL;OFICIAL;URBANO;UNICA;EDUCACIÓN MEDIA;2533135;FIJO
176126000066;UNIDAD DOC BTO CIAL SIMON BOLIVAR;;CRA 10 #9-43;S;176126000066;-76,4868292976;3,93226490503;ACTIVA;76;VALLE DEL CAUCA;76126;CALIMA;B;OFICIAL;OFICIAL;URBANO;COMPLETA;EDUCACIÓN MEDIA;2533189;FIJO
176126800003;CIUDADELA GERMAN MEJIA TASCON;;CALLE 24 CRA 11 ESQUINA BRR LA CIUDADELA;N;176126000066;-76,4824304575;3,94146009453;ACTIVA;76;VALLE DEL CAUCA;76126;CALIMA;A;OFICIAL;OFICIAL;URBANO;MAÑANA;PREESCOLAR;2533073;FIJO
276126000028;ESCUELA SAN JOSE;;CORREG SAN JOSE;N;176126000066;-76,51174951;3,958426589;ACTIVA;76;VALLE DEL CAUCA;76126;CALIMA;B;OFICIAL;OFICIAL;RURAL;COMPLETA;EDUCACIÓN BÁSICA PRIMARIA;2533281;FIJO
276126000036;ESCUELA N. 7 NTRA SRA DE FATIMA;;CORREG LA PRIMAVERA;N;176126000066;-76,44881276;3,933739682;ACTIVA;76;VALLE DEL CAUCA;76126;CALIMA;B;OFICIAL;OFICIAL;RURAL;COMPLETA;EDUCACIÓN MEDIA;2562276;FIJO
276126000109;ESCUELA POLICARPA SALAVARRITA N. 4;;IP JIGUALES;N;176126000066;-76,45416655;3,913514263;ACTIVA;76;VALLE DEL CAUCA;76126;CALIMA;B;OFICIAL;OFICIAL;RURAL;COMPLETA;EDUCACIÓN MEDIA;2562924;FIJO
276126000117;EL REMOLINO;;VDA EL VERGEL;N;176126000066;-76,454093;3,919327;ACTIVA;76;VALLE DEL CAUCA;76126;CALIMA;B;OFICIAL;OFICIAL;RURAL;COMPLETA;EDUCACIÓN MEDIA;2562246;FIJO
276126000176;ESCUELA PIO XII N.10;;CORREG EL VERGEL;N;176126000066;-76,49967374;3,917083454;ACTIVA;76;VALLE DEL CAUCA;76126;CALIMA;B;OFICIAL;OFICIAL;RURAL;COMPLETA;EDUCACIÓN MEDIA;2533189;FIJO
276126000311;CENTRO EDUCATIVO CENT DOC N. 21 LA PLAYA;;CORREG RIOBRAVO;N;176126000066;-76,52674011;3,94129447;ACTIVA;76;VALLE DEL CAUCA;76126;CALIMA;B;OFICIAL;OFICIAL;RURAL;COMPLETA;EDUCACIÓN MEDIA;2533189;FIJO
276126000451;SEDE CACIQUE ESCOBAR;JBORRERO@VALLEDELCAUCA.GOV.CO;VD RESG INDIGENA NAVERA DRUA;N;176126000066;-76,6277829464;3,94438661967;ACTIVA;76;VALLE DEL CAUCA;76126;CALIMA;A;OFICIAL;OFICIAL;RURAL;COMPLETA;EDUCACIÓN BÁSICA PRIMARIA;3187963172;CELULAR
276126000532;ESCUELA ERASMO VIVAS;;CORREG RIO BRAVO;N;176126000066;-76,602155;3,906354;ACTIVA;76;VALLE DEL CAUCA;76126;CALIMA;B;OFICIAL;OFICIAL;RURAL;FIN DE SEMANA;EDUCACIÓN MEDIA;;
276126000559;ESCUELA LLANITOS;;PARCELA LLANITOS;N;176126000066;-76,53007;3,885864;ACTIVA;76;VALLE DEL CAUCA;76126;CALIMA;B;OFICIAL;OFICIAL;RURAL;FIN DE SEMANA;EDUCACIÓN MEDIA;2533189;FIJO
176130000054;ESCUELA N. 2 FRANCISCO DE PAULA SANTANDER;;CRA 8 #11-55 BRR/LA CRUZ;N;176130000399;-76,3473303792;3,41117378783;ACTIVA;76;VALLE DEL CAUCA;76130;CANDELARIA;B;OFICIAL;OFICIAL;URBANO;UNICA;EDUCACIÓN MEDIA;2648297;FIJO
176130000062;ESCUELA N. 23 SANTO DOMINGO SAVIO;;CLL 10 CRA 11 ESQUINA;N;176130000399;-76,34982434;3,411051752;ACTIVA;76;VALLE DEL CAUCA;76130;CANDELARIA;B;OFICIAL;OFICIAL;URBANO;UNICA;EDUCACIÓN BÁSICA PRIMARIA;2648324;FIJO
176130000305;CENTRO EDUCATIVO CENT DOC N. 1 ANTONIO NARIÑO;;CLL 13 # 8-28 BRR/GAITAN;N;176130000399;-76,347003923;3,41296842734;ACTIVA;76;VALLE DEL CAUCA;76130;CANDELARIA;B;OFICIAL;OFICIAL;URBANO;UNICA;EDUCACIÓN MEDIA;2648376;FIJO
176130000330;ESCUELA ALFONSO LOPEZ PUMAREJO;;CLL 7 # 9-11 BRR/SAN JOSE OBRERO;N;176130000399;-76,3496765561;3,40754462472;ACTIVA;76;VALLE DEL CAUCA;76130;CANDELARIA;B;OFICIAL;OFICIAL;URBANO;UNICA;EDUCACIÓN MEDIA;2648386;FIJO
176130000356;INSTITUCION CIAL LA SAGRADA FAMILIA;;CLL 7 # 8-42 B / OBRERO;N;176130000399;-76,34858894;3,4076166674;ACTIVA;76;VALLE DEL CAUCA;76130;CANDELARIA;B;OFICIAL;OFICIAL;URBANO;UNICA;EDUCACIÓN MEDIA;2648373;FIJO
176130000399;COLEGIO GERMAN NIETO;;CLL 4 CRA 9 ESQUINA;S;176130000399;-76,35004355;3,40582167;ACTIVA;76;VALLE DEL CAUCA;76130;CANDELARIA;B;OFICIAL;OFICIAL;URBANO;UNICA;EDUCACIÓN MEDIA;2648252;FIJO
176130000461;SEDE SANTIAGO RENGIFO SALCEDO;JBORRERO@VALLEDELCAUCA.GOV.CO;CRA 14 # 13-26 B/ BELEN CORREG VILL;S;176130000461;-76,385139;3,396555;ACTIVA;76;VALLE DEL CAUCA;76130;CANDELARIA;A;OFICIAL;OFICIAL;URBANO;MAÑANA, NOCTURNA, TARDE;EDUCACIÓN MEDIA;3187963172;CELULAR
276130000113;SEDE SANTA TERESITA;JBORRERO@VALLEDELCAUCA.GOV.CO;CLL 11 # 8-57 CORREG VILLAGORGON;N;176130000461;-76,3476269654;3,41051160554;ACTIVA;76;VALLE DEL CAUCA;76130;CANDELARIA;A;OFICIAL;OFICIAL;RURAL;UNICA;EDUCACIÓN BÁSICA SECUNDARIA;3187963172;CELULAR
276130000288;SEDE JOSE EUSEBIO CARO;JBORRERO@VALLEDELCAUCA.GOV.CO;KR 12 10 81 CRG VILLAGORGONA;N;176130000461;-76,3859481842;3,39537597879;ACTIVA;76;VALLE DEL CAUCA;76130;CANDELARIA;A;OFICIAL;OFICIAL;RURAL;UNICA;EDUCACIÓN BÁSICA SECUNDARIA;3187963172;CELULAR
276130001217;INSTITUCION EDUCATIVA ROSENDO MONDRAGON FEIJOO;JBORRERO@VALLEDELCAUCA.GOV.CO;KR 10 O 23B 57 CRG EL CARMELO;S;176130000461;-76,3831766307;3,38209156369;ACTIVA;76;VALLE DEL CAUCA;76130;CANDELARIA;A;OFICIAL;OFICIAL;RURAL;MAÑANA, TARDE;NIVELES EDUCATIVOS ESPECIALES;3187963172;CELULAR
276130001225;SEDE MARTIN LUTHER KING 20 DE JULIO;JBORRERO@VALLEDELCAUCA.GOV.CO;KR 1 14 56;N;176130000461;-76,393804;3,401565;ACTIVA;76;VALLE DEL CAUCA;76130;CANDELARIA;A;OFICIAL;OFICIAL;RURAL;NOCTURNA;EDUCACIÓN BÁSICA PRIMARIA;3187963172;CELULAR
276130001241;SEDE EL PARAISO;JBORRERO@VALLEDELCAUCA.GOV.CO;CRG VILLAGORGONA;N;176130000461;-76,3831766307;3,38209156369;ACTIVA;76;VALLE DEL CAUCA;76130;CANDELARIA;A;OFICIAL;OFICIAL;RURAL;FIN DE SEMANA;EDUCACIÓN BÁSICA PRIMARIA;3187963172;CELULAR
176147000015;INSTITUCION TEC DE BTO CIAL SOR MARIA JULIANA;;CL 21 CR 5 Y 6 BRR/EL LLANO;S;176147000015;-75,92356594;4,747930773;ACTIVA;76;VALLE DEL CAUCA;76147;CARTAGO;B;OFICIAL;OFICIAL;URBANO;MAÑANA;EDUCACIÓN MEDIA;2138578;FIJO
176147000333;CENTRO EDUCATIVO CENT DOC N. 3 SOR MARIA ANASTASIA;;CL 19 # 6-42 BRR/EL LLANO;N;176147000015;-75,9220617662;4,74739199284;ACTIVA;76;VALLE DEL CAUCA;76147;CARTAGO;B;OFICIAL;OFICIAL;URBANO;MAÑANA;EDUCACIÓN BÁSICA PRIMARIA;2123619;FIJO
176147000350;CENTRO EDUCATIVO CENT DOC RIGOBERTO OROZCO CARDONA N. 44;;CL 21 ENTRE KR 2 Y 3;N;176147000015;-75,92518184;4,751713294;ACTIVA;76;VALLE DEL CAUCA;76147;CARTAGO;B;OFICIAL;OFICIAL;URBANO;MAÑANA;EDUCACIÓN MEDIA;2141116;FIJO
176147000627;CENTRO EDUCATIVO CENT DOC N. 9 LASTENIA DURAN VERNAZA;;CR 5 CL 20 ESQ BRR/EL LLANO;N;176147000015;-75,92324077;4,748927041;ACTIVA;76;VALLE DEL CAUCA;76147;CARTAGO;B;OFICIAL;OFICIAL;URBANO;MAÑANA;EDUCACIÓN BÁSICA PRIMARIA;2623430;FIJO
176147000112;INSTITUCION TEC IND INDALECIO PENILLA;;CLL 43 #2-199 BRR/SANTA ANA;S;176147000112;-75,9244444444;4,74944444444;ACTIVA;76;VALLE DEL CAUCA;76147;CARTAGO;B;OFICIAL;OFICIAL;URBANO;MAÑANA;EDUCACIÓN MEDIA;2119200;FIJO
176147000384;CENTRO EDUCATIVO CENT DOC ROBERTO DELGADO N. 34;;CL 51 # 2-30 BRR/SANTA ANA;N;176147000112;-75,9425;4,75833333333;ACTIVA;76;VALLE DEL CAUCA;76147;CARTAGO;B;OFICIAL;OFICIAL;URBANO;MAÑANA;EDUCACIÓN BÁSICA PRIMARIA;;
176147000392;CENTRO EDUCATIVO CENT DOC ANTONIO NARIÑO;;CL 37 CR 1 BRR/CAMPO ALEGRE;N;176147000112;-75,93461555;4,763577114;ACTIVA;76;VALLE DEL CAUCA;76147;CARTAGO;B;OFICIAL;OFICIAL;URBANO;MAÑANA;EDUCACIÓN MEDIA;2134533;FIJO
276147000583;CENTRO EDUCATIVO CENT DOC LUIS CARLOS PEÑA N. 21;;IP CAUCA;N;176147000112;-75,9508333333;4,76444444444;ACTIVA;76;VALLE DEL CAUCA;76147;CARTAGO;B;OFICIAL;OFICIAL;RURAL;UNICA;EDUCACIÓN BÁSICA PRIMARIA;;
276147001083;CENTRO EDUCATIVO CENT DOC FABIO SALAZAR GOMEZ;;VDA EL GUANABANO;N;176147000112;-75,858889;4,711389;ACTIVA;76;VALLE DEL CAUCA;76147;CARTAGO;B;OFICIAL;OFICIAL;RURAL;UNICA;EDUCACIÓN BÁSICA PRIMARIA;;
176147000236;COLEGIO NAL ACADEMICO;COLACADEMICO@HOTMAIL.COM;CR 11 CL 14-46 BRR/LA LIBERTAD;S;176147000236;-75,9169274599;4,74327699487;ACTIVA;76;VALLE DEL CAUCA;76147;CARTAGO;B;OFICIAL;OFICIAL;URBANO;MAÑANA;EDUCACIÓN MEDIA;2125784;FIJO
176147000376;CENTRO EDUCATIVO CENT DE EDUC GABO BONILLA;IEGABO@ERT.CO.COM;CR 11 CLL 16 BRR/LA LIBERTAD;S;176147000376;-75,91860872;4,743048963;ACTIVA;76;VALLE DEL CAUCA;76147;CARTAGO;B;OFICIAL;OFICIAL;URBANO;MAÑANA;EDUCACIÓN MEDIA;2148665;FIJO
176147000414;CENTRO EDUCATIVO GABO;GABOCARTAGO@UNIWEB.NET.CO;CLL 14 CRA 12;N;176147000376;-75,91757684;4,742939309;ACTIVA;76;VALLE DEL CAUCA;76147;CARTAGO;B;OFICIAL;OFICIAL;URBANO;MAÑANA;EDUCACIÓN BÁSICA PRIMARIA;2127316;FIJO
176147000431;CENTRO EDUCATIVO CENT DOC N. 14 JOHN FITZGERALD KENNEDY;;KR 7 CL 16 Y 17;N;176147000376;-75,9211111111;4,74361111111;ACTIVA;76;VALLE DEL CAUCA;76147;CARTAGO;B;OFICIAL;OFICIAL;URBANO;MAÑANA;EDUCACIÓN MEDIA;2125238;FIJO
176147000295;CENTRO EDUCATIVO CENT DOC EMPERATRIZ BUENO N. 10;;CL 5 # 17-100 BRR/SAN GERONIMO;N;176147000678;-75,9069242907;4,73645635639;ACTIVA;76;VALLE DEL CAUCA;76147;CARTAGO;B;OFICIAL;OFICIAL;URBANO;MAÑANA;EDUCACIÓN BÁSICA PRIMARIA;2145888;FIJO
176147000678;CENTRO EDUCATIVO CENT DOC N. 29 MANUEL QUINTERO PENILLA;;CL 9 # 9-39;S;176147000678;-75,9102050878;4,74518714455;ACTIVA;76;VALLE DEL CAUCA;76147;CARTAGO;B;OFICIAL;OFICIAL;URBANO;UNICA;EDUCACIÓN MEDIA;2108650;FIJO
176147001101;CENTRO EDUCATIVO CENT DE DESARROLLO VECINAL N.54;;CL 4A # 10-42 BRR/SAN JOSE;N;176147000678;-75,9061481868;4,74429123628;ACTIVA;76;VALLE DEL CAUCA;76147;CARTAGO;B;OFICIAL;OFICIAL;URBANO;MAÑANA;EDUCACIÓN MEDIA;2137151;FIJO
176147000406;CENTRO EDUCATIVO CENT DOC SAN JOSE N.31;;CR 11 # 5-84 BRR/SAN JOSE;N;176147000716;-75,9063874571;4,74308573725;ACTIVA;76;VALLE DEL CAUCA;76147;CARTAGO;B;OFICIAL;OFICIAL;URBANO;MAÑANA;EDUCACIÓN BÁSICA PRIMARIA;2107325;FIJO
176147000716;CENTRO EDUCATIVO CENT DOC RAMON MARTINEZ BENITEZ N.37;;CR 6 # 4-70 BRR/COLLAREJO;S;176147000716;-75,9060325664;4,74888719129;ACTIVA;76;VALLE DEL CAUCA;76147;CARTAGO;B;OFICIAL;OFICIAL;URBANO;MAÑANA;EDUCACIÓN MEDIA;2125876;FIJO
176147000155;CENTRO EDUCATIVO CENT DOC N. 13 MA AUXILIADORA;;CL 16 # 1-83N BRR/ISABELA;N;176147001241;-75,91858919;4,75329125;ACTIVA;76;VALLE DEL CAUCA;76147;CARTAGO;B;OFICIAL;OFICIAL;URBANO;UNICA;EDUCACIÓN BÁSICA PRIMARIA;2122946;FIJO
176147000252;CENTRO EDUCATIVO CENT DOC N. 6 MARIA INMACULADA;;CL 19 CRA 9 NORTE;N;176147001241;-75,9191666667;4,74361111111;ACTIVA;76;VALLE DEL CAUCA;76147;CARTAGO;B;OFICIAL;OFICIAL;URBANO;MAÑANA;EDUCACIÓN BÁSICA SECUNDARIA;2128589;FIJO
176147001241;COLEGIO DPTAL DE MARIA AUXILIADORA;;CL 16 # 1-83N BR/ LA ISABELA;S;176147001241;-75,91858919;4,75329125;ACTIVA;76;VALLE DEL CAUCA;76147;CARTAGO;B;OFICIAL;OFICIAL;URBANO;UNICA;EDUCACIÓN MEDIA;2122946;FIJO
176147000597;CENTRO EDUCATIVO CENT DOC MANUELA BELTRAN N. 16;;CL 52 # 52-354 BRR/SANTA ANA;N;176147001933;-75,94988333;4,762366277;ACTIVA;76;VALLE DEL CAUCA;76147;CARTAGO;B;OFICIAL;OFICIAL;URBANO;MAÑANA;EDUCACIÓN BÁSICA PRIMARIA;2109979;FIJO
176147001933;CENTRO EDUCATIVO CENT DOC MPAL ANTONIO HOLGUIN GARCES;;CLL 48 #2AN-45 BRR/SANTA ANA NORTE;S;176147001933;-75,9446782437;4,76395641713;ACTIVA;76;VALLE DEL CAUCA;76147;CARTAGO;B;OFICIAL;OFICIAL;URBANO;UNICA;EDUCACIÓN MEDIA;2119090;FIJO
176147000694;CENTRO EDUCATIVO CENT DOC SAN JUAN BOSCO N.30;;CL 2 # 3A-24 BRR/COLLAREJO;N;176147002174;-75,9039527777;4,75201267192;ACTIVA;76;VALLE DEL CAUCA;76147;CARTAGO;B;OFICIAL;OFICIAL;URBANO;UNICA;EDUCACIÓN MEDIA;2125738;FIJO
176147002174;COLEGIO TEC CIUDAD DE CARTAGO;;KR 3 CON CL 2 ESTE;S;176147002174;-75,8586111111;4,71138888889;ACTIVA;76;VALLE DEL CAUCA;76147;CARTAGO;A;OFICIAL;OFICIAL;URBANO;UNICA;EDUCACIÓN MEDIA;2116189;FIJO
176147000261;CENTRO EDUCATIVO CENT DOC N. 7 MERCEDES ABREGO;;CR 5 # 9-15 BRR/GUADALUPE;N;176147002484;-75,9109317153;4,74888235335;ACTIVA;76;VALLE DEL CAUCA;76147;CARTAGO;B;OFICIAL;OFICIAL;URBANO;MAÑANA;EDUCACIÓN BÁSICA PRIMARIA;2148585;FIJO
176147000287;CENTRO EDUCATIVO CENT DOC N.8 POLICARPA SALAVARRIETA;;CL 12 # 5-31 BRR/EL CENTRO;N;176147002484;-75,9133326372;4,74874981899;ACTIVA;76;VALLE DEL CAUCA;76147;CARTAGO;B;OFICIAL;OFICIAL;URBANO;MAÑANA;EDUCACIÓN MEDIA;2138283;FIJO
176147000317;CENTRO EDUCATIVO CENT DOC N. 1 FCO DE PAULA SANTANDER;;CL 6 _# 3-40 BRR/GUADALUPE;N;176147002484;-75,907622481;4,75144599338;ACTIVA;76;VALLE DEL CAUCA;76147;CARTAGO;B;OFICIAL;OFICIAL;URBANO;MAÑANA;EDUCACIÓN BÁSICA PRIMARIA;2144545;FIJO
176147000325;CENTRO EDUCATIVO CENT DOC N.2 FRANCISCO JOSE DE CALDAS;;CLL 14 #3-02 BRR/EL CARMEN;N;176147002484;-75,916409386;4,75094595656;ACTIVA;76;VALLE DEL CAUCA;76147;CARTAGO;B;OFICIAL;OFICIAL;URBANO;MAÑANA;EDUCACIÓN BÁSICA SECUNDARIA;2128565;FIJO
176147000465;CENTRO EDUCATIVO CENT DOC HELIODRO PEÑA PIÑEIRO N.4;;CL 11 #17-124 BRR/SAN GERONIMO;N;176147002484;-75,90628739;4,736150092;ACTIVA;76;VALLE DEL CAUCA;76147;CARTAGO;B;OFICIAL;OFICIAL;URBANO;MAÑANA;EDUCACIÓN BÁSICA PRIMARIA;2117133;FIJO
176147002484;INSTITUCION IDEI PARA JOVENES Y ADULTOS ALFONSO LOPEZ;;CLL 11 NO 6-73;S;176147002484;-75,91220943;4,74747553;ACTIVA;76;VALLE DEL CAUCA;76147;CARTAGO;B;OFICIAL;OFICIAL;URBANO;MAÑANA;EDUCACIÓN MEDIA;2138234;FIJO
176233000036;SEDE ANTONIO RICAURTE;DELSAGUA@SEDVALLEDELCAUCA.GOV.CO;CRA 19 # 7-24;N;176233000656;-76,6874686949;3,65773913841;ACTIVA;76;VALLE DEL CAUCA;76233;DAGUA;B;OFICIAL;OFICIAL;URBANO;MAÑANA;EDUCACIÓN BÁSICA SECUNDARIA;3104986042;FIJO
176233000044;SEDE ANTONIA SANTOS;DELSAGUA@SEDVALLEDELCAUCA.GOV.CO;CL 11 13 11 BRR LA CABAÑA;N;176233000656;-76,7203934654;3,64982221828;ACTIVA;76;VALLE DEL CAUCA;76233;DAGUA;B;OFICIAL;OFICIAL;URBANO;MAÑANA;EDUCACIÓN BÁSICA SECUNDARIA;3104986042;FIJO
176233000061;SEDE SANTA LUCIA;DELSAGUA@SEDVALLEDELCAUCA.GOV.CO;CLL 9 CRA 21;N;176233000656;-76,6869031;3,657149255;ACTIVA;76;VALLE DEL CAUCA;76233;DAGUA;B;OFICIAL;OFICIAL;URBANO;MAÑANA;EDUCACIÓN BÁSICA PRIMARIA;3104986042;CELULAR
176233000656;INSTITUCION EDUCATIVA GIMNASIO DEL DAGUA;DELSAGUA@SEDVALLEDELCAUCA.GOV.CO;KR 12 C URB EL LLANITO;S;176233000656;-76,69203608;3,659230704;ACTIVA;76;VALLE DEL CAUCA;76233;DAGUA;A;OFICIAL;OFICIAL;URBANO;COMPLETA, MAÑANA, NOCTURNA;EDUCACIÓN MEDIA;3104986042;CELULAR
176233000800;SEDE ANTONIO NARIÑO;DELSAGUA@SEDVALLEDELCAUCA.GOV.CO;B/ EL PORVENIR;N;176233000656;-76,68584309;3,662617973;ACTIVA;76;VALLE DEL CAUCA;76233;DAGUA;B;OFICIAL;OFICIAL;URBANO;MAÑANA;EDUCACIÓN BÁSICA PRIMARIA;3104986042;FIJO
176233001016;SEDE INDALECIO LIEVANO AGUIRRE;DELSAGUA@SEDVALLEDELCAUCA.GOV.CO;CLL 15 CRA 19 B/ BELLAVISTA;N;176233000656;-76,68841725;3,651806594;ACTIVA;76;VALLE DEL CAUCA;76233;DAGUA;B;OFICIAL;OFICIAL;URBANO;MAÑANA;EDUCACIÓN BÁSICA PRIMARIA;3104986042;FIJO
176243000026;COLEGIO JOSE MARIA CORDOBA;;CRA 4 # 4-32;S;176243000026;-76,04233103;4,910588;ACTIVA;76;VALLE DEL CAUCA;76243;EL ÁGUILA;B;OFICIAL;OFICIAL;URBANO;MAÑANA;EDUCACIÓN MEDIA;2066151;FIJO
176243000093;ESCUELA URB ANTONIA SANTOS N. 2;;CLL 6 # 3-06;N;176243000026;-76,042601243;4,90759365789;ACTIVA;76;VALLE DEL CAUCA;76243;EL ÁGUILA;B;OFICIAL;OFICIAL;URBANO;MAÑANA;EDUCACIÓN BÁSICA PRIMARIA;2066344;FIJO
176243000107;ESCUELA N. 1 SIMON BOLIVAR;;CLL 11 CRA 6 ESQ;N;176243000026;-76,04206963;4,91082078;ACTIVA;76;VALLE DEL CAUCA;76243;EL ÁGUILA;B;OFICIAL;OFICIAL;URBANO;MAÑANA;EDUCACIÓN BÁSICA PRIMARIA;2066367;FIJO
276243000063;ESCUELA SOFIA AGUDELO N. 27;;IP LA GALANA;N;176243000026;-76,02006966;4,898816489;ACTIVA;76;VALLE DEL CAUCA;76243;EL ÁGUILA;B;OFICIAL;OFICIAL;RURAL;MAÑANA;EDUCACIÓN BÁSICA PRIMARIA;2066151;FIJO
276243000144;ESCUELA ANTONIO RICAURTE N. 35;;VDA LA ESTRELLA;N;176243000026;-76,05907537;4,924143472;ACTIVA;76;VALLE DEL CAUCA;76243;EL ÁGUILA;B;OFICIAL;OFICIAL;RURAL;MAÑANA;EDUCACIÓN MEDIA;2066151;FIJO
276243000314;ESCUELA SAN AGUSTIN N. 12;;VDA EL GUAYABO;N;176243000026;-76,04402633;4,935333816;ACTIVA;76;VALLE DEL CAUCA;76243;EL ÁGUILA;B;OFICIAL;OFICIAL;RURAL;MAÑANA;EDUCACIÓN MEDIA;2066151;FIJO
276243000322;ESCUELA SANTA ANA N. 10;;VDA EL NARANJO;N;176243000026;-76,03334255;4,923341333;ACTIVA;76;VALLE DEL CAUCA;76243;EL ÁGUILA;B;OFICIAL;OFICIAL;RURAL;MAÑANA;EDUCACIÓN BÁSICA PRIMARIA;2066151;FIJO
276243000381;ESCUELA RUR N. 23 SOR MARIA JULIANA;;VDA LA TRIBUNA;N;176243000026;-76,02018863;4,905669337;ACTIVA;76;VALLE DEL CAUCA;76243;EL ÁGUILA;B;OFICIAL;OFICIAL;RURAL;MAÑANA;EDUCACIÓN BÁSICA PRIMARIA;2066151;FIJO
276243000462;CENTRO EDUCATIVO CENT DOC FCO JOSE DE CALDAS N. 24;;IP SANTA HELENA;N;176243000026;-76,05731932;4,926056559;ACTIVA;76;VALLE DEL CAUCA;76243;EL ÁGUILA;B;OFICIAL;OFICIAL;RURAL;MAÑANA;EDUCACIÓN BÁSICA PRIMARIA;2066151;FIJO
276243000608;CENTRO EDUCATIVO CENT DOC INES FERNANDEZ DE AGUDELO N. 42;;VDA BUENOS AIRES;N;176243000026;-76,00419865;4,900434523;ACTIVA;76;VALLE DEL CAUCA;76243;EL ÁGUILA;B;OFICIAL;OFICIAL;RURAL;MAÑANA;EDUCACIÓN BÁSICA PRIMARIA;2066151;FIJO
276243000616;ESCUELA RICARDO LUIS BETANCOURTH N. 43;;VDA EL ZORRO;N;176243000026;-76,06593773;4,926189809;ACTIVA;76;VALLE DEL CAUCA;76243;EL ÁGUILA;B;OFICIAL;OFICIAL;RURAL;MAÑANA;EDUCACIÓN MEDIA;2066151;FIJO
276243000721;CENTRO EDUCATIVO CENT DOC N. 36 SAGRADA FAMILIA;;VDA LA GUERRA;N;176243000026;-76,03086791;4,917011966;ACTIVA;76;VALLE DEL CAUCA;76243;EL ÁGUILA;B;OFICIAL;OFICIAL;RURAL;MAÑANA;EDUCACIÓN BÁSICA PRIMARIA;2066151;FIJO
176246000311;CENTRO EDUCATIVO CENT DOC BOLIVARIANO N.2;;CRA 4# 2 - 12;N;176246000337;-76,222967972;4,75906395513;ACTIVA;76;VALLE DEL CAUCA;76246;EL CAIRO;B;OFICIAL;OFICIAL;URBANO;COMPLETA;EDUCACIÓN BÁSICA PRIMARIA;2077156;FIJO
176246000337;UNIDAD EDUC LA PRESENTACION;;CRA 4 # 7 - 46;S;176246000337;-76,22066945;4,76108408;ACTIVA;76;VALLE DEL CAUCA;76246;EL CAIRO;B;OFICIAL;OFICIAL;URBANO;COMPLETA;EDUCACIÓN MEDIA;2077237;FIJO
276246000064;CENTRO EDUCATIVO CENT DOC CRISTO REY N. 38;;VDA LA LAGUNA;N;176246000337;-76,24304783;4,735992735;ACTIVA;76;VALLE DEL CAUCA;76246;EL CAIRO;B;OFICIAL;OFICIAL;RURAL;COMPLETA;EDUCACIÓN BÁSICA PRIMARIA;;
276246000081;CENTRO EDUCATIVO CENT DOC SIMON BOLIVAR N. 40;;VDA GUADUALITO;N;176246000337;-76,22453136;4,72268083;ACTIVA;76;VALLE DEL CAUCA;76246;EL CAIRO;B;OFICIAL;OFICIAL;RURAL;COMPLETA;EDUCACIÓN BÁSICA PRIMARIA;2077237;FIJO
276246000099;CENTRO EDUCATIVO CENT DOC SAN JUAN BOSCO N. 30;;VDA LLANO GRANDE;N;176246000337;-76,22132809;4,74476167;ACTIVA;76;VALLE DEL CAUCA;76246;EL CAIRO;B;OFICIAL;OFICIAL;RURAL;COMPLETA;EDUCACIÓN BÁSICA PRIMARIA;2077237;FIJO
276246000137;CENTRO EDUCATIVO CENT DOC ROSA ZARATE DE PEÑA N. 9;;VDA LA MIRANDA;N;176246000337;-76,19459248;4,718670259;ACTIVA;76;VALLE DEL CAUCA;76246;EL CAIRO;B;OFICIAL;OFICIAL;RURAL;COMPLETA;EDUCACIÓN BÁSICA PRIMARIA;2077237;FIJO
276246000145;CENTRO EDUCATIVO CENT DOC N. 28 FCO DE PAULA SANTANDER;;VDA LA PALMERA;N;176246000337;-76,22882817;4,734051095;ACTIVA;76;VALLE DEL CAUCA;76246;EL CAIRO;B;OFICIAL;OFICIAL;RURAL;COMPLETA;EDUCACIÓN BÁSICA PRIMARIA;2077237;FIJO
276246000161;CENTRO EDUCATIVO CENT DOC JOSE ACEVEDO Y GOMEZ N. 16;;VDA SAN JOSE DE PEÑAS BLANCAS;N;176246000337;-76,20530148;4,695036262;ACTIVA;76;VALLE DEL CAUCA;76246;EL CAIRO;B;OFICIAL;OFICIAL;RURAL;COMPLETA;EDUCACIÓN BÁSICA PRIMARIA;2077237;FIJO
276246000170;CENTRO EDUCATIVO CENT DOC CAMILO TORRES N. 17;;CORREG BELLAVISTA;N;176246000337;-76,244228;4,693084;ACTIVA;76;VALLE DEL CAUCA;76246;EL CAIRO;B;OFICIAL;OFICIAL;RURAL;COMPLETA;EDUCACIÓN BÁSICA PRIMARIA;2077237;FIJO
276246000196;CENTRO EDUCATIVO CENT DOC CRISTOBAL COLON N. 21;;VDA CAMELLONES;N;176246000337;-76,20039837;4,723762305;ACTIVA;76;VALLE DEL CAUCA;76246;EL CAIRO;B;OFICIAL;OFICIAL;RURAL;COMPLETA;EDUCACIÓN BÁSICA PRIMARIA;2077237;FIJO
276246000200;CENTRO EDUCATIVO CENT DOC ATANASIO GIRARDOT N. 8;;VDA EL EDEN;N;176246000337;-76,22597281;4,735421664;ACTIVA;76;VALLE DEL CAUCA;76246;EL CAIRO;B;OFICIAL;OFICIAL;RURAL;COMPLETA;EDUCACIÓN BÁSICA PRIMARIA;2077237;FIJO
276246000242;CENTRO EDUCATIVO CENT DOC MANUEL MARIA MALLARINO N. 25;;VDA EL BRILLANTE;N;176246000337;-76,26535765;4,754559669;ACTIVA;76;VALLE DEL CAUCA;76246;EL CAIRO;B;OFICIAL;OFICIAL;RURAL;COMPLETA;EDUCACIÓN BÁSICA PRIMARIA;2077237;FIJO
276246000340;CENTRO EDUCATIVO CENT DOC N. 5 NTRA SRA DE LAS MERCEDES;;CORREG DE ALBAN;N;176246000337;-76,17338613;4,783911425;ACTIVA;76;VALLE DEL CAUCA;76246;EL CAIRO;B;OFICIAL;OFICIAL;RURAL;COMPLETA;EDUCACIÓN BÁSICA PRIMARIA;2077237;FIJO
276246000382;CENTRO EDUCATIVO CENT DOC FRANCISCO ANTONIO ZEA N. 7;;VDA SAN JOSE DEL CAIRO;N;176246000337;-76,27689804;4,743911581;ACTIVA;76;VALLE DEL CAUCA;76246;EL CAIRO;B;OFICIAL;OFICIAL;RURAL;COMPLETA;EDUCACIÓN BÁSICA PRIMARIA;5202163;FIJO
276246000501;CENTRO EDUCATIVO CENT DOC SAN NICOLAS;;VDA LA GUAJIRA;N;176246000337;-76,19554569;4,687041273;ACTIVA;76;VALLE DEL CAUCA;76246;EL CAIRO;B;OFICIAL;OFICIAL;RURAL;COMPLETA;EDUCACIÓN BÁSICA PRIMARIA;2077237;FIJO
276246000633;CENTRO EDUCATIVO CENT DOC SIETE DE AGOSTO N. 41;;VDA LA SONORA;N;176246000337;-76,2334743;4,69478047;ACTIVA;76;VALLE DEL CAUCA;76246;EL CAIRO;B;OFICIAL;OFICIAL;RURAL;COMPLETA;EDUCACIÓN BÁSICA PRIMARIA;2077237;FIJO
276246000641;ESCUELA RICARDO NIETO N. 35;;VDA EL JARDIN;N;176246000337;-76,23111245;4,717375832;ACTIVA;76;VALLE DEL CAUCA;76246;EL CAIRO;B;OFICIAL;OFICIAL;RURAL;COMPLETA;EDUCACIÓN BÁSICA PRIMARIA;;
176246000027;CENTRO EDUCATIVO CENT DOC GILBERTO ALZATE AVENDAÑO;;CLL 7A # 6 - 44;N;176246000663;-76,2220071;4,761838652;ACTIVA;76;VALLE DEL CAUCA;76246;EL CAIRO;B;OFICIAL;OFICIAL;URBANO;MAÑANA;EDUCACIÓN MEDIA;2077224;FIJO
176246000663;COLEGIO GILBERTO ALZATE AVENDAÑO;;CRA 7 CLL 12 ESQ.;S;176246000663;-76,2203836;4,764624016;ACTIVA;76;VALLE DEL CAUCA;76246;EL CAIRO;B;OFICIAL;OFICIAL;URBANO;MAÑANA;EDUCACIÓN MEDIA;2077151;FIJO
276246000056;CENTRO EDUCATIVO CENT DOC RAFAEL NUÑEZ N. 37;;VDA LA SIBERIA;N;176246000663;-76,19528253;4,768360543;ACTIVA;76;VALLE DEL CAUCA;76246;EL CAIRO;B;OFICIAL;OFICIAL;RURAL;MAÑANA;EDUCACIÓN BÁSICA PRIMARIA;2077156;FIJO
276246000129;GENERAL CARLOS ALBAN;;VDA EL MADROÑO;N;176246000663;-76,19546574;4,742248338;ACTIVA;76;VALLE DEL CAUCA;76246;EL CAIRO;B;OFICIAL;OFICIAL;RURAL;MAÑANA;EDUCACIÓN BÁSICA PRIMARIA;;
276246000251;CENTRO EDUCATIVO CENT DOC PIO XII N. 29;;VDA LA ESTRELLA;N;176246000663;-76,201937;4,772059;ACTIVA;76;VALLE DEL CAUCA;76246;EL CAIRO;B;OFICIAL;OFICIAL;RURAL;MAÑANA;EDUCACIÓN BÁSICA PRIMARIA;2077156;FIJO
276246000269;CENTRO EDUCATIVO CENT DOC JUAN XXIII N. 12;;VDA EL PIÑUELO;N;176246000663;-76,19480663;4,775558412;ACTIVA;76;VALLE DEL CAUCA;76246;EL CAIRO;B;OFICIAL;OFICIAL;RURAL;MAÑANA;EDUCACIÓN BÁSICA PRIMARIA;2077156;FIJO
276246000277;CENTRO EDUCATIVO CENT DOC JOSE MARIA CORDOBA N. 10;;VDA BUENOS AIRES;N;176246000663;-76,17687089;4,732536568;ACTIVA;76;VALLE DEL CAUCA;76246;EL CAIRO;B;OFICIAL;OFICIAL;RURAL;MAÑANA;EDUCACIÓN BÁSICA PRIMARIA;2077156;FIJO
276246000391;CENTRO EDUCATIVO CENT DOC ANTONIO NARIÑO N. 11;;VDA ALTO CIELO;N;176246000663;-76,20235666;4,755080771;ACTIVA;76;VALLE DEL CAUCA;76246;EL CAIRO;B;OFICIAL;OFICIAL;RURAL;MAÑANA;EDUCACIÓN BÁSICA PRIMARIA;2077156;FIJO
276246000412;CENTRO EDUCATIVO CENT DOC GONZALO JIMENEZ DE QUESADA N. 20;;VDA LA ALEJANDRIA;N;176246000663;-76,15431773;4,756491791;ACTIVA;76;VALLE DEL CAUCA;76246;EL CAIRO;B;OFICIAL;OFICIAL;RURAL;MAÑANA;EDUCACIÓN BÁSICA PRIMARIA;;
276246000439;CENTRO EDUCATIVO CENT DOC MARCO FIDEL SUAREZ N. 14;;VDA SANTA RITA;N;176246000663;-76,16676597;4,80364337;ACTIVA;76;VALLE DEL CAUCA;76246;EL CAIRO;B;OFICIAL;OFICIAL;RURAL;MAÑANA;EDUCACIÓN BÁSICA PRIMARIA;2077156;FIJO
276246000447;CENTRO EDUCATIVO CENT DOC RUFINO JOSE CUERVO N. 13;;CORREG SALMELIA;N;176246000663;-76,16746022;4,73986785;ACTIVA;76;VALLE DEL CAUCA;76246;EL CAIRO;B;OFICIAL;OFICIAL;RURAL;MAÑANA;EDUCACIÓN BÁSICA PRIMARIA;2077156;FIJO
276246000510;CENTRO EDUCATIVO CENT DOC JOSE MARIA VARGAS N. 33;;CORREG ALTO BONITO;N;176246000663;-76,18567188;4,803653502;ACTIVA;76;VALLE DEL CAUCA;76246;EL CAIRO;B;OFICIAL;OFICIAL;RURAL;MAÑANA;EDUCACIÓN BÁSICA PRIMARIA;2077156;FIJO
276246000536;COLEGIO GILBERTO ALZATE SAT ALBAN;;CORREG DE ALBAN;N;176246000663;-76,172407;4,780932;ACTIVA;76;VALLE DEL CAUCA;76246;EL CAIRO;B;OFICIAL;OFICIAL;RURAL;MAÑANA;EDUCACIÓN MEDIA;2057639;FIJO
276246000552;CENTRO EDUCATIVO CENT DOC AMPARO MORALES VALENCIA N. 42;;VDA LAS MARGARITAS;N;176246000663;-76,19167411;4,760245094;ACTIVA;76;VALLE DEL CAUCA;76246;EL CAIRO;B;OFICIAL;OFICIAL;RURAL;MAÑANA;EDUCACIÓN BÁSICA PRIMARIA;;
276246000625;CENTRO EDUCATIVO CENT DOC PABLO VI N. 39;;VDA. EL RETIRO;N;176246000663;-76,20897632;4,788463023;ACTIVA;76;VALLE DEL CAUCA;76246;EL CAIRO;B;OFICIAL;OFICIAL;RURAL;MAÑANA;EDUCACIÓN BÁSICA PRIMARIA;2077156;FIJO
276246000684;ANTONIO RICAURTE;;VDA EL PACIFICO;N;176246000663;-76,17139512;4,809316619;ACTIVA;76;VALLE DEL CAUCA;76246;EL CAIRO;B;OFICIAL;OFICIAL;RURAL;MAÑANA;EDUCACIÓN BÁSICA PRIMARIA;;
276246000706;CENTRO EDUCATIVO CENT DOC DIVINO NIÑO N. 43;;VDA LA CANCANA;N;176246000663;-76,208952;4,765325;ACTIVA;76;VALLE DEL CAUCA;76246;EL CAIRO;B;OFICIAL;OFICIAL;RURAL;MAÑANA;EDUCACIÓN BÁSICA PRIMARIA;2077156;FIJO
176248000202;CENTRO EDUCATIVO CENT DOC N.1 PEDRO ANTONIO MOLINA;;CRA 11 # 7-11 B.EL CENTRO;N;176248000008;-76,3121560025;3,68492806645;ACTIVA;76;VALLE DEL CAUCA;76248;EL CERRITO;B;OFICIAL;OFICIAL;URBANO;COMPLETA;EDUCACIÓN MEDIA;2565206;FIJO
176248000229;CENTRO EDUCATIVO CENT DOC N.3 MARIA INMACULADA;;CLL 8 #9-69;N;176248000008;-76,3105927252;3,68513112544;ACTIVA;76;VALLE DEL CAUCA;76248;EL CERRITO;B;OFICIAL;OFICIAL;URBANO;COMPLETA;EDUCACIÓN BÁSICA PRIMARIA;2565270;FIJO
176248000296;CENTRO EDUCATIVO CENT DOC N.6 MARIA MONTESSORI;;CLL 6 #11-11;N;176248000008;-76,3121651802;3,68305149069;ACTIVA;76;VALLE DEL CAUCA;76248;EL CERRITO;B;OFICIAL;OFICIAL;URBANO;COMPLETA;PREESCOLAR;2565221;FIJO
176248000440;CENTRO EDUCATIVO CENT DOC N. 24 GUILLERMO LEON VALENCIA;;CLL 1 # 1-24 BRR/EL PRADO;N;176248000008;-76,3034906108;3,67875880943;ACTIVA;76;VALLE DEL CAUCA;76248;EL CERRITO;B;OFICIAL;OFICIAL;URBANO;COMPLETA;EDUCACIÓN BÁSICA PRIMARIA;2567425;FIJO
176248000466;SEDE EDUARDO CABAL MOLINA;JBORRERO@VALLEDELCAUCA.GOV.CO;KR 11B 10 17;S;176248000008;-76,3134103441;3,68295703803;ACTIVA;76;VALLE DEL CAUCA;76248;EL CERRITO;A;OFICIAL;OFICIAL;URBANO;COMPLETA;EDUCACIÓN MEDIA;3187963172;CELULAR
276248000185;CENTRO EDUCATIVO CENT DOC N. 14 RICARDO CIFUENTES RIOMAÑA;;VDA SAN FERNANDO;N;176248000008;-76,3550167415;3,68589317952;ACTIVA;76;VALLE DEL CAUCA;76248;EL CERRITO;B;OFICIAL;OFICIAL;RURAL;COMPLETA;EDUCACIÓN BÁSICA PRIMARIA;2565537;FIJO
176248000024;COLEGIO JORGE ISAACS;ISAACSIANO@TELECOM.COM.CO;CRA 7 #8-29 BRR/EL ROSARIO;S;176248000024;-76,274067;3,61544;ACTIVA;76;VALLE DEL CAUCA;76248;EL CERRITO;B;OFICIAL;OFICIAL;URBANO;UNICA;EDUCACIÓN MEDIA;2565361;FIJO
176248000245;CENTRO EDUCATIVO CENT JOSE CELESTINO MUTIS;;CLL 3 #5-75;N;176248000024;-76,3074240124;3,68046333639;ACTIVA;76;VALLE DEL CAUCA;76248;EL CERRITO;B;OFICIAL;OFICIAL;URBANO;UNICA;EDUCACIÓN BÁSICA PRIMARIA;2565945;FIJO
176248000288;CENTRO EDUCATIVO CENT DOC N. 7 PEDRO VICENTE MONTAÑO;;CLL 8 KR 1 Y 5;N;176248000024;-76,3063500132;3,68502093371;ACTIVA;76;VALLE DEL CAUCA;76248;EL CERRITO;B;OFICIAL;OFICIAL;URBANO;UNICA;EDUCACIÓN MEDIA;2565955;FIJO
176248000431;CENTRO EDUCATIVO CENT DOC N. 27 SANTA BARBARA;;CLL 9 CRA 21 Y 22;N;176248000024;-76,3212302036;3,68655294803;ACTIVA;76;VALLE DEL CAUCA;76248;EL CERRITO;B;OFICIAL;OFICIAL;URBANO;UNICA;EDUCACIÓN BÁSICA SECUNDARIA;2567359;FIJO
176248000458;CENTRO EDUCATIVO CENT DOC JOSE IGNACIO RENGIFO N. 2;;CRA 17 CL 9 Y 10;N;176248000024;-76,317688164;3,68693204239;ACTIVA;76;VALLE DEL CAUCA;76248;EL CERRITO;B;OFICIAL;OFICIAL;URBANO;UNICA;EDUCACIÓN MEDIA;2567445;FIJO
276248000398;CENTRO EDUCATIVO CENT DOC N. 15 SIMON BOLIVAR;;VDA GUACANAL;N;176248000024;-76,374719;3,682202;ACTIVA;76;VALLE DEL CAUCA;76248;EL CERRITO;B;OFICIAL;OFICIAL;RURAL;UNICA;EDUCACIÓN MEDIA;;
476248000613;ESCUELA EL CINCUENTENARIO;;CRA 10 # 4-21 BRR/ CINCUENTENARI;N;176248000024;-76,3111943419;3,68208489336;ACTIVA;76;VALLE DEL CAUCA;76248;EL CERRITO;B;ORGANIZACIÓN CON FINES DE LUCRO;NO OFICIAL;RURAL;UNICA;EDUCACIÓN BÁSICA SECUNDARIA;2566619;FIJO
176250000015;ESCUELA URB MIX MA INMACULADA N. 24;;CRA 10 # 12-26;N;176250000261;-76,23658949;4,506938358;ACTIVA;76;VALLE DEL CAUCA;76250;EL DOVIO;B;OFICIAL;OFICIAL;URBANO;UNICA;EDUCACIÓN BÁSICA PRIMARIA;2229113;FIJO
176250000244;ESCUELA N. 2 POLICARPA SALAVARRIETA;;CRA 9 # 5-75;N;176250000261;-76,2366438321;4,512841905;ACTIVA;76;VALLE DEL CAUCA;76250;EL DOVIO;B;OFICIAL;OFICIAL;URBANO;UNICA;EDUCACIÓN BÁSICA SECUNDARIA;2229144;FIJO
176250000261;COLEGIO PBRO JOSE MA FALLA;;CLL 15 # 12-79 AV LAUREANO GOMEZ;S;176250000261;-76,2351169899;4,50539922837;ACTIVA;76;VALLE DEL CAUCA;76250;EL DOVIO;B;OFICIAL;OFICIAL;URBANO;UNICA;EDUCACIÓN MEDIA;2229184;FIJO
176250000295;ESCUELA JOSE JOAQUIN JARAMILLO N.27;;CLL 5 # 4-32 AV PLAZA DE FERIAS BR;N;176250000261;-76,23606588;4,513553914;ACTIVA;76;VALLE DEL CAUCA;76250;EL DOVIO;B;OFICIAL;OFICIAL;URBANO;UNICA;EDUCACIÓN BÁSICA PRIMARIA;2229294;FIJO
176250000414;ESCUELA SANTISIMO SACRAMENTO N.41;;CLL 11 # 9-60;N;176250000261;-76,2366569239;4,50757551687;ACTIVA;76;VALLE DEL CAUCA;76250;EL DOVIO;B;OFICIAL;OFICIAL;URBANO;UNICA;EDUCACIÓN BÁSICA PRIMARIA;2229193;FIJO
276250000044;ESCUELA RUR MIX BENJAMIN PEREA N. 22;;VDA LA MARIA;N;176250000261;-76,25798568;4,51762184;ACTIVA;76;VALLE DEL CAUCA;76250;EL DOVIO;B;OFICIAL;OFICIAL;RURAL;UNICA;EDUCACIÓN BÁSICA PRIMARIA;2229184;FIJO
276250000061;ESCUELA ELVIRA PEÑA N. 20;;VDA LA ESPERANZA;N;176250000261;-76,25116138;4,487726292;ACTIVA;76;VALLE DEL CAUCA;76250;EL DOVIO;B;OFICIAL;OFICIAL;RURAL;UNICA;EDUCACIÓN BÁSICA SECUNDARIA;2229184;FIJO
276250000079;ESCUELA MANUELA BELTRAN N. 19;;VDA CALLE LARGA;N;176250000261;-76,24499382;4,497015708;ACTIVA;76;VALLE DEL CAUCA;76250;EL DOVIO;B;OFICIAL;OFICIAL;RURAL;UNICA;EDUCACIÓN BÁSICA PRIMARIA;2229184;FIJO
276250000109;ESCUELA NICOLAS BORRERO OLANO N.16;;VDA MATECAÑA;N;176250000261;-76,22244129;4,499645805;ACTIVA;76;VALLE DEL CAUCA;76250;EL DOVIO;B;OFICIAL;OFICIAL;RURAL;UNICA;EDUCACIÓN BÁSICA PRIMARIA;2229184;FIJO
276250000176;ESCUELA VEINTE DE JUIO N. 9;;VDA EL LULAR;N;176250000261;-76,37836737;4,50933497;ACTIVA;76;VALLE DEL CAUCA;76250;EL DOVIO;B;OFICIAL;OFICIAL;RURAL;UNICA;EDUCACIÓN BÁSICA PRIMARIA;2229184;FIJO
276250000184;ESCUELA RICARDO MUÑOZ N. 8;;VDA LA CABAÑA;N;176250000261;-76,37836737;4,50933497;ACTIVA;76;VALLE DEL CAUCA;76250;EL DOVIO;B;OFICIAL;OFICIAL;RURAL;UNICA;EDUCACIÓN BÁSICA PRIMARIA;5202167;FIJO
276250000206;ESCUELA SAN JUAN BAUTISTA N. 6;;VDA EL CRUCERO;N;176250000261;-76,21995713;4,525277359;ACTIVA;76;VALLE DEL CAUCA;76250;EL DOVIO;B;OFICIAL;OFICIAL;RURAL;UNICA;EDUCACIÓN BÁSICA PRIMARIA;2229184;FIJO
276250000222;ESCUELA STA TERESITA N. 4;;CORREG LITUANIA;N;176250000261;-76,35198747;4,51297158;ACTIVA;76;VALLE DEL CAUCA;76250;EL DOVIO;B;OFICIAL;OFICIAL;RURAL;UNICA;EDUCACIÓN MEDIA;2229184;FIJO
276250000231;ESCUELA FRANCISCO JOSE DE CALDAS N.3;;VDA SAMANA;N;176250000261;-76,23709401;4,492351964;ACTIVA;76;VALLE DEL CAUCA;76250;EL DOVIO;B;OFICIAL;OFICIAL;RURAL;UNICA;EDUCACIÓN BÁSICA PRIMARIA;2229184;FIJO
276250000273;ESCUELA PIO XII N. 31;;CORREG EL ORO;N;176250000261;-76,37836737;4,50933497;ACTIVA;76;VALLE DEL CAUCA;76250;EL DOVIO;B;OFICIAL;OFICIAL;RURAL;UNICA;EDUCACIÓN BÁSICA PRIMARIA;2229184;FIJO
276250000281;ESCUELA ANTONIO NARIÑO N.47;;VDA BELLAVISTA;N;176250000261;-76,19628625;4,530588316;ACTIVA;76;VALLE DEL CAUCA;76250;EL DOVIO;B;OFICIAL;OFICIAL;RURAL;UNICA;EDUCACIÓN BÁSICA PRIMARIA;2229184;FIJO
176275000010;INSTITUCION LAS AMERICAS;;CRA 19 # 9-66 BRR/LA ESPERANZA;S;176275000010;-76,235442922;3,32514811849;ACTIVA;76;VALLE DEL CAUCA;76275;FLORIDA;B;OFICIAL;OFICIAL;URBANO;COMPLETA;EDUCACIÓN MEDIA;2642106;FIJO
176275000281;CENTRO EDUCATIVO CENT DOC N. 9 ANTONIA SANTOS;;CRA 18 CLL 5 ESQ BRR/EL PARAISO;N;176275000010;-76,23691753;3,321650423;ACTIVA;76;VALLE DEL CAUCA;76275;FLORIDA;B;OFICIAL;OFICIAL;URBANO;COMPLETA;EDUCACIÓN BÁSICA PRIMARIA;2642069;FIJO
176275000494;CENTRO EDUCATIVO CENT DOC N. 42 JOSE EUSEBIO CARO;;CLL 12 CRA 20 BRR/PEREZ;N;176275000010;-76,23515693;3,327677458;ACTIVA;76;VALLE DEL CAUCA;76275;FLORIDA;B;OFICIAL;OFICIAL;URBANO;COMPLETA;EDUCACIÓN MEDIA;2640527;FIJO