COD_DANE;NOMBRE_INSTITUCION;CORREO_INSTITUCIONAL;DIRECCION;SEDE_PRINCIPAL;COD_SEDE_PRINCIPAL;LONGITUD;LATITUD;ESTADO;ID_DEPARTAMENTO;DEPARTAMENTO;ID_MUNICIPIO;MUNICIPIO;CALENDARIO;NATURALEZA;SECTOR;ZONA;JORNADA;NIVEL;TELEFONO;TIPO_TELEFONO
105001015211;INSTITUCION EDUCATIVA LA LIBERTAD;;DIAG 17 DD # 56 B 49;S;105001015211;-75,541075689;6,239640218;ACTIVA;05;ANTIOQUIA;05001;MEDELLÍN;A;OFICIAL;OFICIAL;URBANO;MAÑANA;EDUCACIÓN MEDIA;2215615;FIJO
105001015229;INSTITUCION EDUCATIVA VILLA TURBAY;;CR 2 # 55 F 17;S;105001015229;-75,530133257;6,235703914;ACTIVA;05;ANTIOQUIA;05001;MEDELLÍN;A;OFICIAL;OFICIAL;URBANO;UNICA;EDUCACIÓN MEDIA;2698211;FIJO
105001015831;INSTITUCION EDUCATIVA VALLEJUELOS;;CR 104 C # 62-20;S;105001015831;-75,614425649;6,276813703;ACTIVA;05;ANTIOQUIA;05001;MEDELLÍN;A;OFICIAL;OFICIAL;URBANO;UNICA;EDUCACIÓN MEDIA;4262975;FIJO
105001011428;ESCUELA TRICENTENARIO;;CR 63 A # 94 A 23;N;105001016420;-75,565830964;6,290369315;ACTIVA;05;ANTIOQUIA;05001;MEDELLÍN;A;OFICIAL;OFICIAL;URBANO;UNICA;EDUCACIÓN BÁSICA PRIMARIA;2671734;FIJO
105001016420;INSTITUCION EDUCATIVA TRICENTENARIO;;CR 63 A # 94 A 629;S;105001016420;-75,564843664;6,291966912;ACTIVA;05;ANTIOQUIA;05001;MEDELLÍN;A;OFICIAL;OFICIAL;URBANO;UNICA;EDUCACIÓN MEDIA;4713914;FIJO
105001017132;INSTITUCION EDUCATIVA FE Y ALEGRIA SAN JOSE;;CLL 86 # 92-60;S;105001017132;-75,589985319;6,291269344;ACTIVA;05;ANTIOQUIA;05001;MEDELLÍN;A;OFICIAL;OFICIAL;URBANO;MAÑANA;EDUCACIÓN MEDIA;4414908;FIJO
105001017400;INSTITUCION EDUCATIVA LAS GOLONDRINAS;;CLL 65 # 16 D 198;S;105001017400;-75,539602508;6,25665387;ACTIVA;05;ANTIOQUIA;05001;MEDELLÍN;A;OFICIAL;OFICIAL;URBANO;UNICA;EDUCACIÓN MEDIA;2845326;FIJO
105001017876;INSTITUCION EDUCATIVA FRANCISCO LUIS HERNANDEZ;;CLL 87 # 50 AA 21;S;105001017876;-75,559989317;6,278664783;ACTIVA;05;ANTIOQUIA;05001;MEDELLÍN;A;OFICIAL;OFICIAL;URBANO;UNICA;EDUCACIÓN MEDIA;2585010;FIJO
105001002658;ESCUELA ALEJO PIMIENTA;;CLL 96 # 70-43;N;105001017965;-75,573951568;6,29144924;ACTIVA;05;ANTIOQUIA;05001;MEDELLÍN;A;OFICIAL;OFICIAL;URBANO;MAÑANA;EDUCACIÓN BÁSICA SECUNDARIA;2371508;FIJO
105001017965;INSTITUCION EDUCATIVA MANUEL JOSE GOMEZ;INJGOMEZ@EDUCAME.GOV.CO;CR 71 # 97-101;S;105001017965;-75,573582944;6,294065152;ACTIVA;05;ANTIOQUIA;05001;MEDELLÍN;A;OFICIAL;OFICIAL;URBANO;ESPECIAL;EDUCACIÓN MEDIA;4715574;FIJO
105001018759;INSTITUCION EDUCATIVA FE Y ALEGRIA EL LIMONAR;;CLL 4 # 4 A ESTE 155;S;105001018759;-75,642249;6,174378;ACTIVA;05;ANTIOQUIA;05001;MEDELLÍN;A;OFICIAL;OFICIAL;URBANO;UNICA;EDUCACIÓN MEDIA;3370653;FIJO
405001021265;ESCUELA VENTANITAS;IVENTANI@EDUCAME.GOV.CO;CR 3 A ESTE CON CLL 4 BB;N;105001018759;-75,644494;6,175561;ACTIVA;05;ANTIOQUIA;05001;MEDELLÍN;A;ORGANIZACIÓN CON FINES DE LUCRO;NO OFICIAL;RURAL;UNICA;EDUCACIÓN BÁSICA PRIMARIA;2867759;FIJO
105001019011;INSTITUCION EDUCATIVA SAUL LONDOÑO LONDOÑO;;CLL 48 DD # 99 F 99;S;105001019011;-75,616303991;6,268431442;ACTIVA;05;ANTIOQUIA;05001;MEDELLÍN;A;OFICIAL;OFICIAL;URBANO;UNICA;EDUCACIÓN MEDIA;4922768;FIJO
105001000345;ESCUELA STA MARIA GORETTI;;CLL 67 # 48 A 32;N;105001019062;-75,559003905;6,263603178;ACTIVA;05;ANTIOQUIA;05001;MEDELLÍN;A;OFICIAL;OFICIAL;URBANO;UNICA;EDUCACIÓN BÁSICA PRIMARIA;2334295;FIJO
105001019062;INSTITUCION EDUCATIVA ALFONSO MORA NARANJO`;;CR 48 A # 77-68;S;105001019062;-75,556997047;6,271177582;ACTIVA;05;ANTIOQUIA;05001;MEDELLÍN;A;OFICIAL;OFICIAL;URBANO;UNICA;EDUCACIÓN MEDIA;2118237;FIJO
105001002267;ESCUELA SOR MARIA LUISA COURBIN;;CR 12 # 52-44;N;105001019089;-75,538441832;6,233761127;ACTIVA;05;ANTIOQUIA;05001;MEDELLÍN;A;OFICIAL;OFICIAL;URBANO;UNICA;EDUCACIÓN MEDIA;2260591;FIJO
105001002879;ESCUELA HOG ANTIOQUIA;;CLL 52 A # 12-34;N;105001019089;-75,539199682;6,234325744;ACTIVA;05;ANTIOQUIA;05001;MEDELLÍN;A;OFICIAL;OFICIAL;URBANO;UNICA;EDUCACIÓN BÁSICA PRIMARIA;2260631;FIJO
105001019089;INSTITUCION EDUCATIVA VIDA PARA TODOS;;CR 12 # 52-20;S;105001019089;-75,539013917;6,233723235;ACTIVA;05;ANTIOQUIA;05001;MEDELLÍN;A;OFICIAL;OFICIAL;URBANO;UNICA;EDUCACIÓN MEDIA;2260571;FIJO
105001001325;ESCUELA RAFAEL J MEJIA C;IRMEJIA@EDUCAME.GOC.CO;CLL 102 # 74 A 109;N;105001019194;-75,575358398;6,300198847;ACTIVA;05;ANTIOQUIA;05001;MEDELLÍN;A;OFICIAL;OFICIAL;URBANO;UNICA;EDUCACIÓN BÁSICA PRIMARIA;2672681;FIJO
105001019194;INSTITUCION EDUCATIVA EL PEDREGAL;;CLL 102 # 74 A 47;S;105001019194;-75,575358398;6,300198847;ACTIVA;05;ANTIOQUIA;05001;MEDELLÍN;A;OFICIAL;OFICIAL;URBANO;UNICA;EDUCACIÓN MEDIA;4783320;FIJO
105001012581;ESCUELA RUR REINO BELGICA;IRBELGIC@EPM.NET.CO;CR 23 # 94-33;N;105001019305;-75,538823274;6,284842044;ACTIVA;05;ANTIOQUIA;05001;MEDELLÍN;A;OFICIAL;OFICIAL;URBANO;UNICA;EDUCACIÓN MEDIA;5290254;FIJO
105001019305;INSTITUCION EDUCATIVA LA AVANZADA;IAVANZA@EPM.NET.CO;CR 27 # 106 BB 65;S;105001019305;-75,539208199;6,2944272;ACTIVA;05;ANTIOQUIA;05001;MEDELLÍN;A;OFICIAL;OFICIAL;URBANO;MAÑANA;EDUCACIÓN MEDIA;5721377;FIJO
105001000311;ESCUELA URB PEDRO NEL OSPINA;;CL 62 C # 105C-45;N;105001019330;-75,61691928;6,276603162;ACTIVA;05;ANTIOQUIA;05001;MEDELLÍN;A;OFICIAL;OFICIAL;URBANO;UNICA;EDUCACIÓN BÁSICA PRIMARIA;4270846;FIJO
105001019330;INSTITUCION EDUCATIVA BARRIO STA MARGARITA;;CLL 62 D # 108 BB 160;S;105001019330;-75,62019632;6,27737934556;ACTIVA;05;ANTIOQUIA;05001;MEDELLÍN;A;OFICIAL;OFICIAL;URBANO;UNICA;EDUCACIÓN MEDIA;4271046;FIJO
105001021555;ESCUELA STA MARGARITA;;CR 105 C # 62-68;N;105001019330;-75,6158516277;6,27645285847;ACTIVA;05;ANTIOQUIA;05001;MEDELLÍN;A;OFICIAL;OFICIAL;URBANO;UNICA;EDUCACIÓN BÁSICA PRIMARIA;4271134;FIJO
105001008001;ESCUELA NIÑO JESUS DE PRAGA;;CLL57 C # 23-200;N;105001019429;-75,545828992;6,248734996;ACTIVA;05;ANTIOQUIA;05001;MEDELLÍN;A;OFICIAL;OFICIAL;URBANO;UNICA;EDUCACIÓN BÁSICA SECUNDARIA;2842112;FIJO
105001017396;ESCUELA URB EL PINAL;;CLL 56 EE # 25 AA 17;N;105001019429;-75,544055158;6,246195659;ACTIVA;05;ANTIOQUIA;05001;MEDELLÍN;A;OFICIAL;OFICIAL;URBANO;UNICA;EDUCACIÓN MEDIA;2210099;FIJO
105001018309;ESCUELA COLINAS DE ENCISO;;CR 24 B # 57 EE 20;N;105001019429;-75,546127155;6,250209737;ACTIVA;05;ANTIOQUIA;05001;MEDELLÍN;A;OFICIAL;OFICIAL;URBANO;UNICA;EDUCACIÓN BÁSICA PRIMARIA;2847983;FIJO
105001019429;INSTITUCION EDUCATIVA LUIS CARLOS GALAN SARMIENTO;;CR 24 B # 58-45;S;105001019429;-75,547096453;6,250244465;ACTIVA;05;ANTIOQUIA;05001;MEDELLÍN;A;OFICIAL;OFICIAL;URBANO;UNICA;EDUCACIÓN MEDIA;2848292;FIJO
105001003182;ESCUELA URB PBRO FIDEL ANTONIO SALDARRIA;;CR 48 103A-7;N;105001019453;-75,5537401447;6,29421464151;ACTIVA;05;ANTIOQUIA;05001;MEDELLÍN;A;OFICIAL;OFICIAL;URBANO;UNICA;EDUCACIÓN BÁSICA SECUNDARIA;2368687;FIJO
105001019453;INSTITUCION EDUCATIVA VILLA DEL SOCORRO;IVSOCORR@EDUCAME.GOV.CO;CLL 104 C # 48-50;S;105001019453;-75,5540727863;6,29536275355;ACTIVA;05;ANTIOQUIA;05001;MEDELLÍN;A;OFICIAL;OFICIAL;URBANO;UNICA;EDUCACIÓN MEDIA;5218673;FIJO
105001026018;SECCION VILLA NIZA;;CL 104 A # 50-41;N;105001019453;-75,5565850978;6,29529678631;ACTIVA;05;ANTIOQUIA;05001;MEDELLÍN;A;OFICIAL;OFICIAL;URBANO;NOCTURNA;EDUCACIÓN MEDIA;5218673;FIJO
105001019534;COLEGIO RODRIGO LARA BONILLA;IRLARA@EDUCAME.GOV.CO;CR 25 # 69 D 35 B. VERSALLES DOS;S;105001019534;-75,540766964;6,264129099;ACTIVA;05;ANTIOQUIA;05001;MEDELLÍN;A;OFICIAL;OFICIAL;URBANO;UNICA;EDUCACIÓN MEDIA;2849094;FIJO
105001019674;INSTITUCION EDUCATIVA MIRAFLORES LUIS EDO VALENCIA GARCIA;;CLL 48 # 27-05;S;105001019674;-75,551516132;6,239058448;ACTIVA;05;ANTIOQUIA;05001;MEDELLÍN;A;OFICIAL;OFICIAL;URBANO;UNICA;EDUCACIÓN MEDIA;2699227;FIJO
105001002917;ESCUELA CARDENAL CRISANTO LUQUE;;CR 71 C # 89 A 70;N;105001019798;-75,579358881;6,284286635;ACTIVA;05;ANTIOQUIA;05001;MEDELLÍN;A;OFICIAL;OFICIAL;URBANO;MAÑANA;EDUCACIÓN MEDIA;2574197;FIJO
105001019798;ESCUELA ESP MPAL ALFONSO LOPEZ;;CR 71 C # 89 A 50;S;105001019798;-75,578947238;6,284447815;ACTIVA;05;ANTIOQUIA;05001;MEDELLÍN;A;OFICIAL;OFICIAL;URBANO;MAÑANA;EDUCACIÓN MEDIA;2573944;FIJO
105001020036;ESCUELA MUNICIPAL KENNDY;;CLL 89 A # 72-50;N;105001019798;-75,57963227;6,28546742;ACTIVA;05;ANTIOQUIA;05001;MEDELLÍN;A;OFICIAL;OFICIAL;URBANO;MAÑANA;EDUCACIÓN MEDIA;2575852;FIJO
105001000027;ESCUELA ANTONIO JOSE RESTREPO;;CLL 2 # 79-42;N;105001019925;-75,602551029;6,212071329;ACTIVA;05;ANTIOQUIA;05001;MEDELLÍN;A;OFICIAL;OFICIAL;URBANO;UNICA;EDUCACIÓN BÁSICA PRIMARIA;2383027;FIJO
105001001643;ESCUELA YERMO Y PARRES;;CR 79 # 2-15;N;105001019925;-75,6023301509;6,21221523835;ACTIVA;05;ANTIOQUIA;05001;MEDELLÍN;A;OFICIAL;OFICIAL;URBANO;UNICA;EDUCACIÓN BÁSICA PRIMARIA;3416578;FIJO
105001019925;INSTITUCION EDUCATIVA ALCALDIA DE MEDELLIN;;CLL 2B # 79-80;S;105001019925;-75,603465241;6,212620517;ACTIVA;05;ANTIOQUIA;05001;MEDELLÍN;A;OFICIAL;OFICIAL;URBANO;UNICA;EDUCACIÓN MEDIA;3419090;FIJO
105001002640;ESCUELA JOSE DE SAN MARTIN;;CL 39 # 38-21;N;105001020028;-75,562805748;6,237112401;ACTIVA;05;ANTIOQUIA;05001;MEDELLÍN;A;OFICIAL;OFICIAL;URBANO;UNICA;EDUCACIÓN BÁSICA PRIMARIA;2396342;FIJO
105001020028;INSTITUCION EDUCATIVA EL SALVADOR;;CR 38 A # 34-207;S;105001020028;-75,564763996;6,234151214;ACTIVA;05;ANTIOQUIA;05001;MEDELLÍN;A;OFICIAL;OFICIAL;URBANO;UNICA;EDUCACIÓN MEDIA;2169312;FIJO
105001020052;INSTITUCION EDUCATIVA PBRO RAFAEL GARCIA HERREROS;;CLL 64 # 91-20 URB CADIZ;S;105001020052;-75,60159805;6,278859925;ACTIVA;05;ANTIOQUIA;05001;MEDELLÍN;A;OFICIAL;OFICIAL;URBANO;UNICA;EDUCACIÓN MEDIA;4263216;FIJO
105001020273;COLEGIO CIUDAD DON BOSCO;DONBOSCO@EPM.NET.CO;CRA 96 B # 78 C 11;S;105001020273;-75,5974494235;6,29219865189;ACTIVA;05;ANTIOQUIA;05001;MEDELLÍN;A;OFICIAL;OFICIAL;URBANO;UNICA;EDUCACIÓN MEDIA;2641199;FIJO
105001020591;CENTRO EDUCATIVO CENT DE EDUC EL ARCA;ELARCA@EPM.NET.CO;CR 35 # 1-52;S;105001020591;-75,566309908;6,201847213;ACTIVA;05;ANTIOQUIA;05001;MEDELLÍN;A;OFICIAL;OFICIAL;URBANO;COMPLETA;PREESCOLAR;3111461;FIJO
105001020605;CENTRO EDUCATIVO CARRUSEL DE LA ALEGRIA;;CLL 66 # 39-25;S;105001020605;-75,551403198;6,257787701;ACTIVA;05;ANTIOQUIA;05001;MEDELLÍN;A;OFICIAL;OFICIAL;URBANO;MAÑANA;PREESCOLAR;2541867;FIJO
105001015181;ESCUELA URB EL REFUGIO DEL NIÑO;;CR 114 # 36 C 61;N;105001021199;-75,62644857;6,249807467;ACTIVA;05;ANTIOQUIA;05001;MEDELLÍN;A;OFICIAL;OFICIAL;URBANO;UNICA;EDUCACIÓN BÁSICA PRIMARIA;4964993;FIJO
105001017531;ESCUELA URB AMOR AL NIÑO;;CRA 115 # 39 BD 06;N;105001021199;-75,626541843;6,251853269;ACTIVA;05;ANTIOQUIA;05001;MEDELLÍN;A;OFICIAL;OFICIAL;URBANO;UNICA;EDUCACIÓN BÁSICA PRIMARIA;4921988;FIJO
105001021199;INSTITUCION EDUCATIVA LA INDEPENDENCIA;;CLL 39 D # 112-81;S;105001021199;-75,62462859;6,253171459;ACTIVA;05;ANTIOQUIA;05001;MEDELLÍN;A;OFICIAL;OFICIAL;URBANO;UNICA;EDUCACIÓN MEDIA;4960611;FIJO
105001021547;INSTITUCION EDUCATIVA VILLA FLORA;IVFLORA@EDUCAME.CO;CLL 76AE # 83C 41;S;105001021547;-75,5923619042;6,27974494126;ACTIVA;05;ANTIOQUIA;05001;MEDELLÍN;A;OFICIAL;OFICIAL;URBANO;UNICA;EDUCACIÓN MEDIA;2348424;FIJO
105001006491;ESCUELA MINERVA;;CLL 94 # 79 A - 20;N;105001021636;-75,583276786;6,292421768;ACTIVA;05;ANTIOQUIA;05001;MEDELLÍN;A;OFICIAL;OFICIAL;URBANO;UNICA;EDUCACIÓN BÁSICA PRIMARIA;2576764;FIJO
105001007447;CONCENTRACION KENNEDY;;CR 76 # 92-131;N;105001021636;-75,5817374724;6,29066210756;ACTIVA;05;ANTIOQUIA;05001;MEDELLÍN;A;OFICIAL;OFICIAL;URBANO;UNICA;EDUCACIÓN BÁSICA SECUNDARIA;2574139;FIJO
105001007692;ESCUELA CAROLINA KENNEDY;;CR 76 A # 90-18;N;105001021636;-75,582227338;6,287400699;ACTIVA;05;ANTIOQUIA;05001;MEDELLÍN;A;OFICIAL;OFICIAL;URBANO;UNICA;EDUCACIÓN BÁSICA PRIMARIA;2573224;FIJO
105001015857;ESCUELA EL PICACHO;IPICACHO@EDUCAME.GOV.CO;CR 83 # 94 B 40;N;105001021636;-75,5812944707;6,2907577604;ACTIVA;05;ANTIOQUIA;05001;MEDELLÍN;A;OFICIAL;OFICIAL;URBANO;UNICA;EDUCACIÓN BÁSICA SECUNDARIA;4715003;FIJO
105001021636;INSTITUCION EDUCATIVA KENNEDY;;CR 77A# 92-199;S;105001021636;-75,581829049;6,29114943814;ACTIVA;05;ANTIOQUIA;05001;MEDELLÍN;A;OFICIAL;OFICIAL;URBANO;UNICA;EDUCACIÓN MEDIA;4373272;FIJO
105001016462;ESCUELA BEATO DOMINGO ITURRATE;;CR 18 E # 56 F A 09;N;105001021873;-75,540091858;6,246314706;ACTIVA;05;ANTIOQUIA;05001;MEDELLÍN;A;OFICIAL;OFICIAL;URBANO;UNICA;EDUCACIÓN BÁSICA PRIMARIA;2845867;FIJO
105001021873;INSTITUCION EDUCATIVA SOL DE ORIENTE;;CR 23 # 56 EH 200;S;105001021873;-75,540815638;6,245232138;ACTIVA;05;ANTIOQUIA;05001;MEDELLÍN;A;OFICIAL;OFICIAL;URBANO;UNICA;EDUCACIÓN MEDIA;2546176;FIJO
105001022101;INSTITUCION EDUCATIVA LAS NIEVES;;CLL 82 # 39-69;S;105001022101;-75,549166682;6,273487841;ACTIVA;05;ANTIOQUIA;05001;MEDELLÍN;A;OFICIAL;OFICIAL;URBANO;UNICA;EDUCACIÓN MEDIA;5710070;FIJO
105001002216;SECCION ESC URB LA FRANCIA;;CLL 109 # 51-71;N;105001023965;-75,556191724;6,30012616;ACTIVA;05;ANTIOQUIA;05001;MEDELLÍN;A;OFICIAL;OFICIAL;URBANO;UNICA;EDUCACIÓN BÁSICA SECUNDARIA;2369693;FIJO
105001005380;SECCION ESC MANUEL URIBE ANGEL;;CR 49 A # 107-65;N;105001023965;-75,553830073;6,298158526;ACTIVA;05;ANTIOQUIA;05001;MEDELLÍN;A;OFICIAL;OFICIAL;URBANO;UNICA;EDUCACIÓN MEDIA;2581854;FIJO
105001005649;SECCION ESC URB JUAN BAUTISTA MONTINI;;CR 50 A # 114-10;N;105001023965;-75,553171566;6,302977296;ACTIVA;05;ANTIOQUIA;05001;MEDELLÍN;A;OFICIAL;OFICIAL;URBANO;UNICA;EDUCACIÓN BÁSICA SECUNDARIA;5217992;FIJO
105001006548;ESCUELA URB LA ISLA;;CLL 112 # 47-39;N;105001023965;-75,550367165;6,301865448;ACTIVA;05;ANTIOQUIA;05001;MEDELLÍN;A;OFICIAL;OFICIAL;URBANO;UNICA;EDUCACIÓN BÁSICA SECUNDARIA;2581053;FIJO
105001011983;SECCION ESC GERARDO DAVID GIRALDO;IGDAVID@EPMNET.CO;CR 49 C # 108-70;N;105001023965;-75,553260549;6,300299609;ACTIVA;05;ANTIOQUIA;05001;MEDELLÍN;A;OFICIAL;OFICIAL;URBANO;UNICA;EDUCACIÓN BÁSICA SECUNDARIA;5213916;FIJO
105001023965;INSTITUCION EDUCATIVA FINCA LA MESA;ILAMESA@EPM.NET.CO;CLL 118 # 51 A 03;S;105001023965;-75,554794307;6,303967074;ACTIVA;05;ANTIOQUIA;05001;MEDELLÍN;A;OFICIAL;OFICIAL;URBANO;UNICA;EDUCACIÓN MEDIA;2149155;FIJO
105001024073;INSTITUCION EDUCATIVA CASD JOSE MARIA ESPINOSA PRIETO;CASDMEDE@EPM.NET.CO;CL 99 NO 72-192;S;105001024073;-75,5752178133;6,29695734803;ACTIVA;05;ANTIOQUIA;05001;MEDELLÍN;A;OFICIAL;OFICIAL;URBANO;UNICA;EDUCACIÓN MEDIA;4721313;FIJO
105001024571;COLEGIO VIDA Y PAZ;;CR 50 N 57 69;S;105001024571;-75,564546946;6,255809381;ACTIVA;05;ANTIOQUIA;05001;MEDELLÍN;A;OFICIAL;OFICIAL;URBANO;MAÑANA;EDUCACIÓN MEDIA;5141044;FIJO
105001025704;COLEGIO MIGUEL ANTONIO RAMON MARTINEZ;;KR 45 # 55 - 19 PISO 5;S;105001025704;-75,561949702;6,251564527;ACTIVA;05;ANTIOQUIA;05001;MEDELLÍN;A;OFICIAL;OFICIAL;URBANO;FIN DE SEMANA;EDUCACIÓN MEDIA;2910273;FIJO
105001025763;INSTITUCION EDUCATIVA DEBORA ARANGO PEREZ;;CL 183 # 103 - 160;S;105001025763;-75,6265937388;6,22376650606;ACTIVA;05;ANTIOQUIA;05001;MEDELLÍN;A;OFICIAL;OFICIAL;URBANO;NOCTURNA;EDUCACIÓN MEDIA;2562097;FIJO
105001026395;MANO DE DIOS;;KR 90 # 15 - 60;N;105001025763;-75,6216324544;6,22337746841;ACTIVA;05;ANTIOQUIA;05001;MEDELLÍN;A;OFICIAL;OFICIAL;URBANO;NOCTURNA;EDUCACIÓN BÁSICA PRIMARIA;3411386;FIJO
105001025771;INSTITUCION EDUCATIVA JOAQUIN VALLEJO ARBELAEZ;;KR 19 # 59 C - 175;S;105001025771;-75,542305493;6,255680549;ACTIVA;05;ANTIOQUIA;05001;MEDELLÍN;A;OFICIAL;OFICIAL;URBANO;NOCTURNA;EDUCACIÓN MEDIA;2845326;FIJO
105001025780;INSTITUCION EDUCATIVA PBRO ANTONIO JOSE BERNAL LONDOÑO SJ;;KR 63 # 106 A - 51;S;105001025780;-75,559260553;6,301157189;ACTIVA;05;ANTIOQUIA;05001;MEDELLÍN;A;OFICIAL;OFICIAL;URBANO;NOCTURNA;EDUCACIÓN MEDIA;4641111;FIJO
105001025798;INSTITUCION EDUCATIVA ANGELA RESTREPO MORENO;;KR 12 E # 5 A - 34;S;105001025798;-75,6373488841;6,17706785029;ACTIVA;05;ANTIOQUIA;05001;MEDELLÍN;A;OFICIAL;OFICIAL;URBANO;NOCTURNA;EDUCACIÓN MEDIA;3740170;FIJO
105001025844;INSTITUCION EDUCATIVA ANTONIO DERKA SANTO DOMINGO;;KR 28 # 107 - 295;S;105001025844;-75,53978562;6,296648454;ACTIVA;05;ANTIOQUIA;05001;MEDELLÍN;A;OFICIAL;OFICIAL;URBANO;NOCTURNA;EDUCACIÓN MEDIA;5292917;FIJO
105001025984;INSTITUCION EDUCATIVA COL LOYOLA PARA LA CIENCIA Y LA INNOVACION;;KR 64 A # 113 A 05;S;105001025984;-75,559154553;6,30786711902;ACTIVA;05;ANTIOQUIA;05001;MEDELLÍN;A;OFICIAL;OFICIAL;URBANO;NOCTURNA;EDUCACIÓN MEDIA;4641111;FIJO
105001025992;INSTITUCION EDUCATIVA NICANOR RESTREPO SANTAMARIA;;KR 97 # 69 C 71;S;105001025992;-75,606869;6,291848;ACTIVA;05;ANTIOQUIA;05001;MEDELLÍN;A;OFICIAL;OFICIAL;URBANO;NOCTURNA;EDUCACIÓN MEDIA;4379554;FIJO
105001026000;SECCION LAS FLORES;;CLL 64 A # 105 A-50;S;105001026000;-75,6169064918;6,28168151254;ACTIVA;05;ANTIOQUIA;05001;MEDELLÍN;A;OFICIAL;OFICIAL;URBANO;NOCTURNA;EDUCACIÓN MEDIA;4278910;FIJO
105001026131;INSTITUCION EDUCATIVA EL PINAL;;CL 56 #27A-10;S;105001026131;-75,5466303989;6,24434789485;ACTIVA;05;ANTIOQUIA;05001;MEDELLÍN;A;OFICIAL;OFICIAL;URBANO;NOCTURNA;EDUCACIÓN MEDIA;2223647;FIJO
105001026352;INSTITUCION EDUCATIVA EL CORAZON;;KR 116 F # 34A 131;S;105001026352;-75,6294345827;6,24739439278;ACTIVA;05;ANTIOQUIA;05001;MEDELLÍN;A;OFICIAL;OFICIAL;URBANO;NOCTURNA;EDUCACIÓN MEDIA;2528790;FIJO
105001026361;INSTITUCION EDUCATIVA JESUS MARIA VALLE;;CL 101 # 83 - 21;S;105001026361;-75,582351771;6,30028077;ACTIVA;05;ANTIOQUIA;05001;MEDELLÍN;A;OFICIAL;OFICIAL;URBANO;NOCTURNA;EDUCACIÓN MEDIA;4380271;FIJO
105001026514;INSTITUCION EDUCATIVA SAN BENITO;;KR 56 # 54 A - 25;S;105001026514;-75,57172268;6,25528446;ACTIVA;05;ANTIOQUIA;05001;MEDELLÍN;A;OFICIAL;OFICIAL;URBANO;FIN DE SEMANA;EDUCACIÓN MEDIA;5148343;FIJO
105001026573;INSTITUCION EDUCATIVA LUSITANIA PAZ DE COLOMB;;KR 109 A # 63 B - 320 CORREG SAN CR;S;105001026573;-75,5378656182;6,27693001339;ACTIVA;05;ANTIOQUIA;05001;MEDELLÍN;A;OFICIAL;OFICIAL;URBANO;COMPLETA;EDUCACIÓN MEDIA;;
205001800150;SECCION ESCUELA EL TIROL;;CL 66 A 104 74 VD PAJARITO;N;105001026573;-75,6154149771;6,28636170116;ACTIVA;05;ANTIOQUIA;05001;MEDELLÍN;A;OFICIAL;OFICIAL;RURAL;MAÑANA;PREESCOLAR;4273467;FIJO
105001026581;INSTITUCION EDUCATIVA LA SIERRA;;CL 56 B # 4 ESTE 10;S;105001026581;-75,5378656182;6,27693001339;ACTIVA;05;ANTIOQUIA;05001;MEDELLÍN;A;OFICIAL;OFICIAL;URBANO;COMPLETA;EDUCACIÓN MEDIA;;
105001026603;INSTITUCION EDUCATIVA ALTAVISTA;;KR 112 # 13 - 111;S;105001026603;-75,636207;6,219881;ACTIVA;05;ANTIOQUIA;05001;MEDELLÍN;A;OFICIAL;OFICIAL;URBANO;NOCTURNA;EDUCACIÓN MEDIA;2568552;FIJO
105001026654;INSTITUCION EDUCATIVA EL PLAYON;;CL 125 # 51 D - 12;S;105001026654;-75,555182894;6,307658695;ACTIVA;05;ANTIOQUIA;05001;MEDELLÍN;A;OFICIAL;OFICIAL;URBANO;COMPLETA;EDUCACIÓN MEDIA;;
105001026662;PASTORA;;CL 45 # 10 A - 30;S;105001026662;-75,646684;6,172901;ACTIVA;05;ANTIOQUIA;05001;MEDELLÍN;A;OFICIAL;OFICIAL;URBANO;COMPLETA;EDUCACIÓN MEDIA;;
105001026671;INSTITUCION EDUCATIVA SAN NICOLAS;;KR 45 A # 96 - 17;S;105001026671;-75,552827048;6,288162023;ACTIVA;05;ANTIOQUIA;05001;MEDELLÍN;A;OFICIAL;OFICIAL;URBANO;COMPLETA;EDUCACIÓN MEDIA;2360235;FIJO
105001026689;INSTITUCION EDUCATIVA BLANQUIZAL;;KR 92 D # 57 F - 41;S;105001026689;-75,605141898;6,274475931;ACTIVA;05;ANTIOQUIA;05001;MEDELLÍN;A;OFICIAL;OFICIAL;URBANO;COMPLETA;EDUCACIÓN MEDIA;4383053;FIJO
105001026701;INSTITUCION EDUCATIVA VIDA Y PAZ;;KR 83 A # 106 D - 05;S;105001026701;-75,580474373;6,309006489;ACTIVA;05;ANTIOQUIA;05001;MEDELLÍN;A;OFICIAL;OFICIAL;URBANO;COMPLETA;EDUCACIÓN MEDIA;;
105001026719;INSTITUCION EDUCATIVA RODRIGO ARENAS BETANCUR;;CL 81 # 94 A - 15;S;105001026719;-75,646684;6,172901;ACTIVA;05;ANTIOQUIA;05001;MEDELLÍN;A;OFICIAL;OFICIAL;URBANO;COMPLETA;EDUCACIÓN MEDIA;;
105001026743;SECCION ESCUELA ALTOS DE LA TORRE;;CL 57 B # 16 B - 139;S;105001026743;-75,646684;6,172901;ACTIVA;05;ANTIOQUIA;05001;MEDELLÍN;A;OFICIAL;OFICIAL;URBANO;NOCTURNA;EDUCACIÓN MEDIA;2914985;FIJO
105001800112;INSTITUCION EDUCATIVA EL DIAMANTE;;KR 87 79 05 BRR EL DIAMANTE;N;105001800112;-75,588641741;6,286473157;ACTIVA;05;ANTIOQUIA;05001;MEDELLÍN;A;OFICIAL;OFICIAL;URBANO;MAÑANA;EDUCACIÓN BÁSICA SECUNDARIA;4416168;FIJO
105002000047;INSTITUCION EDUCATIVA FUNDACION CELIA DUQUE DE DUQUE;;AV SANTANDER B. OBRERO;S;105002000047;-75,42679181;5,786431299;ACTIVA;05;ANTIOQUIA;05002;ABEJORRAL;A;OFICIAL;OFICIAL;URBANO;COMPLETA;EDUCACIÓN MEDIA;8647381;FIJO
105002800010;SEDE JUAN DE J PELAEZ LONDOÑO;SECRETARIA@FUNDACIONCELIADUQUE.EDU.CO;CALLE 45 # 56-19 BARRIO OBRERO;N;105002000047;-75,4274753765;5,785059697;ACTIVA;05;ANTIOQUIA;05002;ABEJORRAL;A;OFICIAL;OFICIAL;URBANO;COMPLETA;EDUCACIÓN BÁSICA PRIMARIA;8648882;FIJO
105002000055;INSTITUCION EDUCATIVA DPTAL MANUEL CANUTO RESTREPO;LICEOMACARE@EDATEL.NET.CO;TERMINAL CLL 51;S;105002000055;-75,432343;5,787532081;ACTIVA;05;ANTIOQUIA;05002;ABEJORRAL;A;OFICIAL;OFICIAL;URBANO;ESPECIAL;EDUCACIÓN MEDIA;8487386;FIJO
105002800028;ESCUELA DR DIONISIO ARANGO MEJIA;IEMACARE9@HOTMAIL.COM;CALLE 51 # 52-02 (CALLE BOLIVAR);N;105002000055;-75,4280813246161;5,79068305061125;ACTIVA;05;ANTIOQUIA;05002;ABEJORRAL;A;OFICIAL;OFICIAL;URBANO;MAÑANA;EDUCACIÓN BÁSICA PRIMARIA;8647386;FIJO
205002001218;ESCUELA RUR INTEG ALTOBONITO;;VDA ALTOBONITO;N;105002000055;-75,448889;5,920833;ACTIVA;05;ANTIOQUIA;05002;ABEJORRAL;A;OFICIAL;OFICIAL;RURAL;ESPECIAL;EDUCACIÓN BÁSICA PRIMARIA;;
105002000161;INSTITUCION EDUCATIVA NORM SUP;ESCNORMAL@EDATEL.NET.CO;CR 55 # 49-27;S;105002000161;-75,42921627;5,7881339277;ACTIVA;05;ANTIOQUIA;05002;ABEJORRAL;A;OFICIAL;OFICIAL;URBANO;COMPLETA;EDUCACIÓN MEDIA;8488250;FIJO
105004000109;INSTITUCION EDUCATIVA LA MILAGROSA;;CLL 10 # 12-237;S;105004000109;-76,06560248;6,6317257326;ACTIVA;05;ANTIOQUIA;05004;ABRIAQUÍ;A;OFICIAL;OFICIAL;URBANO;COMPLETA;EDUCACIÓN MEDIA;8520012;FIJO
205004000154;ESCUELA RUR EL LLANO;;VDA LA ANTIGUA;N;105004000109;-76,064167;6,713611;ACTIVA;05;ANTIOQUIA;05004;ABRIAQUÍ;A;OFICIAL;OFICIAL;RURAL;COMPLETA;EDUCACIÓN BÁSICA PRIMARIA;8520012;FIJO
105021000139;INSTITUCION EDUCATIVA PROCESA DELGADO;;CL MIRAFLORES;S;105021000139;-75,1408333333;6,37861111111;ACTIVA;05;ANTIOQUIA;05021;ALEJANDRÍA;A;OFICIAL;OFICIAL;URBANO;COMPLETA;EDUCACIÓN MEDIA;8660150;FIJO
105021000171;LICEO DE ALEJANDRIA;;CLL 22 # 20-60;N;105021000139;-75,14097887;6,3792989413;ACTIVA;05;ANTIOQUIA;05021;ALEJANDRÍA;A;OFICIAL;OFICIAL;URBANO;COMPLETA;EDUCACIÓN MEDIA;8660019;FIJO
105030000010;INSTITUCION EDUCATIVA ESC NOR SUP VICTORIANO TORO ECHEVERRY;CAHEPU@HOTMAIL.COM;CR 51 # 46-31;S;105030000010;-75,7049181;6,037611746;ACTIVA;05;ANTIOQUIA;05030;AMAGÁ;A;OFICIAL;OFICIAL;URBANO;ESPECIAL;EDUCACIÓN MEDIA;8472017;FIJO
105030000206;ESCUELA URB MARIA AUXILIADORA;CAHEPU@HOTMAIL.COM;CL 51 # 48-51;N;105030000010;-75,70122989;6,0400760245;ACTIVA;05;ANTIOQUIA;05030;AMAGÁ;A;OFICIAL;OFICIAL;URBANO;ESPECIAL;EDUCACIÓN BÁSICA PRIMARIA;8472019;FIJO
105030000028;COLEGIO SAN FERNANDO;;CR 50 SALIDA A CAMILO C.;S;105030000028;-75,70286326;6,033594312;ACTIVA;05;ANTIOQUIA;05030;AMAGÁ;A;OFICIAL;OFICIAL;URBANO;COMPLETA;EDUCACIÓN MEDIA;8472420;FIJO
105030000214;ESCUELA URB ALEJANDRO TORO VELASQUEZ;;CR 51 # 48-21;N;105030000028;-75,70440484;6,0389318628;ACTIVA;05;ANTIOQUIA;05030;AMAGÁ;A;OFICIAL;OFICIAL;URBANO;COMPLETA;EDUCACIÓN BÁSICA PRIMARIA;8472037;FIJO
205030000057;ESCUELA URB URBANO RUIZ;;IPD CAMILO C.;N;105030000028;-75,701667;6,035556;ACTIVA;05;ANTIOQUIA;05030;AMAGÁ;A;OFICIAL;OFICIAL;RURAL;COMPLETA;EDUCACIÓN BÁSICA SECUNDARIA;8473107;FIJO
105031000056;INSTITUCION EDUCATIVA PBRO GERARDO MONTOYA MONTOYA;;KR ZEA # 21-57;S;105031000056;-75,07677351;6,909579632;ACTIVA;05;ANTIOQUIA;05031;AMALFI;A;OFICIAL;OFICIAL;URBANO;COMPLETA;EDUCACIÓN MEDIA;8300395;FIJO
205031010498;SAN JULIAN;;VDA SAN JULIAN;N;105031000056;-74,96154145;6,915696583;ACTIVA;05;ANTIOQUIA;05031;AMALFI;A;OFICIAL;OFICIAL;RURAL;TARDE;EDUCACIÓN BÁSICA PRIMARIA;8300395;FIJO
105031000200;INSTITUCION EDUCATIVA MARIA AUXILIADORA;;CLL SANTANDER # 18-80;N;105031001516;-75,07343993;6,906994403;ACTIVA;05;ANTIOQUIA;05031;AMALFI;A;OFICIAL;OFICIAL;URBANO;COMPLETA;EDUCACIÓN MEDIA;8300338;FIJO
105031001516;INSTITUCION EDUCATIVA EDUARDO FERANANDEZ BOTERO;AMALCO01@EDATEL.NET.CO;CR GIRARDOT # 20-68;S;105031001516;-75,07358005;6,907041969;ACTIVA;05;ANTIOQUIA;05031;AMALFI;A;OFICIAL;OFICIAL;URBANO;COMPLETA;EDUCACIÓN MEDIA;8300305;FIJO
105031001583;INSTITUCION EDUCATIVA PUEBLO NUEVO;INSTITUCIONPUEBLONUEVO@EDATEL.NET.CO;CR 30 CL 26;S;105031001583;-75,08278331;6,912741816;ACTIVA;05;ANTIOQUIA;05031;AMALFI;A;OFICIAL;OFICIAL;URBANO;UNICA;EDUCACIÓN MEDIA;8300884;FIJO
205031010501;INSTITUCION EDUCATIVA RURAL LA PAZ;;VDA EL SILENCIO COLANTA;N;105031001583;-74,96154145;6,915696583;ACTIVA;05;ANTIOQUIA;05031;AMALFI;A;OFICIAL;OFICIAL;RURAL;FIN DE SEMANA;EDUCACIÓN BÁSICA PRIMARIA;8300884;FIJO
205031010510;INSTITUCION EDUCATIVA RURAL MANGOS CALENTURAS;;VDA MANGOS CALENTURAS;N;105031001583;-74,96154145;6,915696583;ACTIVA;05;ANTIOQUIA;05031;AMALFI;A;OFICIAL;OFICIAL;RURAL;FIN DE SEMANA;EDUCACIÓN BÁSICA SECUNDARIA;8300884;FIJO
205031800006;INSTITUCION EDUCATIVA RURAL NARANJAL LA VEGA;;VD NARANJAL LA VEGA;N;105031001583;-75,0728445067;6,8937334865;ACTIVA;05;ANTIOQUIA;05031;AMALFI;A;OFICIAL;OFICIAL;RURAL;COMPLETA;EDUCACIÓN BÁSICA PRIMARIA;8300884;FIJO
205031800014;INSTITUCION EDUCATIVA RURAL LA COMBA;;VD LA COMBA;N;105031001583;-75,0359785304;6,90911038451;ACTIVA;05;ANTIOQUIA;05031;AMALFI;A;OFICIAL;OFICIAL;RURAL;COMPLETA;PREESCOLAR;8300884;FIJO
105034000014;INSTITUCION EDUCATIVA SAN JUAN DE LOS ANDES;;KR 50 # 51-58;S;105034000014;-75,87788204;5,6573997163;ACTIVA;05;ANTIOQUIA;05034;ANDES;A;OFICIAL;OFICIAL;URBANO;MAÑANA;EDUCACIÓN MEDIA;8415024;FIJO
105034000278;INSTITUCION EDUCATIVA MARCO FIDEL SUAREZ;;CR CAJIBIO # 55 A 06;S;105034000278;-75,88165195;5,657153419;ACTIVA;05;ANTIOQUIA;05034;ANDES;A;OFICIAL;OFICIAL;URBANO;COMPLETA;EDUCACIÓN MEDIA;8414448;FIJO
105034000740;LICEO JUAN DE DIOS URIBE;;CR 48 # 47-70;S;105034000740;-75,8755246;5,653517073;ACTIVA;05;ANTIOQUIA;05034;ANDES;A;OFICIAL;OFICIAL;URBANO;COMPLETA;EDUCACIÓN MEDIA;8414181;FIJO
105034001061;CENTRO EDUCATIVO RUR LUIS ESPINOSA RUIZ;;VDA LA AVANZADA;S;105034001061;-75,894176;5,554708;ACTIVA;05;ANTIOQUIA;05034;ANDES;A;OFICIAL;OFICIAL;URBANO;COMPLETA;EDUCACIÓN BÁSICA PRIMARIA;8414482;FIJO
105034001207;INSTITUCION EDUCATIVA MARIA AUXILIADORA;;CLL 52 # 49-28;S;105034001207;-75,87704437;5,6579715948;ACTIVA;05;ANTIOQUIA;05034;ANDES;A;OFICIAL;OFICIAL;URBANO;MAÑANA;EDUCACIÓN MEDIA;8414482;FIJO
105036000097;INSTITUCION EDUCATIVA SAN JOSE;;CL HOSPITAL;S;105036000097;-75,7130685;6,110580632;ACTIVA;05;ANTIOQUIA;05036;ANGELÓPOLIS;A;OFICIAL;OFICIAL;URBANO;COMPLETA;EDUCACIÓN MEDIA;8421046;FIJO
105038000019;INSTITUCION EDUCATIVA MARIANO DE J EUSSE;IEMARIANOJEUSSE@HOTMAIL.COM;CR 9 # 8-84;S;105038000019;-75,33481983;6,8845252612;ACTIVA;05;ANTIOQUIA;05038;ANGOSTURA;A;OFICIAL;OFICIAL;URBANO;COMPLETA;EDUCACIÓN MEDIA;8645057;FIJO
105038000060;ESCUELA URB ALFONSO MORA NARANJO;;CR 10 # 8-47;N;105038000019;-75,3359345;6,8839685683;ACTIVA;05;ANTIOQUIA;05038;ANGOSTURA;A;OFICIAL;OFICIAL;URBANO;COMPLETA;EDUCACIÓN BÁSICA PRIMARIA;8645270;FIJO
105038800007;CIPRIANO CARDENAS;;KR 9 8 48 BRR CENTRO;N;105038000019;-75,33462576;6,883758124;ACTIVA;05;ANTIOQUIA;05038;ANGOSTURA;A;OFICIAL;OFICIAL;URBANO;COMPLETA;EDUCACIÓN BÁSICA PRIMARIA;8645057;FIJO
105040000212;INSTITUCION EDUCATIVA ANORI;ANORCO@EDATEL.NET.CO;B. LOS ANGELES;S;105040000212;-75,136111;7,081111;ACTIVA;05;ANTIOQUIA;05040;ANORÍ;A;OFICIAL;OFICIAL;URBANO;COMPLETA;EDUCACIÓN MEDIA;8350861;FIJO
205040001434;CENTRO EDUCATIVO RURAL LA CRISTALINA;;CARRERA 12 19 70;N;105040000212;-75,107778;7,196111;ACTIVA;05;ANTIOQUIA;05040;ANORÍ;A;OFICIAL;OFICIAL;RURAL;FIN DE SEMANA;EDUCACIÓN MEDIA;8350861;FIJO
105042000121;ESCUELA URB MARIANO LOPERA;;CLL 13 # 18-2;N;105042000180;-75,83335942;6,5628069679;ACTIVA;05;ANTIOQUIA;05042;SANTA FÉ DE ANTIOQUIA;A;OFICIAL;OFICIAL;URBANO;ESPECIAL;EDUCACIÓN BÁSICA PRIMARIA;8531239;FIJO
105042000139;ESCUELA URB JORGE ROBLEDO;;TR 8 # 9-14;N;105042000180;-75,82438988;6,5628682063;ACTIVA;05;ANTIOQUIA;05042;SANTA FÉ DE ANTIOQUIA;A;OFICIAL;OFICIAL;URBANO;ESPECIAL;EDUCACIÓN BÁSICA PRIMARIA;8531313;FIJO
105042000180;LICEO SAN LUIS GONZAGA;;CR 7 # 13A 64;S;105042000180;-75,82446946;6,5581535406;ACTIVA;05;ANTIOQUIA;05042;SANTA FÉ DE ANTIOQUIA;A;OFICIAL;OFICIAL;URBANO;ESPECIAL;EDUCACIÓN MEDIA;8531184;FIJO
205042000168;ESCUELA RUR EL TUNAL;;VDA EL TUNAL;N;105042000180;-75,826944;6,555278;ACTIVA;05;ANTIOQUIA;05042;SANTA FÉ DE ANTIOQUIA;A;OFICIAL;OFICIAL;RURAL;ESPECIAL;EDUCACIÓN BÁSICA PRIMARIA;8513068;FIJO
105042000091;ESCUELA URB JOSE MARIA MARTINEZ PARDO;;CLL 10 # 11-82;N;105042000732;-75,82877001;6,5580438961;ACTIVA;05;ANTIOQUIA;05042;SANTA FÉ DE ANTIOQUIA;A;OFICIAL;OFICIAL;URBANO;COMPLETA;EDUCACIÓN BÁSICA PRIMARIA;8531119;FIJO
105042000546;ESCUELA URB LAURA HOYOS;;CR 2 # 9-64;N;105042000732;-75,82347469;6,5514820074;ACTIVA;05;ANTIOQUIA;05042;SANTA FÉ DE ANTIOQUIA;A;OFICIAL;OFICIAL;URBANO;COMPLETA;EDUCACIÓN BÁSICA PRIMARIA;8531228;FIJO
105042000732;INSTITUCION EDUCATIVA ARTURO VELASQUEZ ORTIZ;CAVELASQUEZ@EDATEL.NET.CO;CL 9 # 2-235;S;105042000732;-75,82457866;6,551420452;ACTIVA;05;ANTIOQUIA;05042;SANTA FÉ DE ANTIOQUIA;A;OFICIAL;OFICIAL;URBANO;COMPLETA;EDUCACIÓN MEDIA;8533754;FIJO
105044000128;INSTITUCION EDUCATIVA ANZA;;B. DIVINO NIÑO;S;105044000128;-75,85456828;6,301113524;ACTIVA;05;ANTIOQUIA;05044;ANZÁ;A;OFICIAL;OFICIAL;URBANO;COMPLETA;EDUCACIÓN MEDIA;8522018;FIJO
105045000148;INSTITUCION EDUCATIVA JOSE CELESTINO MUTIS;;CL 108 # 108-82 BRR SERRANIA;S;105045000148;-76,63637021;7,895461695;ACTIVA;05;ANTIOQUIA;05045;APARTADÓ;A;OFICIAL;OFICIAL;URBANO;MAÑANA;EDUCACIÓN MEDIA;8280377;FIJO
105045000318;INSTITUCION EDUCATIVA JOSE JOAQUIN VELEZ;;CL 100 # 87-54;N;105045000148;-76,63147016;7,888176812;ACTIVA;05;ANTIOQUIA;05045;APARTADÓ;A;OFICIAL;OFICIAL;URBANO;MAÑANA;EDUCACIÓN MEDIA;8280342;FIJO
205045000045;ESCUELA URBANA BARRIO VELEZ;;CALLE 101 # 102-29;N;105045000148;-76,63281769;7,88596813297;ACTIVA;05;ANTIOQUIA;05045;APARTADÓ;A;OFICIAL;OFICIAL;RURAL;MAÑANA;EDUCACIÓN MEDIA;8287751;FIJO
105045000164;INSTITUCION EDUCATIVA MADRE LAURA;;CALLE 99A # 104A-12;S;105045000164;-76,63284577;7,885804096;ACTIVA;05;ANTIOQUIA;05045;APARTADÓ;A;OFICIAL;OFICIAL;URBANO;MAÑANA;EDUCACIÓN MEDIA;8290318;FIJO
105045000393;INSTITUCION EDUCATIVA ALFONSO LOPEZ;;KR 79 B # 96A-60 BARRIO ALFONSO LOPEZ;S;105045000393;-76,61497085;7,87558817;ACTIVA;05;ANTIOQUIA;05045;APARTADÓ;A;OFICIAL;OFICIAL;URBANO;MAÑANA;EDUCACIÓN MEDIA;8261555;FIJO
105045000601;INSTITUCION EDUCATIVA CADENA LAS PLAYAS;COLPLAYAS@EDATEL.NET.CO;DIAGONAL 95 # 86B-10;S;105045000601;-76,62193582;7,8785344022;ACTIVA;05;ANTIOQUIA;05045;APARTADÓ;A;OFICIAL;OFICIAL;URBANO;MAÑANA;EDUCACIÓN MEDIA;8285460;FIJO
405045001334;INSTITUCION EDUCATIVA CAMPO ALEGRE;;KR 115 # 87-58;N;105045000601;-76,64751272;7,879152005;ACTIVA;05;ANTIOQUIA;05045;APARTADÓ;A;ORGANIZACIÓN CON FINES DE LUCRO;NO OFICIAL;RURAL;COMPLETA;EDUCACIÓN MEDIA;8287413;FIJO
105045001217;INSTITUCION EDUCATIVA POLICARPA SALAVARRIETA;;CALLE 1007 B # 78-36;S;105045001217;-76,61267043;7,876792429;ACTIVA;05;ANTIOQUIA;05045;APARTADÓ;A;OFICIAL;OFICIAL;URBANO;MAÑANA;EDUCACIÓN MEDIA;8263902;FIJO
105045001454;INSTITUCION EDUCATIVA SAN FRANCISCO DE ASIS;;CALLE 100 # 89-30;S;105045001454;-76,6241196354;7,88152828303;ACTIVA;05;ANTIOQUIA;05045;APARTADÓ;A;OFICIAL;OFICIAL;URBANO;MAÑANA;EDUCACIÓN MEDIA;8261937;FIJO
105045001667;INSTITUCION EDUCATIVA LA PAZ;;CALLE 103 # 77-32 BRR LA PAZ;S;105045001667;-76,61040019;7,880394853;ACTIVA;05;ANTIOQUIA;05045;APARTADÓ;A;OFICIAL;OFICIAL;URBANO;MAÑANA;EDUCACIÓN MEDIA;8262546;FIJO
105045010674;SEDE 20 DE ENERO;;CARRERA 76 # 102-76;N;105045001667;-76,6101289387;7,88024769517;ACTIVA;05;ANTIOQUIA;05045;APARTADÓ;A;OFICIAL;OFICIAL;URBANO;NOCTURNA;EDUCACIÓN MEDIA;8260500;FIJO
105045001683;INSTITUCION EDUCATIVA HERACLIO MENA PADILLA;CHAMPADILLA@HOTMAIL.COM;CLL 94 # 94-19 BRR PUEBLO NUEVO;S;105045001683;-76,62840098;7,8776552084;ACTIVA;05;ANTIOQUIA;05045;APARTADÓ;A;OFICIAL;OFICIAL;URBANO;MAÑANA;EDUCACIÓN MEDIA;8281910;FIJO
105045010721;INSTITUCION EDUCATIVA SAN JOSE OBRERO;;KR 95 # 104A-07;S;105045010721;-76,62661204;7,88728116;ACTIVA;05;ANTIOQUIA;05045;APARTADÓ;A;OFICIAL;OFICIAL;URBANO;FIN DE SEMANA;EDUCACIÓN MEDIA;8283872;FIJO
105045800012;INSTITUCION EDUCATIVA SAN JOSE OBRERO BLOQUE TRES;;KR 88A # 103B-13;N;105045010721;-76,6220998788;7,88544968453;ACTIVA;05;ANTIOQUIA;05045;APARTADÓ;A;OFICIAL;OFICIAL;URBANO;MAÑANA;PREESCOLAR;8260545;FIJO
105045010780;INSTITUCION EDUCATIVA SAN JUAN BOSCO;;KR 77 # 100B-02;S;105045010780;-76,588333;7,794167;ACTIVA;05;ANTIOQUIA;05045;APARTADÓ;A;OFICIAL;OFICIAL;URBANO;FIN DE SEMANA;EDUCACIÓN MEDIA;3218317119;CELULAR
105051000028;LICEO ARBOLETES;MANA@EDATEL.NET.CO;AV 12 DE OCTUBRE;S;105051000028;-76,42662658;8,848860941;ACTIVA;05;ANTIOQUIA;05051;ARBOLETES;A;OFICIAL;OFICIAL;URBANO;UNICA;EDUCACIÓN MEDIA;8200281;FIJO
105051000478;ESCUELA URB STA MARIA GORETTI;;CLL 27 CR 33;N;105051000028;-76,42877666;8,849508688;ACTIVA;05;ANTIOQUIA;05051;ARBOLETES;A;OFICIAL;OFICIAL;URBANO;UNICA;EDUCACIÓN BÁSICA PRIMARIA;8200315;FIJO
105051002551;ESCUELA URB CAMPO MAR;;BARRIO CAMPO MAR;N;105051000028;-76,426944;8,851944;ACTIVA;05;ANTIOQUIA;05051;ARBOLETES;A;OFICIAL;OFICIAL;URBANO;UNICA;EDUCACIÓN BÁSICA PRIMARIA;8201538;FIJO
105051000508;COLEGIO JOSE MANUEL RESTREPO;;B. KENNEDY;S;105051000508;-76,42203298;8,848799785;ACTIVA;05;ANTIOQUIA;05051;ARBOLETES;A;OFICIAL;OFICIAL;URBANO;MAÑANA;EDUCACIÓN MEDIA;8200197;FIJO
105051002349;ESCUELA URB SAN ISIDRO;;B. SAN ISIDRO;N;105051000508;-76,421667;8,850833;ACTIVA;05;ANTIOQUIA;05051;ARBOLETES;A;OFICIAL;OFICIAL;URBANO;MAÑANA;EDUCACIÓN BÁSICA SECUNDARIA;8200916;FIJO
105055000022;INSTITUCION EDUCATIVA STA TERESA;;CLL DEL CEMENTERIO;S;105055000022;-75,13936704;5,731250855;ACTIVA;05;ANTIOQUIA;05055;ARGELIA;A;OFICIAL;OFICIAL;URBANO;COMPLETA;EDUCACIÓN MEDIA;8486075;FIJO
105055800002;SEDE ANA DE LA SAGRADA FAMILIA;;KR 31 32 10 BRR ARGELIA;N;105055000022;-75,166944;5,654444;ACTIVA;05;ANTIOQUIA;05055;ARGELIA;A;OFICIAL;OFICIAL;URBANO;COMPLETA;EDUCACIÓN BÁSICA PRIMARIA;8650075;FIJO
205055000213;ESCUELA RUR GUADUALITO;;IPD GUADUALITO;N;105055000022;-74,924444;5,740278;ACTIVA;05;ANTIOQUIA;05055;ARGELIA;A;OFICIAL;OFICIAL;RURAL;COMPLETA;EDUCACIÓN BÁSICA SECUNDARIA;;
205055800016;ALTOS DE SAMANA;IESANTATERESA.ARGELIA@GMAIL.COM;VEREDA ALTOS DE SAMANA;N;105055000022;-74,9960034;5,720656;ACTIVA;05;ANTIOQUIA;05055;ARGELIA;A;OFICIAL;OFICIAL;RURAL;COMPLETA;PREESCOLAR;8650075;FIJO
105059000116;INSTITUCION EDUCATIVA ROSA MESA DE MEJIA;;CR 7 A CLL 10;S;105059000116;-75,786944;6,158056;ACTIVA;05;ANTIOQUIA;05059;ARMENIA;A;OFICIAL;OFICIAL;URBANO;COMPLETA;EDUCACIÓN MEDIA;8559158;FIJO
105079000015;INSTITUCION EDUCATIVA MANUEL JOSE CAICEDO;;CR 8 # 16-35;S;105079000015;-75,32719625;6,434690595;ACTIVA;05;ANTIOQUIA;05079;BARBOSA ANTIOQUIA;A;OFICIAL;OFICIAL;URBANO;UNICA;EDUCACIÓN MEDIA;4061616;FIJO
105079000082;INSTITUCION EDUCATIVA LUIS EDO ARIAS REINEL;;CLL 15 # 8-103;S;105079000082;-75,32888009;6,4345640735;ACTIVA;05;ANTIOQUIA;05079;BARBOSA ANTIOQUIA;A;OFICIAL;OFICIAL;URBANO;MAÑANA;EDUCACIÓN MEDIA;4060121;FIJO
105079000406;INSTITUCION EDUCATIVA PBRO LUIS EDO PEREZ;;CLL 15 # 08-179;S;105079000406;-75,32927613;6,435034227;ACTIVA;05;ANTIOQUIA;05079;BARBOSA ANTIOQUIA;A;OFICIAL;OFICIAL;URBANO;MAÑANA;EDUCACIÓN MEDIA;4060102;FIJO
105086000012;LICEO PBRO RICARDO LUIS GUTIERREZ TOBON;;CLL 19 # 15-71;N;105086000110;-75,66443056;6,602690394;ACTIVA;05;ANTIOQUIA;05086;BELMIRA;A;OFICIAL;OFICIAL;URBANO;COMPLETA;EDUCACIÓN MEDIA;8674047;FIJO
105086000110;CENTRO EDUCATIVO URB MARCO FIDEL SUAREZ;IEMFSBELMIRA@LATINMAIL.COM;CR 21 # 15-97;S;105086000110;-75,66522374;6,6029191874;ACTIVA;05;ANTIOQUIA;05086;BELMIRA;A;OFICIAL;OFICIAL;URBANO;COMPLETA;EDUCACIÓN MEDIA;8674095;FIJO
205086000157;ESCUELA RUR EL YUYAL;;VDA YUYAL;N;105086000110;-75,683889;6,592778;ACTIVA;05;ANTIOQUIA;05086;BELMIRA;A;OFICIAL;OFICIAL;RURAL;COMPLETA;EDUCACIÓN BÁSICA PRIMARIA;;
105088000273;LICEO FERNANDO VELEZ;;CRA 58 # 52 C 135;S;105088000273;-75,56773368;6,337347481;ACTIVA;05;ANTIOQUIA;05088;BELLO;A;OFICIAL;OFICIAL;URBANO;MAÑANA;EDUCACIÓN MEDIA;4515499;FIJO
105088000290;COLEGIO DIVINA EUCARISTIA;;CR 53 # 51-28;S;105088000290;-75,56083091;6,3352064016;ACTIVA;05;ANTIOQUIA;05088;BELLO;A;OFICIAL;OFICIAL;URBANO;MAÑANA;EDUCACIÓN MEDIA;2758198;FIJO
105088000338;COLEGIO BARRIO PARIS;;CR 76 # 20 F 59;S;105088000338;-75,58167594;6,3136530404;ACTIVA;05;ANTIOQUIA;05088;BELLO;A;OFICIAL;OFICIAL;URBANO;MAÑANA;EDUCACIÓN MEDIA;2737622;FIJO
105088001725;CONCENTRACION PREESC B PARIS;;CLL 20 E # 74-31;N;105088000338;-75,58057803;6,3116151601;ACTIVA;05;ANTIOQUIA;05088;BELLO;A;OFICIAL;OFICIAL;URBANO;MAÑANA;EDUCACIÓN BÁSICA SECUNDARIA;2737106;FIJO
105088002802;ESCUELA NICOLAS SIERRA SIERRA;;CR 73 B # 25 B 19;N;105088000338;-75,5787347;6,314607083;ACTIVA;05;ANTIOQUIA;05088;BELLO;A;OFICIAL;OFICIAL;URBANO;MAÑANA;EDUCACIÓN BÁSICA PRIMARIA;2733295;FIJO
105088000362;INSTITUCION EDUCATIVA CINCUENTENARIO DE FABRICATO;;CR 56 A # 60-61;S;105088000362;-75,563126;6,342014844;ACTIVA;05;ANTIOQUIA;05088;BELLO;A;OFICIAL;OFICIAL;URBANO;MAÑANA;EDUCACIÓN MEDIA;2758516;FIJO
105088000389;COLEGIO STA CATALINA;;CLL 56 # 46-14;S;105088000389;-75,55586324;6,3392424;ACTIVA;05;ANTIOQUIA;05088;BELLO;A;OFICIAL;OFICIAL;URBANO;MAÑANA;EDUCACIÓN MEDIA;2756498;FIJO
105088000419;INSTITUCION EDUCATIVA LA GABRIELA;;CLL 31 # 43-94;S;105088000419;-75,5501658;6,3192455715;ACTIVA;05;ANTIOQUIA;05088;BELLO;A;OFICIAL;OFICIAL;URBANO;MAÑANA;EDUCACIÓN MEDIA;4610691;FIJO
105088000427;COLEGIO SGDO CORAZON;;CLL 47 # 48-38;S;105088000427;-75,55681613;6,3334118217;ACTIVA;05;ANTIOQUIA;05088;BELLO;A;OFICIAL;OFICIAL;URBANO;MAÑANA;EDUCACIÓN MEDIA;2750733;FIJO
105088000486;ESCUELA URB PLAYA RICA;;KR 63 # 61-90;S;105088000486;-75,56726344;6,3440522495;ACTIVA;05;ANTIOQUIA;05088;BELLO;A;OFICIAL;OFICIAL;URBANO;MAÑANA;EDUCACIÓN MEDIA;2729014;FIJO
205088000197;ESCUELA RUR LA PRIMAVERA;;KR 68 C # 59 AA 35;N;105088000486;-75,57349529;6,345395289;ACTIVA;05;ANTIOQUIA;05088;BELLO;A;OFICIAL;OFICIAL;RURAL;MAÑANA;EDUCACIÓN MEDIA;4523220;FIJO
105088000532;ESCUELA LA MILAGROSA;;CL 62 A # 54-51;S;105088000532;-75,5609299;6,3423911714;ACTIVA;05;ANTIOQUIA;05088;BELLO;A;OFICIAL;OFICIAL;URBANO;MAÑANA;EDUCACIÓN MEDIA;2751458;FIJO
105088000516;ESCUELA URB NAZARET;;CLL 51 # 58-55;N;105088000877;-75,56493291;6,3342171727;ACTIVA;05;ANTIOQUIA;05088;BELLO;A;OFICIAL;OFICIAL;URBANO;MAÑANA;EDUCACIÓN BÁSICA SECUNDARIA;2728263;FIJO
105088000877;INSTITUCION EDUCATIVA MARCO FIDEL SUAREZ;1MFS@EPM.NET.CO;CLL 53 # 51-17;S;105088000877;-75,55990138;6,3365700013;ACTIVA;05;ANTIOQUIA;05088;BELLO;A;OFICIAL;OFICIAL;URBANO;MAÑANA;EDUCACIÓN MEDIA;2758995;FIJO
105088800378;INSTITUCION EDUCATIVA MARCO FIDEL SUAREZ SEDE B;IEMARCOFIDELSUAREZBELLO@GMAIL.COM;CARRERA 49 52 29;N;105088000877;-75,558123;6,336465;ACTIVA;05;ANTIOQUIA;05088;BELLO;A;OFICIAL;OFICIAL;URBANO;ESPECIAL;NIVELES EDUCATIVOS ESPECIALES;2751821;FIJO
105088001415;INSTITUCION EDUCATIVA FE Y ALEGRIA ABRAHAM REYES A N. 1;;AV 47 # 65-62;S;105088001415;-75,55418578;6,3468276488;ACTIVA;05;ANTIOQUIA;05088;BELLO;A;OFICIAL;OFICIAL;URBANO;MAÑANA;EDUCACIÓN MEDIA;4821412;FIJO
105088001512;LICEO NOCT JORGE ELIECER GAITAN AYALA;;CRA 50 # 53-04;S;105088001512;-75,55863863;6,3374389034;ACTIVA;05;ANTIOQUIA;05088;BELLO;A;OFICIAL;OFICIAL;URBANO;MAÑANA;EDUCACIÓN MEDIA;2726261;FIJO
105088001521;INSTITUCION EDUCATIVA FE Y ALEGRIA ZAMORA;;CR 41 F # 20 CC 50;S;105088001521;-75,54533291;6,3067029449;ACTIVA;05;ANTIOQUIA;05088;BELLO;A;OFICIAL;OFICIAL;URBANO;MAÑANA;EDUCACIÓN MEDIA;4610298;FIJO
105088001539;COLEGIO ANDRES BELLO;;CR 50 # 54-28;S;105088001539;-75,55825554;6,3382157468;ACTIVA;05;ANTIOQUIA;05088;BELLO;A;OFICIAL;OFICIAL;URBANO;MAÑANA;EDUCACIÓN MEDIA;2750488;FIJO
105088000117;ESCUELA URB DE NIÑAS;;CLL 69 # 60-160;N;105088001555;-75,56416962;6,3491103906;ACTIVA;05;ANTIOQUIA;05088;BELLO;A;OFICIAL;OFICIAL;URBANO;MAÑANA;EDUCACIÓN BÁSICA PRIMARIA;2756170;FIJO
105088001555;INSTITUCION EDUCATIVA HERNAN VILLA BAENA;;CLL 69 # 60-235;S;105088001555;-75,56555067;6,3478782268;ACTIVA;05;ANTIOQUIA;05088;BELLO;A;OFICIAL;OFICIAL;URBANO;MAÑANA;EDUCACIÓN MEDIA;4524421;FIJO
105088001679;COLEGIO STO DOMINGO DE GUZMAN;COSDO@EPM.NET.CO;CR 45 B # 22 D 184;S;105088001679;-75,5534675159;6,31138395052;ACTIVA;05;ANTIOQUIA;05088;BELLO;A;OFICIAL;OFICIAL;URBANO;MAÑANA;EDUCACIÓN MEDIA;4616101;FIJO
105088001709;INSTITUCION EDUCATIVA FE Y ALEGRIA NUEVA GENERACION;FANUEVAGENERACION@UOL.COM.CO;AV 32 # 61-02;S;105088001709;-75,54635997;6,343836018;ACTIVA;05;ANTIOQUIA;05088;BELLO;A;OFICIAL;OFICIAL;URBANO;MAÑANA;EDUCACIÓN MEDIA;4815506;FIJO
105088000061;ESCUELA URB GUILLERMO BARRIENTOS VALENCIA;;KR 43 B # 20 E 40;N;105088001750;-75,55288339;6,30868857;ACTIVA;05;ANTIOQUIA;05088;BELLO;A;OFICIAL;OFICIAL;URBANO;MAÑANA;EDUCACIÓN MEDIA;4613941;FIJO
105088001750;INSTITUCION EDUCATIVA FEDERICO SIERRA ARANGO;;CLL 22 D # 43 C 35;S;105088001750;-75,55278442;6,3099932062;ACTIVA;05;ANTIOQUIA;05088;BELLO;A;OFICIAL;OFICIAL;URBANO;MAÑANA;EDUCACIÓN MEDIA;4615761;FIJO
105088001792;CENTRO EDUCATIVO RAQUEL JARAMILLO;;CL 21A # 66-34;S;105088001792;-75,57500818;6,3123924462;ACTIVA;05;ANTIOQUIA;05088;BELLO;A;OFICIAL;OFICIAL;URBANO;MAÑANA;EDUCACIÓN MEDIA;2739811;FIJO
105088000079;ESCUELA URB PBRO ROGELIO ARANGO;;DG 56 # 46-16;N;105088001806;-75,55474906;6,3411070446;ACTIVA;05;ANTIOQUIA;05088;BELLO;A;OFICIAL;OFICIAL;URBANO;UNICA;EDUCACIÓN BÁSICA PRIMARIA;4814243;FIJO
105088001806;INSTITUCION EDUCATIVA FE Y ALEGRIA ALBERTO LEBRUN MUNERA;ALEBRUN@EPM.NET.CO;AV 47 DG 58;S;105088001806;-75,55621967;6,342804436;ACTIVA;05;ANTIOQUIA;05088;BELLO;A;OFICIAL;OFICIAL;URBANO;UNICA;EDUCACIÓN MEDIA;4812720;FIJO
105088000036;ESCUELA URB JUAN XXIII;;CR 63 A # 56 A 006;N;105088001873;-75,5683397;6,3406723194;ACTIVA;05;ANTIOQUIA;05088;BELLO;A;OFICIAL;OFICIAL;URBANO;MAÑANA;EDUCACIÓN BÁSICA PRIMARIA;2750253;FIJO
105088000141;ESCUELA URB ROSALIA SUAREZ;;CLL 53 A # 57 A 34;N;105088001873;-75,56511975;6,3389890823;ACTIVA;05;ANTIOQUIA;05088;BELLO;A;OFICIAL;OFICIAL;URBANO;MAÑANA;EDUCACIÓN MEDIA;2751457;FIJO
105088001873;LICEO CARLOS PEREZ MEJIA;;CR 58 A # 52C - 135;S;105088001873;-75,56498062;6,337607859;ACTIVA;05;ANTIOQUIA;05088;BELLO;A;OFICIAL;OFICIAL;URBANO;MAÑANA;EDUCACIÓN MEDIA;4519111;FIJO
105088001911;LICEO DE BELLO;LICEODELBELLO@EPM.NET.CO;DG 65 # 45 BB 215;S;105088001911;-75,55315954;6,3457984846;ACTIVA;05;ANTIOQUIA;05088;BELLO;A;OFICIAL;OFICIAL;URBANO;MAÑANA;EDUCACIÓN MEDIA;4818920;FIJO
105088002713;COLEGIO ANTONIO ROLDAN BETANCUR;;DG 65 # 45 BB 215;N;105088001911;-75,55315954;6,3457984846;ACTIVA;05;ANTIOQUIA;05088;BELLO;A;OFICIAL;OFICIAL;URBANO;MAÑANA;EDUCACIÓN MEDIA;4811653;FIJO
105088002985;ESCUELA QUITASOL;;AV 34 # 64-59;N;105088001911;-75,54312246;6,346781547;ACTIVA;05;ANTIOQUIA;05088;BELLO;A;OFICIAL;OFICIAL;URBANO;MAÑANA;EDUCACIÓN BÁSICA SECUNDARIA;4822313;FIJO
105088001733;ESCUELA URB FE Y ALEGRIA N. 2;;AV 46 # 65-04;N;105088001971;-75,5523709;6,3464327996;ACTIVA;05;ANTIOQUIA;05088;BELLO;A;OFICIAL;OFICIAL;URBANO;MAÑANA;EDUCACIÓN BÁSICA PRIMARIA;4812885;FIJO
105088001971;COLEGIO FE Y ALEGRIA JOSEFA CAMPOS;;DG 45 # 65 BB 137;S;105088001971;-75,55248506;6,345827792;ACTIVA;05;ANTIOQUIA;05088;BELLO;A;OFICIAL;OFICIAL;URBANO;MAÑANA;EDUCACIÓN MEDIA;4816577;FIJO
105088002306;COLEGIO EL MIRADOR;YEPESFERNANDO@HOTMAIL.COM;CLL 68 # 49 A 41;S;105088002306;-75,55870618;6,3475570371;ACTIVA;05;ANTIOQUIA;05088;BELLO;A;OFICIAL;OFICIAL;URBANO;MAÑANA;EDUCACIÓN MEDIA;4561633;FIJO
105088001431;ESCUELA URB LA CAMILA;;DG 42 EB # 36A-89;N;105088002527;-75,54081946;6,3289223771;ACTIVA;05;ANTIOQUIA;05088;BELLO;A;OFICIAL;OFICIAL;URBANO;MAÑANA;EDUCACIÓN MEDIA;4810976;FIJO
105088002527;ESCUELA URB LAS VEGAS;;DG 45 # 36-85;S;105088002527;-75,54158207;6,3313474329;ACTIVA;05;ANTIOQUIA;05088;BELLO;A;OFICIAL;OFICIAL;URBANO;MAÑANA;EDUCACIÓN BÁSICA SECUNDARIA;4812332;FIJO
105088002641;COLEGIO NAVARRA;INSNAVARRA@LATINMAIL.COM;DG 57 # 20-46;S;105088002641;-75,53157947;6,3466667298;ACTIVA;05;ANTIOQUIA;05088;BELLO;A;OFICIAL;OFICIAL;URBANO;MAÑANA;EDUCACIÓN MEDIA;4822456;FIJO
105088001351;ESCUELA B NUEVO;;CLL 24 A # 59-12;N;105088002691;-75,5362411123;6,30253676791;ACTIVA;05;ANTIOQUIA;05088;BELLO;A;OFICIAL;OFICIAL;URBANO;ESPECIAL;EDUCACIÓN BÁSICA PRIMARIA;2738756;FIJO
105088002691;COLEGIO ATANASIO GIRARDOT;LAG@EPM.NET.COM;CLL 24 A # 59 A 114;S;105088002691;-75,56994216;6,3140670138;ACTIVA;05;ANTIOQUIA;05088;BELLO;A;OFICIAL;OFICIAL;URBANO;ESPECIAL;EDUCACIÓN MEDIA;2735657;FIJO
105088000559;ESCUELA CANDIDO LEGUIZAMO;;CR 63 B # 72-52;N;105088002705;-75,56704536;6,351006514;ACTIVA;05;ANTIOQUIA;05088;BELLO;A;OFICIAL;OFICIAL;URBANO;MAÑANA;EDUCACIÓN MEDIA;2757307;FIJO
105088002705;ESCUELA VILLA DEL SOL;;CLL 72 A # 63 A 50;S;105088002705;-75,56701852;6,35159489;ACTIVA;05;ANTIOQUIA;05088;BELLO;A;OFICIAL;OFICIAL;URBANO;MAÑANA;EDUCACIÓN MEDIA;4517228;FIJO
105088000460;ESCUELA SAN JOSE OBRERO;;KR 55 # 38-170;N;105088002829;-75,56068639;6,3250347647;ACTIVA;05;ANTIOQUIA;05088;BELLO;A;OFICIAL;OFICIAL;URBANO;MAÑANA;EDUCACIÓN MEDIA;2751291;FIJO
105088002829;COLEGIO TOMAS CADAVID RESTREPO;;CR 55 # 38-170;S;105088002829;-75,56068639;6,3250347647;ACTIVA;05;ANTIOQUIA;05088;BELLO;A;OFICIAL;OFICIAL;URBANO;MAÑANA;EDUCACIÓN MEDIA;2751291;FIJO
105088002896;LICEO MPAL CONCEJO DE BELLO;;DG 56 # 45-42;S;105088002896;-75,55334515;6,3407198476;ACTIVA;05;ANTIOQUIA;05088;BELLO;A;OFICIAL;OFICIAL;URBANO;MAÑANA;EDUCACIÓN MEDIA;4814134;FIJO
105088000176;ESCUELA URB ANA MACHADO;;AV 31 M# 43 A 20;N;105088002918;-75,53582043;6,33369071;ACTIVA;05;ANTIOQUIA;05088;BELLO;A;OFICIAL;OFICIAL;URBANO;COMPLETA;EDUCACIÓN BÁSICA PRIMARIA;4810806;FIJO
105088000397;ESCUELA URB FONTIDUEÑO;;AV 31 # 43-105;N;105088002918;-75,53648725;6,3338518521;ACTIVA;05;ANTIOQUIA;05088;BELLO;A;OFICIAL;OFICIAL;URBANO;COMPLETA;EDUCACIÓN BÁSICA PRIMARIA;4818973;FIJO
105088002918;INSTITUCION EDUCATIVA FONTIDUEÑO JAIME ARANGO ROJAS;;DG 44 # 32-84;S;105088002918;-75,53742734;6,3340550634;ACTIVA;05;ANTIOQUIA;05088;BELLO;A;OFICIAL;OFICIAL;URBANO;COMPLETA;EDUCACIÓN MEDIA;4819623;FIJO
105088001288;ESCUELA URB LA PRADERA;;CLL 20 D # 75-02;N;105088002993;-75,58134753;6,311342302;ACTIVA;05;ANTIOQUIA;05088;BELLO;A;OFICIAL;OFICIAL;URBANO;MAÑANA;EDUCACIÓN BÁSICA PRIMARIA;4616457;FIJO
105088002993;LICEO PARIS ALBERTO DIAZ MUÑOZ;;CLL 20 F # 78 A 07;S;105088002993;-75,58369045;6,313163294;ACTIVA;05;ANTIOQUIA;05088;BELLO;A;OFICIAL;OFICIAL;URBANO;MAÑANA;EDUCACIÓN MEDIA;4612527;FIJO
105088003175;INSTITUCION EDUCATIVA DE TRABAJO SAN JOSE;ETSJ@EPM.NET.CO;DIAG 44 # 31-70 BELLO FONTIDUEÑO;S;105088003175;-75,53682575;6,3350270406;ACTIVA;05;ANTIOQUIA;05088;BELLO;A;OFICIAL;OFICIAL;URBANO;COMPLETA;EDUCACIÓN MEDIA;4810808;FIJO
105088800016;INSTITUCION EDUCATIVA BETSABE ESPINAL;;AVENIDA 33 NÂ°59-53;N;105088800016;-75,5418837257;6,34379240432;ACTIVA;05;ANTIOQUIA;05088;BELLO;A;OFICIAL;OFICIAL;URBANO;MAÑANA;PREESCOLAR;4832827;FIJO
105091000012;INSTITUCION EDUCATIVA PERLA DEL CITARA;;CLL 20 BOLIVAR # 16-56;S;105091000012;-75,97448839;5,74450584;ACTIVA;05;ANTIOQUIA;05091;BETANIA;A;OFICIAL;OFICIAL;URBANO;TARDE;CLEI;8435072;FIJO
105091800010;JUAN XXIII;BEATRIZ.OSPINA@ANTIOQUIA.GOV.CO;PIRAZA;N;105091000012;-75,979620765;5,748533429;ACTIVA;05;ANTIOQUIA;05091;BETANIA;A;OFICIAL;OFICIAL;URBANO;COMPLETA;EDUCACIÓN BÁSICA PRIMARIA;8435085;FIJO
105093000079;ESCUELA URB BLANCA CORREA LEON;SECRETARIASANJOSE@LATINMAIL.CO;CR 20 # 21-13;N;105093000109;-75,98426776;6,1130835107;ACTIVA;05;ANTIOQUIA;05093;BETULIA ANTIOQUIA;A;OFICIAL;OFICIAL;URBANO;ESPECIAL;EDUCACIÓN BÁSICA PRIMARIA;8436057;FIJO
105093000109;LICEO SAN JOSE;SECRETARIASANJOSE@LATINMAIL.CO;CL 22# 19-34;S;105093000109;-75,98378983;6,1134911692;ACTIVA;05;ANTIOQUIA;05093;BETULIA ANTIOQUIA;A;OFICIAL;OFICIAL;URBANO;ESPECIAL;EDUCACIÓN MEDIA;8436332;FIJO
105101000172;INSTITUCION EDUCATIVA MARIA AUXILIADORA;BOLICO04@EDATEL.NET.CO;CLL 48 # 54-61;S;105101000172;-76,02515402;5,8500893225;ACTIVA;05;ANTIOQUIA;05101;CIUDAD BOLÍVAR;A;OFICIAL;OFICIAL;URBANO;COMPLETA;EDUCACIÓN MEDIA;8411294;FIJO
105101800004;LA INMACULADA;;CL 48 54 43 BRR BLOQUE 3;N;105101000172;-76,02515402;5,85008932;ACTIVA;05;ANTIOQUIA;05101;CIUDAD BOLÍVAR;A;OFICIAL;OFICIAL;URBANO;COMPLETA;EDUCACIÓN MEDIA;8411183;FIJO
105101800012;ISABEL SOLIS;;KR 57 A 47 59 BRR BOLIVAR;N;105101000172;-76,02722725;5,85036555;ACTIVA;05;ANTIOQUIA;05101;CIUDAD BOLÍVAR;A;OFICIAL;OFICIAL;URBANO;COMPLETA;EDUCACIÓN MEDIA;8411183;FIJO
105101000571;LICEO SAN JOSE DE CITARA;RECTORIA@EDATEL.NET.CO;CR 47 B # 46 A 139;S;105101000571;-76,01899364;5,8472375491;ACTIVA;05;ANTIOQUIA;05101;CIUDAD BOLÍVAR;A;OFICIAL;OFICIAL;URBANO;COMPLETA;EDUCACIÓN MEDIA;8411783;FIJO
105101000717;INSTITUCION EDUCATIVA JOSE MARIA HERRAN;;CLL 50 # 68-20;S;105101000717;-76,03386925;5,8545441786;ACTIVA;05;ANTIOQUIA;05101;CIUDAD BOLÍVAR;A;OFICIAL;OFICIAL;URBANO;ESPECIAL;EDUCACIÓN MEDIA;8412755;FIJO
105101800021;INSTITUCION EDUCATIVA JOSE MARIA HERRAN SEDE II;IEJOSEMARIAHERRAN@CIUDADBOLIVAR-ANTIOQUIA.GOV.CO;BARRIO EL ALFÉREZ CRA. 72 NO. 50-23;N;105101000717;-76,0368034704;5,85743738;ACTIVA;05;ANTIOQUIA;05101;CIUDAD BOLÍVAR;A;OFICIAL;OFICIAL;URBANO;ESPECIAL;NIVELES EDUCATIVOS ESPECIALES;8412755;FIJO
105101000733;CENTRO EDUCATIVO RUR VILLA AMPARO;;VDA ANGOSTURA BAJA;S;105101000733;-75,973634;5,796091;ACTIVA;05;ANTIOQUIA;05101;CIUDAD BOLÍVAR;A;OFICIAL;OFICIAL;URBANO;COMPLETA;EDUCACIÓN BÁSICA SECUNDARIA;;
105107000166;INSTITUCION EDUCATIVA ANTONIO ROLDAN BETANCUR;;CR 7 # 10-42;S;105107000166;-75,552778;7,109722;ACTIVA;05;ANTIOQUIA;05107;BRICEÑO;A;OFICIAL;OFICIAL;URBANO;COMPLETA;EDUCACIÓN MEDIA;8570220;FIJO
105113000071;INSTITUCION EDUCATIVA STA GEMA;CLGEMA@EDATEL.NET.CO;CLL 4 # 4-39;S;105113000071;-75,9061150137;6,71925;ACTIVA;05;ANTIOQUIA;05113;BURITICÁ;A;OFICIAL;OFICIAL;URBANO;ESPECIAL;EDUCACIÓN MEDIA;8527048;FIJO
105113000560;CORPORACION PARA LA IVEST Y EL ECODSLLO CIER;CORPCIER@EPM.NET.CO;CL 48B # 79-38;S;105113000560;-75,9075;6,718889;ACTIVA;05;ANTIOQUIA;05113;BURITICÁ;A;OFICIAL;OFICIAL;URBANO;COMPLETA;EDUCACIÓN MEDIA;2343552;FIJO
105113800000;SANTA GEMA SEDE II;ESANTAGEMA@TAREANET.EDU.CO;CL 8 3 B 19 BRR FONDO OBRERO;S;105113800000;-75,88572558;6,672992312;ACTIVA;05;ANTIOQUIA;05113;BURITICÁ;A;OFICIAL;OFICIAL;URBANO;ESPECIAL;EDUCACIÓN MEDIA;8527064;FIJO
105120000345;LICEO CACERES;CACELO03@EDATEL.NET.CO;CL 49 # 49-49;S;105120000345;-75,34744312;7,5818708431;ACTIVA;05;ANTIOQUIA;05120;CÁCERES;A;OFICIAL;OFICIAL;URBANO;UNICA;EDUCACIÓN MEDIA;8362208;FIJO
105120000531;ESCUELA URB ROMUALDO GALLEGO TORO;CAUCO01@EDATEL.NET.CO;B. LA MAGDALENA TV 47;N;105120000345;-75,35051621;7,579591632;ACTIVA;05;ANTIOQUIA;05120;CÁCERES;A;OFICIAL;OFICIAL;URBANO;UNICA;EDUCACIÓN MEDIA;8362050;FIJO
105120001716;CENTRO EDUCATIVO BUENOS AIRES;;B. BUENOS AIRES;N;105120000345;-75,35124993;7,575270664;ACTIVA;05;ANTIOQUIA;05120;CÁCERES;A;OFICIAL;OFICIAL;URBANO;UNICA;EDUCACIÓN MEDIA;8362300;FIJO
205120001389;ESCUELA RUR BEJUQUILLO;;VDA BEJUQUILLO;N;105120000345;-75,221111;7,495;ACTIVA;05;ANTIOQUIA;05120;CÁCERES;A;OFICIAL;OFICIAL;RURAL;COMPLETA;EDUCACIÓN BÁSICA PRIMARIA;;
105125000181;ESCUELA URB EVA URAN;NEDUCA@EDATEL.NET.CO;CR 6 A CON CLL 4 A;N;105125000254;-75,983333;6,404444;ACTIVA;05;ANTIOQUIA;05125;CAICEDO;A;OFICIAL;OFICIAL;URBANO;ESPECIAL;EDUCACIÓN BÁSICA PRIMARIA;8572175;FIJO
105125000254;LICEO SAN JUAN BOSCO;NEDUCA@EDATEL.NET.CO;CR 4 # 2-54;S;105125000254;-75,9819399;6,4046137456;ACTIVA;05;ANTIOQUIA;05125;CAICEDO;A;OFICIAL;OFICIAL;URBANO;ESPECIAL;EDUCACIÓN MEDIA;8572002;FIJO
105129000071;INSTITUCION EDUCATIVA FEDERICO ANGEL;;CR 49 # 139 SUR 31;S;105129000071;-75,6343435;6,083309135;ACTIVA;05;ANTIOQUIA;05129;CALDAS;A;OFICIAL;OFICIAL;URBANO;MAÑANA;EDUCACIÓN MEDIA;2783230;FIJO
105129007237;INSTITUCION EDUCATIVA FEDERICO ANGEL SEDE DOS;;KR 49 # 139 SUR - 31;N;105129000071;-75,609444;5,995833;ACTIVA;05;ANTIOQUIA;05129;CALDAS;A;OFICIAL;OFICIAL;URBANO;MAÑANA;EDUCACIÓN MEDIA;2783230;FIJO
105129000089;COLEGIO GABRIEL ECHAVARRIA;;CR 50 # 108 SUR 05;S;105129000089;-75,63698667;6,1100980721;ACTIVA;05;ANTIOQUIA;05129;CALDAS;A;OFICIAL;OFICIAL;URBANO;ESPECIAL;EDUCACIÓN MEDIA;2781434;FIJO
105129000208;INSTITUCION EDUCATIVA MARIA AUXILIADORA;IEMA@EPM.NET.CO;CR 49 # 131 SUR 23;S;105129000208;-75,63559428;6,0902040836;ACTIVA;05;ANTIOQUIA;05129;CALDAS;A;OFICIAL;OFICIAL;URBANO;ESPECIAL;EDUCACIÓN MEDIA;2780721;FIJO
105129000046;ESCUELA URB JORGE VALENCIA JARAMILLO;MEGAJAOS@YAHOO.ES;CLL 128 SUR # 59-12;N;105129000216;-75,64377637;6,0916127623;ACTIVA;05;ANTIOQUIA;05129;CALDAS;A;OFICIAL;OFICIAL;URBANO;COMPLETA;EDUCACIÓN BÁSICA PRIMARIA;2781086;FIJO
105129000054;ESCUELA URB JOAQUIN ARISTIZABAL;;CR 51 # 127 SUR 41;N;105129000216;-75,63734083;6,0932745636;ACTIVA;05;ANTIOQUIA;05129;CALDAS;A;OFICIAL;OFICIAL;URBANO;COMPLETA;EDUCACIÓN MEDIA;2780021;FIJO
105129000216;LICEO JOSE MARIA BERNAL;;CLL 127 D SUR # 54-51;S;105129000216;-75,63984675;6,092376439;ACTIVA;05;ANTIOQUIA;05129;CALDAS;A;OFICIAL;OFICIAL;URBANO;COMPLETA;EDUCACIÓN MEDIA;2780041;FIJO
105129000453;ESCUELA URB STA INES;;CR 47 # 136 S 19;N;105129000216;-75,63397192;6,0860583588;ACTIVA;05;ANTIOQUIA;05129;CALDAS;A;OFICIAL;OFICIAL;URBANO;COMPLETA;EDUCACIÓN BÁSICA PRIMARIA;2786826;FIJO
105129000062;ESCUELA URB STA MARIA GORETTI;;DG 53 # 126 A SUR 49;N;105129000534;-75,63714185;6,0946689602;ACTIVA;05;ANTIOQUIA;05129;CALDAS;A;OFICIAL;OFICIAL;URBANO;MAÑANA;EDUCACIÓN BÁSICA PRIMARIA;2780386;FIJO
105129000348;ESCUELA URB ANDALUCIA;;CLL 129 SUR # 40-110;N;105129000534;-75,62734379;6,09413995;ACTIVA;05;ANTIOQUIA;05129;CALDAS;A;OFICIAL;OFICIAL;URBANO;MAÑANA;EDUCACIÓN BÁSICA PRIMARIA;2786250;FIJO
105129000534;LICEO PEDRO LUIS ALVAREZ C;;CLL 129 SUR # 48-70;S;105129000534;-75,63474395;6,092465988;ACTIVA;05;ANTIOQUIA;05129;CALDAS;A;OFICIAL;OFICIAL;URBANO;MAÑANA;EDUCACIÓN MEDIA;2782028;FIJO
105129007041;SECCION SANTISIMA TRINIDAD;;CR 53 # 140 SUR 75;S;105129007041;-75,63722533;6,0810955536;ACTIVA;05;ANTIOQUIA;05129;CALDAS;A;OFICIAL;OFICIAL;URBANO;ESPECIAL;EDUCACIÓN BÁSICA SECUNDARIA;3387363;FIJO
105134000046;INSTITUCION EDUCATIVA NTRA SRA DEL ROSARIO;COLNSR@HOTMAIL.COM;CARRET A YARUMAL;S;105134000046;-75,299444;6,978889;ACTIVA;05;ANTIOQUIA;05134;CAMPAMENTO;A;OFICIAL;OFICIAL;URBANO;COMPLETA;EDUCACIÓN MEDIA;8614118;FIJO
105138000121;COLEGIO NICOLAS GAVIRIA;RUBEGA@EDATEL.NET.CO;B. IMANTAGO;S;105138000121;-76,03308206;6,760970756;ACTIVA;05;ANTIOQUIA;05138;CAÑASGORDAS;A;OFICIAL;OFICIAL;URBANO;COMPLETA;EDUCACIÓN MEDIA;8564055;FIJO
105138000385;ESCUELA URB CAÑASGORDAS;RUBEGA@EDATEL.NET.CO;CL 33 # 31-09;N;105138000121;-76,02666236;6,75028543;ACTIVA;05;ANTIOQUIA;05138;CAÑASGORDAS;A;OFICIAL;OFICIAL;URBANO;COMPLETA;EDUCACIÓN BÁSICA PRIMARIA;8564197;FIJO
205138000312;ESCUELA MARIA AUXILIADORA;;BR VERSALLES;N;105138000121;-76,02026084;6,739380933;ACTIVA;05;ANTIOQUIA;05138;CAÑASGORDAS;A;OFICIAL;OFICIAL;RURAL;COMPLETA;EDUCACIÓN BÁSICA PRIMARIA;8564061;FIJO
205138000941;ESCUELA URB MERCEDES RAMIREZ;RUBEGA@EDATEL.NET.CO;BR CORDONCILLAL;N;105138000121;-76,021111;6,746111;ACTIVA;05;ANTIOQUIA;05138;CAÑASGORDAS;A;OFICIAL;OFICIAL;RURAL;COMPLETA;EDUCACIÓN BÁSICA PRIMARIA;8564197;FIJO
105142000136;INSTITUCION EDUCATIVA GABRIEL CORREA VELEZ;CARAC01@EDATEL.NET.CO;CLL 22 # 21 B 10;S;105142000136;-74,75803537;6,4116658881;ACTIVA;05;ANTIOQUIA;05142;CARACOLÍ;A;OFICIAL;OFICIAL;URBANO;COMPLETA;EDUCACIÓN MEDIA;8336308;FIJO
105142800001;RODOLFO CEBALLOS;;KR 22 22 256 BRR CARLOS E RESTREPO;N;105142000136;-74,75944777;6,4135080284;ACTIVA;05;ANTIOQUIA;05142;CARACOLÍ;A;OFICIAL;OFICIAL;URBANO;MAÑANA;PREESCOLAR;8336013;FIJO
105142000411;CENTRO EDUCATIVO RUR ANTONIO ROLDAN BETANCUR;;VDA EL 62;S;105142000411;-74,763611;6,41;ACTIVA;05;ANTIOQUIA;05142;CARACOLÍ;A;OFICIAL;OFICIAL;URBANO;COMPLETA;EDUCACIÓN BÁSICA PRIMARIA;8336244;FIJO
105145000145;INSTITUCION EDUCATIVA JUAN PABLO GOMEZ OCHOA;JUANPABLO@YAHOO.COM;KR 19 # 18-48;S;105145000145;-75,64278564;5,5479447893;ACTIVA;05;ANTIOQUIA;05145;CARAMANTA;A;OFICIAL;OFICIAL;URBANO;COMPLETA;EDUCACIÓN MEDIA;3014597712;CELULAR
105145000153;ESCUELA FRANCISCO MONTOYA KENNEDY;JUANPABLO@YAHOO.COM;CL 19 # 19-41;N;105145000145;-75,64374419;5,5481068959;ACTIVA;05;ANTIOQUIA;05145;CARAMANTA;A;OFICIAL;OFICIAL;URBANO;COMPLETA;EDUCACIÓN BÁSICA PRIMARIA;8553386;FIJO
105147000045;INSTITUCION EDUCATIVA LUIS CARLOS GALAN SARMIENTO;;CLL 21 ENTRE CR 28 Y 29;S;105147000045;-76,65048725;7,749638417;ACTIVA;05;ANTIOQUIA;05147;CAREPA;A;OFICIAL;OFICIAL;URBANO;MAÑANA;EDUCACIÓN MEDIA;8237378;FIJO
105147001041;ROBLE;;KR 70 # 77 - 00;N;105147000045;-76,65481499;7,7560973299;ACTIVA;05;ANTIOQUIA;05147;CAREPA;A;OFICIAL;OFICIAL;URBANO;MAÑANA;EDUCACIÓN BÁSICA PRIMARIA;8237378;FIJO
105147800017;INSTITUCION EDUCATIVA LUIS CARLOS GALAN SARMIENTO SEDE II;;CL 76 68 50 BRR LOS ROBLES;N;105147000045;-76,590278;7,738889;ACTIVA;05;ANTIOQUIA;05147;CAREPA;A;OFICIAL;OFICIAL;URBANO;MAÑANA;PREESCOLAR;8236569;FIJO
105147000401;COLEGIO COLOMBIA;;CLL 83 CR 67 B. JORGE ELIECER GAITA;S;105147000401;-76,651667;7,758056;ACTIVA;05;ANTIOQUIA;05147;CAREPA;A;OFICIAL;OFICIAL;URBANO;MAÑANA;EDUCACIÓN MEDIA;8236164;FIJO
105147000517;ESCUELA URB EL PLAYON;;B. EL PLAYON;N;105147000401;-76,648056;7,752778;ACTIVA;05;ANTIOQUIA;05147;CAREPA;A;OFICIAL;OFICIAL;URBANO;COMPLETA;EDUCACIÓN MEDIA;8238660;FIJO
305147000478;ESCUELA URB OBRERO;;B. OBRERO;N;105147000401;-76,653056;7,758056;ACTIVA;05;ANTIOQUIA;05147;CAREPA;A;ORGANIZACIÓN CON FINES DE LUCRO;NO OFICIAL;URBANO;MAÑANA;EDUCACIÓN BÁSICA PRIMARIA;8239536;FIJO
105147000568;COLEGIO JOSE MARIA MUÑOZ F;CJMM@EDATEL.NET.CO;CLL 81 # 77-20;S;105147000568;-76,65827802;7,7588151253;ACTIVA;05;ANTIOQUIA;05147;CAREPA;A;OFICIAL;OFICIAL;URBANO;MAÑANA;EDUCACIÓN MEDIA;8236984;FIJO
105147001050;SAN MARINO;;KR 65 # 76 A - 10;N;105147000568;-76,64964798;7,7545856516;ACTIVA;05;ANTIOQUIA;05147;CAREPA;A;OFICIAL;OFICIAL;URBANO;MAÑANA;EDUCACIÓN MEDIA;8236984;FIJO
105147800025;SEDE OCAMA;;KR 74 76 34 BRR OCAMA;N;105147000568;-76,65719254;7,75538091;ACTIVA;05;ANTIOQUIA;05147;CAREPA;A;OFICIAL;OFICIAL;URBANO;MAÑANA;EDUCACIÓN BÁSICA PRIMARIA;8236984;FIJO
205147000252;ESCUELA RUR IPANCAY;;VDA IPANCAY;N;105147000568;-76,663889;7,743333;ACTIVA;05;ANTIOQUIA;05147;CAREPA;A;OFICIAL;OFICIAL;RURAL;COMPLETA;EDUCACIÓN BÁSICA PRIMARIA;8236984;FIJO
105147000657;COLEGIO DIOCESANO STA MARIA;;CL 76B # 73 C 11;S;105147000657;-76,656944;7,755;ACTIVA;05;ANTIOQUIA;05147;CAREPA;A;OFICIAL;OFICIAL;URBANO;MAÑANA;EDUCACIÓN MEDIA;8237772;FIJO
105147000738;CENTRO EDUCATIVO RUR 25 DE AGOSTO;;VDA 25 AGOSTO;S;105147000738;-76,526389;7,800833;ACTIVA;05;ANTIOQUIA;05147;CAREPA;A;OFICIAL;OFICIAL;URBANO;COMPLETA;EDUCACIÓN BÁSICA PRIMARIA;8236828;FIJO
105148000120;ESCUELA URB MARCO TULIO DUQUE GALLO;;CLL 34 # 27-64;N;105148000243;-75,33460036;6,0874368972;ACTIVA;05;ANTIOQUIA;05148;EL CARMEN DE VIBORAL;A;OFICIAL;OFICIAL;URBANO;UNICA;EDUCACIÓN BÁSICA PRIMARIA;5432031;FIJO
105148000243;INSTITUCION TECN JORGE ELIECER GAITAN;;CR 31 # 37-02;S;105148000243;-75,33695729;6,0884874011;ACTIVA;05;ANTIOQUIA;05148;EL CARMEN DE VIBORAL;A;OFICIAL;OFICIAL;URBANO;UNICA;EDUCACIÓN MEDIA;5432044;FIJO
105148000308;INSTITUCION EDUCATIVA FRAY JULIO TOBON B;IFJTB@EPM.NET.CO;CLL 32 # 29-20;S;105148000308;-75,33520044;6,08510128;ACTIVA;05;ANTIOQUIA;05148;EL CARMEN DE VIBORAL;A;OFICIAL;OFICIAL;URBANO;COMPLETA;EDUCACIÓN MEDIA;5432099;FIJO
105148000383;ESCUELA URB EL CARMEN;IFJTB@EPM.NET.CO;KR 30 NO 35 - 26;N;105148000308;-75,33668451;6,0874756066;ACTIVA;05;ANTIOQUIA;05148;EL CARMEN DE VIBORAL;A;OFICIAL;OFICIAL;URBANO;COMPLETA;EDUCACIÓN BÁSICA PRIMARIA;5432032;FIJO
105148000944;COLEGIO NOCT EL CARMEN;IFJTB@EPM.NET.CO;CL 32 NO. 29 - 20;N;105148000308;-75,33520044;6,08510128;ACTIVA;05;ANTIOQUIA;05148;EL CARMEN DE VIBORAL;A;OFICIAL;OFICIAL;URBANO;COMPLETA;EDUCACIÓN MEDIA;5432099;FIJO
105148000863;INSTITUCION EDUCATIVA LA CHAPA;COLCHAPA@COLG.TELECOM.COM;CORREG LA CHAPA;S;105148000863;-75,316111;6,059167;ACTIVA;05;ANTIOQUIA;05148;EL CARMEN DE VIBORAL;A;OFICIAL;OFICIAL;URBANO;COMPLETA;EDUCACIÓN MEDIA;5431585;FIJO
205148000019;LA CRISTALINA;;VDA LA CRISTALINA;N;105148000863;-75,318056;5,979722;ACTIVA;05;ANTIOQUIA;05148;EL CARMEN DE VIBORAL;A;OFICIAL;OFICIAL;RURAL;COMPLETA;EDUCACIÓN BÁSICA PRIMARIA;;
205148000116;ESCUELA RUR BELEN;;VDA CHAVERRAS;N;105148000863;-75,318056;5,979722;ACTIVA;05;ANTIOQUIA;05148;EL CARMEN DE VIBORAL;A;OFICIAL;OFICIAL;RURAL;COMPLETA;EDUCACIÓN BÁSICA PRIMARIA;;
205148000175;ESCUELA RUR LA ESPERANZA;;CORREG LA ESPERANZA;N;105148000863;-75,318056;5,979722;ACTIVA;05;ANTIOQUIA;05148;EL CARMEN DE VIBORAL;A;OFICIAL;OFICIAL;RURAL;COMPLETA;EDUCACIÓN MEDIA;;
205148000183;ESCUELA RUR STA INES;;CORREG STA INES;N;105148000863;-75,318056;5,979722;ACTIVA;05;ANTIOQUIA;05148;EL CARMEN DE VIBORAL;A;OFICIAL;OFICIAL;RURAL;COMPLETA;EDUCACIÓN BÁSICA PRIMARIA;;
205148000191;ESCUELA RUR STA RITA;;CORREG STA RITA;N;105148000863;-75,318056;5,979722;ACTIVA;05;ANTIOQUIA;05148;EL CARMEN DE VIBORAL;A;OFICIAL;OFICIAL;RURAL;COMPLETA;EDUCACIÓN BÁSICA PRIMARIA;;
205148000256;ESCUELA RUR SAN JOSE;;VDA SAN JOSE;N;105148000863;-75,318056;5,979722;ACTIVA;05;ANTIOQUIA;05148;EL CARMEN DE VIBORAL;A;OFICIAL;OFICIAL;RURAL;COMPLETA;EDUCACIÓN BÁSICA PRIMARIA;;
205148000418;ESCUELA RUR EL PORVENIR;;VDA EL PORVENIR;N;105148000863;-75,318056;5,979722;ACTIVA;05;ANTIOQUIA;05148;EL CARMEN DE VIBORAL;A;OFICIAL;OFICIAL;RURAL;COMPLETA;EDUCACIÓN BÁSICA PRIMARIA;;
205148000680;ESCUELA RUR EL BRASIL;;VDA EL BRASIL;N;105148000863;-75,318056;5,979722;ACTIVA;05;ANTIOQUIA;05148;EL CARMEN DE VIBORAL;A;OFICIAL;OFICIAL;RURAL;COMPLETA;EDUCACIÓN BÁSICA PRIMARIA;;
205148000701;ESCUELA RUR NVA EL CIPRES;;VDA EL CIPRES;N;105148000863;-75,318056;5,979722;ACTIVA;05;ANTIOQUIA;05148;EL CARMEN DE VIBORAL;A;OFICIAL;OFICIAL;RURAL;COMPLETA;EDUCACIÓN BÁSICA PRIMARIA;;
205148000752;ESCUELA RUR LA LINDA;;VDA LA LINDA;N;105148000863;-75,318056;5,979722;ACTIVA;05;ANTIOQUIA;05148;EL CARMEN DE VIBORAL;A;OFICIAL;OFICIAL;RURAL;COMPLETA;EDUCACIÓN BÁSICA PRIMARIA;;
205148001015;MARISOL;;CORREG LA CHAPA;N;105148000863;-75,318056;5,979722;ACTIVA;05;ANTIOQUIA;05148;EL CARMEN DE VIBORAL;A;OFICIAL;OFICIAL;RURAL;FIN DE SEMANA;EDUCACIÓN BÁSICA PRIMARIA;5431585;FIJO
205148001023;LA REPRESA;;VDA LA REPRESA;N;105148000863;-75,318056;5,979722;ACTIVA;05;ANTIOQUIA;05148;EL CARMEN DE VIBORAL;A;OFICIAL;OFICIAL;RURAL;FIN DE SEMANA;EDUCACIÓN BÁSICA PRIMARIA;5431585;FIJO
105148001002;INSTITUCION EDUCATIVA EL PROGRESO;;KR 33 # 15-30;S;105148001002;-75,33138981;6,0712701338;ACTIVA;05;ANTIOQUIA;05148;EL CARMEN DE VIBORAL;A;OFICIAL;OFICIAL;URBANO;FIN DE SEMANA;EDUCACIÓN MEDIA;5436715;FIJO
105150000099;INSTITUCION EDUCATIVA PBRO JULIO TAMAYO R;;KR 52B;S;105150000099;-75,280833;6,725833;ACTIVA;05;ANTIOQUIA;05150;CAROLINA;A;OFICIAL;OFICIAL;URBANO;COMPLETA;EDUCACIÓN MEDIA;8634052;FIJO
105154000280;ESCUELA URB STO DOMINGO;;CLL 21 CLL 36 # 35-12;N;105154000280;-75,199444;7,997778;ACTIVA;05;ANTIOQUIA;05154;CAUCASIA;A;OFICIAL;OFICIAL;URBANO;MAÑANA;EDUCACIÓN MEDIA;8392726;FIJO
105154800006;CENTRO EDUCATIVO RURAL EL CAMELLO;;CL 28 C SUR 2 A 2 SUR BRR EL CAMELLO;N;105154000280;-75,1612642551;7,98528001205;ACTIVA;05;ANTIOQUIA;05154;CAUCASIA;A;OFICIAL;OFICIAL;URBANO;COMPLETA;PREESCOLAR;8502612;FIJO
105154000298;ESCUELA URB STA TERESITA;;CLL 19 CR 6 # 6-8;S;105154000298;-75,19483011;7,987677865;ACTIVA;05;ANTIOQUIA;05154;CAUCASIA;A;OFICIAL;OFICIAL;URBANO;MAÑANA;EDUCACIÓN MEDIA;8392464;FIJO
105154001341;ESCUELA URB CAUCASIA;;CR 3 # 19-44;N;105154000298;-75,19260798;7,9874685841;ACTIVA;05;ANTIOQUIA;05154;CAUCASIA;A;OFICIAL;OFICIAL;URBANO;MAÑANA;EDUCACIÓN MEDIA;8392224;FIJO
105154000301;LICEO CAUCASIA PRIMERA AGRUPACION;CAUCO05@EDATEL.NET.CO;CR 20 TRONCAL LA YE;S;105154000301;-75,199722;7,983333;ACTIVA;05;ANTIOQUIA;05154;CAUCASIA;A;OFICIAL;OFICIAL;URBANO;MAÑANA;EDUCACIÓN MEDIA;8395242;FIJO
105154000409;ESCUELA URB MARCO FIDEL SUAREZ;CAUCCO02@EDATEL.NET.CO;CR 12 # 12-63;S;105154000409;-75,19891054;7,983138558;ACTIVA;05;ANTIOQUIA;05154;CAUCASIA;A;OFICIAL;OFICIAL;URBANO;MAÑANA;EDUCACIÓN MEDIA;8394752;FIJO
105154000751;ESCUELA URB LA MISERICORDIA;;CR 16 CLL 12 Y 13;S;105154000751;-75,20048939;7,982896962;ACTIVA;05;ANTIOQUIA;05154;CAUCASIA;A;OFICIAL;OFICIAL;URBANO;MAÑANA;EDUCACIÓN MEDIA;8393463;FIJO
105154001812;ESCUELA URB SAN RAFAEL;;CRA 9 CON CLL 18;N;105154000751;-75,19646485;7,988364427;ACTIVA;05;ANTIOQUIA;05154;CAUCASIA;A;OFICIAL;OFICIAL;URBANO;MAÑANA;EDUCACIÓN BÁSICA PRIMARIA;8394124;FIJO
105154001880;COLEGIO DIVINO NIÑO;;CR 1 B CON CLL 8 A;S;105154001880;-75,2;7,983333;ACTIVA;05;ANTIOQUIA;05154;CAUCASIA;A;OFICIAL;OFICIAL;URBANO;MAÑANA;EDUCACIÓN MEDIA;8380912;FIJO
105154800091;SEDE SAN JOSE;IEDIVINO.28@GMAIL.COM;CARRERA 4 CON CALLE 10 SUR, BARRIO VILLA ARABIA 2;N;105154001880;-75,1949226056;7,969235015;ACTIVA;05;ANTIOQUIA;05154;CAUCASIA;A;OFICIAL;OFICIAL;URBANO;MAÑANA;EDUCACIÓN MEDIA;8380039;FIJO
205154000781;ESCUELA URB CARACOLI;;CR 3 A # 3-26;N;105154001880;-75,193333;7,975833;ACTIVA;05;ANTIOQUIA;05154;CAUCASIA;A;OFICIAL;OFICIAL;RURAL;MAÑANA;EDUCACIÓN BÁSICA SECUNDARIA;8380913;FIJO
105154002274;INSTITUCION EDUCATIVA NORM SUP DEL BAJO CAUCA;CAUCNS01@EDATEL.NET.CO;CARRET TRONCAL DE OCCIDENTE;S;105154002274;-75,20462102;7,964860705;ACTIVA;05;ANTIOQUIA;05154;CAUCASIA;A;OFICIAL;OFICIAL;URBANO;COMPLETA;EDUCACIÓN MEDIA;8390176;FIJO
105172000076;COLEGIO LOS ANDES;;CLL 97 # 105-33;S;105172000076;-76,68463047;7,6695799109;ACTIVA;05;ANTIOQUIA;05172;CHIGORODÓ;A;OFICIAL;OFICIAL;URBANO;MAÑANA;EDUCACIÓN MEDIA;8253079;FIJO
105172001269;ESCUELA RUR EL CAMPIN;;CLL 100 # 100 A 10 B. EL CAMPIN;N;105172000076;-76,68248709;7,673046819;ACTIVA;05;ANTIOQUIA;05172;CHIGORODÓ;A;OFICIAL;OFICIAL;URBANO;MAÑANA;EDUCACIÓN BÁSICA PRIMARIA;8253079;FIJO
105172007771;LACIDES CASAS MENA;;CL 98 # 112 - 180;N;105172000076;-76,69067914;7,6708102973;ACTIVA;05;ANTIOQUIA;05172;CHIGORODÓ;A;OFICIAL;OFICIAL;URBANO;NOCTURNA;EDUCACIÓN MEDIA;8253589;FIJO
105172000220;INSTITUCION EDUCATIVA MARIA AUXILIADORA;;B. KENNEY;S;105172000220;-76,68979959;7,667668745;ACTIVA;05;ANTIOQUIA;05172;CHIGORODÓ;A;OFICIAL;OFICIAL;URBANO;ESPECIAL;EDUCACIÓN MEDIA;8253374;FIJO
105172800005;INSTITUCION EDUCATIVA MARIA AUXILIADORAKENEDY;;KR 106 93 16 BRR KENEDY;N;105172000220;-76,68501575;7,6678822799;ACTIVA;05;ANTIOQUIA;05172;CHIGORODÓ;A;OFICIAL;OFICIAL;URBANO;MAÑANA;PREESCOLAR;8253196;FIJO
105172000572;INSTITUCION EDUCATIVA CHIGORODO;;CLL 93 CR 105-53B;S;105172000572;-76,68;7,666389;ACTIVA;05;ANTIOQUIA;05172;CHIGORODÓ;A;OFICIAL;OFICIAL;URBANO;MAÑANA;EDUCACIÓN MEDIA;8253135;FIJO
105172000238;ESCUELA GONZALO MEJIA;;CLL 95 # 105-67;N;105172000629;-76,68438145;7,6686062918;ACTIVA;05;ANTIOQUIA;05172;CHIGORODÓ;A;OFICIAL;OFICIAL;URBANO;ESPECIAL;EDUCACIÓN MEDIA;8253093;FIJO
105172000629;COLEGIO JUAN EVANGELISTA BERRIO;;B. LOS OLIVOS CR 112;S;105172000629;-76,685833;7,669722;ACTIVA;05;ANTIOQUIA;05172;CHIGORODÓ;A;OFICIAL;OFICIAL;URBANO;MAÑANA;EDUCACIÓN MEDIA;8257945;FIJO
105172007526;ESCUELA URB BRISAS DE LA CASTELLANA;;B. LA CASTELLANA;N;105172000629;-76,674167;7,667778;ACTIVA;05;ANTIOQUIA;05172;CHIGORODÓ;A;OFICIAL;OFICIAL;URBANO;MAÑANA;EDUCACIÓN MEDIA;8257727;FIJO
305172001152;ESCUELA URB SGDO CORAZON DE JESUS;;CRA 108 # 97-44;N;105172000629;-76,68691584;7,6704612427;ACTIVA;05;ANTIOQUIA;05172;CHIGORODÓ;A;ORGANIZACIÓN CON FINES DE LUCRO;NO OFICIAL;URBANO;MAÑANA;EDUCACIÓN BÁSICA PRIMARIA;8253863;FIJO
105172001463;INSTITUCION EDUCATIVA MPAL JOSE DE LOS STOS ZUÑIGA;;CL 99 # 94-35;S;105172001463;-76,6725;7,670278;ACTIVA;05;ANTIOQUIA;05172;CHIGORODÓ;A;OFICIAL;OFICIAL;URBANO;MAÑANA;EDUCACIÓN MEDIA;8254035;FIJO
105190000032;ESCUELA URB JESUS MARIA DUQUE;;CLL COLON;N;105190000181;-75,09024159;6,538872824;ACTIVA;05;ANTIOQUIA;05190;CISNEROS;A;OFICIAL;OFICIAL;URBANO;UNICA;EDUCACIÓN MEDIA;8632383;FIJO
105190000041;ESCUELA URB CONCEPCION RESTREPO;CISCO05@EDATEL.NET.CO;CR BOLIVAR;N;105190000181;-75,08638371;6,538726931;ACTIVA;05;ANTIOQUIA;05190;CISNEROS;A;OFICIAL;OFICIAL;URBANO;UNICA;EDUCACIÓN MEDIA;8631596;FIJO
105190000181;LICEO CISNEROS;;B. LA YE;S;105190000181;-75,08477484;6,53871585;ACTIVA;05;ANTIOQUIA;05190;CISNEROS;A;OFICIAL;OFICIAL;URBANO;UNICA;EDUCACIÓN MEDIA;8631568;FIJO
105495800072;ESCUELA URBANA ASOMADEN;NECHI.INSTITUCIONEDUCATIVA@GMAIL.COM;CALLE 26 NO. 30A-35 BARRIO SAN NICOLAS;N;105195000024;-74,7735512257662;8,09130792838267;ACTIVA;05;ANTIOQUIA;05495;NECHÍ;A;OFICIAL;OFICIAL;URBANO;ESPECIAL;NIVELES EDUCATIVOS ESPECIALES;3007761319;CELULAR
105197000160;LICEO COCORNA;LICEOCOCO@EDATEL.NET.CO;CR 23 # 23-07;S;105197000160;-75,18480859;6,0612460348;ACTIVA;05;ANTIOQUIA;05197;COCORNÁ;A;OFICIAL;OFICIAL;URBANO;COMPLETA;EDUCACIÓN MEDIA;8343593;FIJO
105197000356;ESCUELA URB JACQUELINE LEFEBURE;;CL 21 # 24-33;N;105197000160;-75,18750324;6,0588880541;ACTIVA;05;ANTIOQUIA;05197;COCORNÁ;A;OFICIAL;OFICIAL;URBANO;COMPLETA;EDUCACIÓN BÁSICA PRIMARIA;8343473;FIJO
105197000402;ESCUELA URB FELIPE SANTIAGO YEPES;;KR 23 # 23-05;N;105197000160;-75,18565926;6,0604471569;ACTIVA;05;ANTIOQUIA;05197;COCORNÁ;A;OFICIAL;OFICIAL;URBANO;COMPLETA;EDUCACIÓN BÁSICA PRIMARIA;8343487;FIJO
105197800019;PRESBITERO MONSEÑOR ADOLFO DUQUE ARBELAEZ;INEDCOCORNA@GMAIL.COM;CRA 18 # 12 - 237;N;105197000160;-75,184769;6,054814;ACTIVA;05;ANTIOQUIA;05197;COCORNÁ;A;OFICIAL;OFICIAL;URBANO;ESPECIAL;NIVELES EDUCATIVOS ESPECIALES;3127860816;CELULAR
105206000186;INSTITUCION EDUCATIVA PBRO LIBARDO AGUIRRE;COLIBA@EDATEL.NET.CO;CLL ANTONIO NARIÑO # 17-50;S;105206000186;-75,25667028;6,394200062;ACTIVA;05;ANTIOQUIA;05206;CONCEPCIÓN;A;OFICIAL;OFICIAL;URBANO;COMPLETA;EDUCACIÓN MEDIA;8567317;FIJO
105209000021;INSTITUCION EDUCATIVA DE JESUS;CONCOC01@EDATEL.NET.CO;CR 22 #19-65;S;105209000021;-75,90848013;6,0442395862;ACTIVA;05;ANTIOQUIA;05209;CONCORDIA ANTIOQUIA;A;OFICIAL;OFICIAL;URBANO;COMPLETA;EDUCACIÓN MEDIA;8446144;FIJO
105209800010;LUCIANA RESTREPO;RECTORIAIEDEJESUS@GMAIL.COM;CALLE 20 # 16-01;N;105209000021;-75,9057504851861;6,04866672459002;ACTIVA;05;ANTIOQUIA;05209;CONCORDIA ANTIOQUIA;A;OFICIAL;OFICIAL;URBANO;COMPLETA;EDUCACIÓN BÁSICA PRIMARIA;3217637045;CELULAR
105209800028;ANTONIO JOSE RESTREPO;RECTORIAIEDEJESUS@GMAIL.COM;CALLE 18, CARRERA 21 # 18 - 05;N;105209000021;-75,9073006603929;6,04470389731036;ACTIVA;05;ANTIOQUIA;05209;CONCORDIA ANTIOQUIA;A;OFICIAL;OFICIAL;URBANO;COMPLETA;EDUCACIÓN BÁSICA PRIMARIA;3217637045;CELULAR
105209000101;CENTRO EDUCATIVO RUR CAMILO GONZALEZ FERNANDEZ;;VDA STA RITA;S;105209000101;-75,917778;6,0275;ACTIVA;05;ANTIOQUIA;05209;CONCORDIA ANTIOQUIA;A;OFICIAL;OFICIAL;URBANO;COMPLETA;EDUCACIÓN BÁSICA SECUNDARIA;8447691;FIJO
105212000082;LICEO SAN LUIS GONZAGA;;CLL 50 # 62-78;S;105212000082;-75,5166852;6,3449750083;ACTIVA;05;ANTIOQUIA;05212;COPACABANA;A;OFICIAL;OFICIAL;URBANO;ESPECIAL;EDUCACIÓN MEDIA;2741584;FIJO
105212000155;ESCUELA URB LA MISERICORDIA;;CLL 48 # 66 A 15;N;105212000082;-75,51867258;6,341095098;ACTIVA;05;ANTIOQUIA;05212;COPACABANA;A;OFICIAL;OFICIAL;URBANO;ESPECIAL;EDUCACIÓN BÁSICA PRIMARIA;2743682;FIJO
105212000597;ESCUELA URB PABLO VI;;CLL 43 # 57 AA 77;N;105212000082;-75,51210789;6,3399824017;ACTIVA;05;ANTIOQUIA;05212;COPACABANA;A;OFICIAL;OFICIAL;URBANO;ESPECIAL;EDUCACIÓN BÁSICA PRIMARIA;2745645;FIJO
105212000775;ESCUELA RUR CARLOS MESA;;AUTOP MEDELLIN-BOGOTA KM 12 VDA CAB;N;105212000082;-75,514167;6,350833;ACTIVA;05;ANTIOQUIA;05212;COPACABANA;A;OFICIAL;OFICIAL;URBANO;ESPECIAL;EDUCACIÓN BÁSICA PRIMARIA;4080252;FIJO
205212000346;ESCUELA RUR CABUYAL;;VDA CABUYAL;N;105212000082;-75,49936607;6,328067142;ACTIVA;05;ANTIOQUIA;05212;COPACABANA;A;OFICIAL;OFICIAL;RURAL;ESPECIAL;EDUCACIÓN BÁSICA PRIMARIA;2742550;FIJO
205212000826;ESCUELA RUR JOAQUIN JIMENEZ SEPULVEDA;;VDA EL LLANO AUTOP MEDELLIN-BOGOTA;N;105212000082;-75,495833;6,348056;ACTIVA;05;ANTIOQUIA;05212;COPACABANA;A;OFICIAL;OFICIAL;RURAL;ESPECIAL;EDUCACIÓN BÁSICA PRIMARIA;4080906;FIJO
205212001067;MONTAÑUELA;;VDA QUEBRADA ARRIBA;N;105212000082;-75,486111;6,350833;ACTIVA;05;ANTIOQUIA;05212;COPACABANA;A;OFICIAL;OFICIAL;RURAL;NOCTURNA;EDUCACIÓN BÁSICA PRIMARIA;2747384;FIJO
105212000112;INSTITUCION EDUCATIVA NORM SUP MARIA AUXILIADORA;NORMALSUPER@EPM.NET.CO;AUTOP NORTE KM 14;S;105212000112;-75,50621682;6,347198264;ACTIVA;05;ANTIOQUIA;05212;COPACABANA;A;OFICIAL;OFICIAL;URBANO;COMPLETA;EDUCACIÓN MEDIA;2740101;FIJO
105212000163;COLEGIO JOSE MIGUEL DE RESTREPO Y PUERTA;CJMRP@EPM.NET.CO;CR 50 # 50 A59;S;105212000163;-75,50833439;6,3471886679;ACTIVA;05;ANTIOQUIA;05212;COPACABANA;A;OFICIAL;OFICIAL;URBANO;MAÑANA;EDUCACIÓN MEDIA;2745193;FIJO
205212000214;ESCUELA RUR LA VETA;;VDA LA VETA;N;105212000163;-75,511667;6,374167;ACTIVA;05;ANTIOQUIA;05212;COPACABANA;A;OFICIAL;OFICIAL;RURAL;ESPECIAL;EDUCACIÓN BÁSICA PRIMARIA;4014095;FIJO
105212000368;COLEGIO VILLANUEVA;;CLL 56 # 56-155;S;105212000368;-75,51268564;6,3485841096;ACTIVA;05;ANTIOQUIA;05212;COPACABANA;A;OFICIAL;OFICIAL;URBANO;MAÑANA;EDUCACIÓN MEDIA;2745561;FIJO
205212000079;ESCUELA RUR LA LUZ;;KM 18 AUTOP NORTE VDA ZARZAL LA LU;N;105212000368;-75,49487722;6,393294831;ACTIVA;05;ANTIOQUIA;05212;COPACABANA;A;OFICIAL;OFICIAL;RURAL;ESPECIAL;EDUCACIÓN BÁSICA SECUNDARIA;2746935;FIJO
205212000842;ESCUELA RUR NVA EL N0RAL;;CR 26 # 73-411 VDA EL NORAL;N;105212000368;-75,512222;6,348611;ACTIVA;05;ANTIOQUIA;05212;COPACABANA;A;OFICIAL;OFICIAL;RURAL;ESPECIAL;EDUCACIÓN BÁSICA PRIMARIA;2748264;FIJO
105212000511;LICEO PBRO BERNARDO MONTOYA GIRALDO;PRESBITEROBMG@HOTMAIL.COM;CLL 50 # 34-07;S;105212000511;-75,4988804977;6,35337;ACTIVA;05;ANTIOQUIA;05212;COPACABANA;A;OFICIAL;OFICIAL;URBANO;MAÑANA;EDUCACIÓN MEDIA;2741687;FIJO
205212000192;ESCUELA RUR PEÑOLCITO;;VDA PEÑOLCITO;N;105212000511;-75,485278;6,331111;ACTIVA;05;ANTIOQUIA;05212;COPACABANA;A;OFICIAL;OFICIAL;RURAL;MAÑANA;EDUCACIÓN BÁSICA PRIMARIA;4013838;FIJO
205212000788;ESCUELA JESUS MARIA CORREA CARMONA;;VDA EL ALVARADO;N;105212000511;-75,492239;6,365822;ACTIVA;05;ANTIOQUIA;05212;COPACABANA;A;OFICIAL;OFICIAL;RURAL;MAÑANA;EDUCACIÓN BÁSICA PRIMARIA;2740975;FIJO
105212000538;COLEGIO GABRIELA MISTRAL;;CR 28 # 43-199;S;105212000538;-75,49448986;6,3541196553;ACTIVA;05;ANTIOQUIA;05212;COPACABANA;A;OFICIAL;OFICIAL;URBANO;MAÑANA;EDUCACIÓN MEDIA;2748300;FIJO
205212000001;ESCUELA RUR EL DIVINO NIÑO;;VDA EL SALADO;N;105212000538;-75,48391773;6,34769094;ACTIVA;05;ANTIOQUIA;05212;COPACABANA;A;OFICIAL;OFICIAL;RURAL;MAÑANA;EDUCACIÓN BÁSICA PRIMARIA;4014141;FIJO
205212000231;ESCUELA RUR QUEBRADA ARRIBA;;VDA QUEBRADA ARRIBA;N;105212000538;-75,472222;6,326944;ACTIVA;05;ANTIOQUIA;05212;COPACABANA;A;OFICIAL;OFICIAL;RURAL;MAÑANA;EDUCACIÓN BÁSICA PRIMARIA;4080257;FIJO
205212000249;ESCUELA RUR SABANETA;;VDA SABANETA;N;105212000538;-75,475;6,344444;ACTIVA;05;ANTIOQUIA;05212;COPACABANA;A;OFICIAL;OFICIAL;RURAL;MAÑANA;EDUCACIÓN BÁSICA PRIMARIA;4014615;FIJO
105212000830;INSTITUCION EDUCATIVA LA TRINIDAD;LATRINIDAD@EPM.NET.CO;CLL 41 # 78 C 32;S;105212000830;-75,52783212;6,3365882485;ACTIVA;05;ANTIOQUIA;05212;COPACABANA;A;OFICIAL;OFICIAL;URBANO;MAÑANA;EDUCACIÓN MEDIA;4810134;FIJO
105234000086;ESCUELA URB MADRE LAURA;INSMADRELAURA@HOTMAIL.COM;CR URIBE URIBE CON CLL VELEZ;S;105234000086;-76,26627673;7,002689834;ACTIVA;05;ANTIOQUIA;05234;DABEIBA;A;OFICIAL;OFICIAL;URBANO;COMPLETA;EDUCACIÓN MEDIA;8591435;FIJO
105234000132;ESCUELA URB JOSE MARIA CORDOBA;;BARRIO LA ARENERA;N;105234000086;-76,2644444444;7,00333333333;ACTIVA;05;ANTIOQUIA;05234;DABEIBA;A;OFICIAL;OFICIAL;URBANO;COMPLETA;EDUCACIÓN BÁSICA PRIMARIA;8591093;FIJO
105234001279;COLEGIO MONSEÑOR MISAEL GAVIRIA RETREPO;;B. ALFONSO LOPEZ;N;105234000086;-76,2575;6,99861111111;ACTIVA;05;ANTIOQUIA;05234;DABEIBA;A;OFICIAL;OFICIAL;URBANO;COMPLETA;EDUCACIÓN BÁSICA SECUNDARIA;8591279;FIJO
205234001761;ESCUELA RUR ALTO BONITO;;VDA ALTO BONITO;N;105234000086;-76,35704948;7,017358223;ACTIVA;05;ANTIOQUIA;05234;DABEIBA;A;OFICIAL;OFICIAL;RURAL;COMPLETA;EDUCACIÓN BÁSICA SECUNDARIA;;
205234001800;ESCUELA RUR CHIMURRO;;VDA CHIMURRO;N;105234000086;-76,39244396;7,015424911;ACTIVA;05;ANTIOQUIA;05234;DABEIBA;A;OFICIAL;OFICIAL;RURAL;COMPLETA;EDUCACIÓN BÁSICA PRIMARIA;;
105234000094;ESCUELA URB JUAN HENRIQUE WHITE;;CR MURILLO TORO CON CLL VELEZ # 11-;N;105234000531;-76,26748289;7,001085789;ACTIVA;05;ANTIOQUIA;05234;DABEIBA;A;OFICIAL;OFICIAL;URBANO;COMPLETA;EDUCACIÓN MEDIA;8591222;FIJO
105234000108;ESCUELA URB FCO DE PAULA SANTANDER;;B. OBRERO;N;105234000531;-76,26229332;7,001830224;ACTIVA;05;ANTIOQUIA;05234;DABEIBA;A;OFICIAL;OFICIAL;URBANO;COMPLETA;EDUCACIÓN BÁSICA SECUNDARIA;8590115;FIJO
105234000531;COLEGIO JUAN H WHITE;;B. OBRERO;S;105234000531;-76,26282661;7,001314391;ACTIVA;05;ANTIOQUIA;05234;DABEIBA;A;OFICIAL;OFICIAL;URBANO;COMPLETA;EDUCACIÓN MEDIA;8590031;FIJO
105234001091;ESCUELA URB EL PESEBRE;;B. JUAN H. WHITE;N;105234000531;-76,2622222222;6,99972222222;ACTIVA;05;ANTIOQUIA;05234;DABEIBA;A;OFICIAL;OFICIAL;URBANO;COMPLETA;EDUCACIÓN BÁSICA PRIMARIA;8591520;FIJO
105234001813;ESCUELA URB JORGE FLOREZ;;B. BERNARDO GUERRA SERNA;N;105234000531;-76,2661111111;7,00166666667;ACTIVA;05;ANTIOQUIA;05234;DABEIBA;A;OFICIAL;OFICIAL;URBANO;COMPLETA;EDUCACIÓN BÁSICA PRIMARIA;8590016;FIJO
105237000044;ESCUELA URB AGUSTIN GARCIA;;CR 29 # 25-129;N;105237000150;-75,39246331;6,4839926081;ACTIVA;05;ANTIOQUIA;05237;DONMATÍAS;A;OFICIAL;OFICIAL;URBANO;COMPLETA;EDUCACIÓN BÁSICA PRIMARIA;8663785;FIJO
105237000052;ESCUELA URB LUIS LOPEZ DE MESA;;CLL 31 # 31-25;N;105237000150;-75,39650449;6,4864978391;ACTIVA;05;ANTIOQUIA;05237;DONMATÍAS;A;OFICIAL;OFICIAL;URBANO;COMPLETA;EDUCACIÓN MEDIA;8663719;FIJO
105237000150;COLEGIO DON MATIAS;;CLL 29 # 37-57;S;105237000150;-75,39907738;6,490059908;ACTIVA;05;ANTIOQUIA;05237;DONMATÍAS;A;OFICIAL;OFICIAL;URBANO;COMPLETA;EDUCACIÓN MEDIA;8663654;FIJO
105237800025;INSTITUCION EDUCATIVA DONMATIAS SEDE ANGELINA ARTEAGA;RECTORIA@IEDONMATIAS.EDU.CO;CARRERA 29 A N 39-75 - CALLE DEL HOSPITAL;N;105237000150;-75,398873;6,490561;ACTIVA;05;ANTIOQUIA;05237;DONMATÍAS;A;OFICIAL;OFICIAL;URBANO;ESPECIAL;NIVELES EDUCATIVOS ESPECIALES;3148094538;CELULAR
105240000136;INSTITUCION IEU SAN JOSE;;CL 19 # 14-22;S;105240000136;-75,76516719;6,3265851139;ACTIVA;05;ANTIOQUIA;05240;EBÉJICO;A;OFICIAL;OFICIAL;URBANO;COMPLETA;EDUCACIÓN MEDIA;8562122;FIJO
105250000169;LICEO EL BAGRE;ELBAGRE@EDATEL.NET.CO;CL 48 # 54A-20;S;105250000169;-74,80087889;7,612506636;ACTIVA;05;ANTIOQUIA;05250;EL BAGRE;A;OFICIAL;OFICIAL;URBANO;MAÑANA;EDUCACIÓN MEDIA;8370161;FIJO
105250000665;ESCUELA URB PORTUGAL;ELBAGRE@EDATEL.NET.CO;B. PORTUGAL;N;105250000169;-74,700556;7,7925;ACTIVA;05;ANTIOQUIA;05250;EL BAGRE;A;OFICIAL;OFICIAL;URBANO;MAÑANA;EDUCACIÓN MEDIA;8372012;FIJO
105250000185;COLEGIO BIJAO;BAGECO02@EDATEL.NET.CO;CLL 54 # 48-33;S;105250000185;-74,807265;7,601648;ACTIVA;05;ANTIOQUIA;05250;EL BAGRE;A;OFICIAL;OFICIAL;URBANO;MAÑANA;EDUCACIÓN MEDIA;8372776;FIJO
105250000339;COLEGIO LAS DELICIAS;IEDUCDELICIAS@EDATEL.NET.CO;B. LAS DELICIAS;S;105250000339;-74,80493247;7,609116043;ACTIVA;05;ANTIOQUIA;05250;EL BAGRE;A;OFICIAL;OFICIAL;URBANO;MAÑANA;EDUCACIÓN MEDIA;8372431;FIJO
105250001262;ESCUELA URB LA VEGA;;B. LA VEGA;N;105250000339;-74,80475718;7,60563714;ACTIVA;05;ANTIOQUIA;05250;EL BAGRE;A;OFICIAL;OFICIAL;URBANO;MAÑANA;EDUCACIÓN BÁSICA PRIMARIA;8373147;FIJO
105250000932;COLEGIO LA ESMERALDA;;B. LA ESMERALDA;S;105250000932;-74,809167;7,599444;ACTIVA;05;ANTIOQUIA;05250;EL BAGRE;A;OFICIAL;OFICIAL;URBANO;COMPLETA;EDUCACIÓN MEDIA;8370416;FIJO
205250001143;ESCUELA URB NVA GRANADA;;B. NVA GRANADA;N;105250000932;-74,79875289;7,609234769;ACTIVA;05;ANTIOQUIA;05250;EL BAGRE;A;OFICIAL;OFICIAL;RURAL;COMPLETA;EDUCACIÓN BÁSICA PRIMARIA;8372761;FIJO
105250000941;ESCUELA URB EL PROGRESO;;B. EL PROGRESO;N;105250000975;-74,79760953;7,597454069;ACTIVA;05;ANTIOQUIA;05250;EL BAGRE;A;OFICIAL;OFICIAL;URBANO;ESPECIAL;EDUCACIÓN BÁSICA PRIMARIA;8370615;FIJO
105250000975;COLEGIO VEINTE DE JULIO;;CR 45 # 71-25;S;105250000975;-74,801958;7,591329;ACTIVA;05;ANTIOQUIA;05250;EL BAGRE;A;OFICIAL;OFICIAL;URBANO;ESPECIAL;EDUCACIÓN MEDIA;8370751;FIJO
105250001289;ESCUELA URB EL PORVENIR;;B. EL PORVENIR;N;105250000975;-74,812222;7,596944;ACTIVA;05;ANTIOQUIA;05250;EL BAGRE;A;OFICIAL;OFICIAL;URBANO;ESPECIAL;EDUCACIÓN MEDIA;8373424;FIJO
105250800051;SEDE LA PAZ;IE20JULIO2020@GMAIL.COM;CARRERA 41 NO 32-49, BARRIO VILLA ECHEVERRY;N;105250000975;-74,800989;7,580611;ACTIVA;05;ANTIOQUIA;05250;EL BAGRE;A;OFICIAL;OFICIAL;URBANO;ESPECIAL;EDUCACIÓN BÁSICA PRIMARIA;3147980882;CELULAR
205250000287;ESCUELA URB COMODATOS;;B. LOS COMODATOS;N;105250000975;-74,663611;7,702222;ACTIVA;05;ANTIOQUIA;05250;EL BAGRE;A;OFICIAL;OFICIAL;RURAL;ESPECIAL;EDUCACIÓN BÁSICA PRIMARIA;8373176;FIJO
105264000013;LICEO SAN LUIS BELTRAN;;CLL 10 # 10-12;S;105264000013;-75,51614695;6,567584385;ACTIVA;05;ANTIOQUIA;05264;ENTRERRÍOS;A;OFICIAL;OFICIAL;URBANO;COMPLETA;EDUCACIÓN MEDIA;8670153;FIJO
105264000111;ESCUELA URB DE ENTRERRIOS;;CLL 7 # 13-51;N;105264000013;-75,5171665;6,5642053029;ACTIVA;05;ANTIOQUIA;05264;ENTRERRÍOS;A;OFICIAL;OFICIAL;URBANO;COMPLETA;EDUCACIÓN BÁSICA PRIMARIA;8670386;FIJO
105266000061;LICEO MANUEL URIBE ANGEL DE ENVIGADO;;CRA 44 # 38 SUR 15;S;105266000061;-75,5901601;6,1706963;ACTIVA;05;ANTIOQUIA;05266;ENVIGADO;A;OFICIAL;OFICIAL;URBANO;UNICA;EDUCACIÓN MEDIA;2766216;FIJO
105266000347;ESCUELA URB MARCELIANO VELEZ;;CR 43 # 33 B S 43;N;105266000061;-75,58657706;6,1728516863;ACTIVA;05;ANTIOQUIA;05266;ENVIGADO;A;OFICIAL;OFICIAL;URBANO;UNICA;EDUCACIÓN BÁSICA PRIMARIA;3323075;FIJO
105266000282;INSTITUCION EDUCATIVA SAN VICENTE DE PAUL;ENV.SANVICENTE@EPM.NET.CO;CR 29 A # 36 DS 71;S;105266000282;-75,57907814;6,1669643769;ACTIVA;05;ANTIOQUIA;05266;ENVIGADO;A;OFICIAL;OFICIAL;URBANO;UNICA;EDUCACIÓN MEDIA;2762722;FIJO
105266000312;INSTITUCION EDUCATIVA DARIO DE BEDOUT;;DG 29 # 35 D SUR 10;S;105266000312;-75,57838218;6,1678549103;ACTIVA;05;ANTIOQUIA;05266;ENVIGADO;A;OFICIAL;OFICIAL;URBANO;UNICA;EDUCACIÓN MEDIA;2765057;FIJO
105266000363;INSTITUCION EDUCATIVA ALEJANDRO VELEZ BARRIENTOS;;CLL 39 S # 45 C 9;S;105266000363;-75,59245335;6,1701533;ACTIVA;05;ANTIOQUIA;05266;ENVIGADO;A;OFICIAL;OFICIAL;URBANO;UNICA;EDUCACIÓN MEDIA;2762623;FIJO
105266000207;ESCUELA URB LETICIA ARANGO DE AVENDAÑO;;CLL 45 B SUR # 42 C 9;N;105266000452;-75,59458158;6,163689127;ACTIVA;05;ANTIOQUIA;05266;ENVIGADO;A;OFICIAL;OFICIAL;URBANO;UNICA;EDUCACIÓN MEDIA;2764755;FIJO
105266000274;ESCUELA URB JOHN F KENNEDY;;CLL 40 H SUR # 41-61;N;105266000452;-75,59084526;6,1646997553;ACTIVA;05;ANTIOQUIA;05266;ENVIGADO;A;OFICIAL;OFICIAL;URBANO;UNICA;EDUCACIÓN BÁSICA PRIMARIA;2764113;FIJO
105266000452;LICEO LA PAZ;;CLL 46 SUR # 42-16;S;105266000452;-75,59361159;6,1622157786;ACTIVA;05;ANTIOQUIA;05266;ENVIGADO;A;OFICIAL;OFICIAL;URBANO;UNICA;EDUCACIÓN MEDIA;2767797;FIJO
105266000681;ESCUELA URB EL TRIANON;;CLL 46 C SUR # 38-15;N;105266000452;-75,59164417;6,157497384;ACTIVA;05;ANTIOQUIA;05266;ENVIGADO;A;OFICIAL;OFICIAL;URBANO;UNICA;EDUCACIÓN BÁSICA PRIMARIA;2768794;FIJO
105266000428;ESCUELA URB MARIA POUSSEPIN;;CLL 34 DD SUR # 28-24;N;105266000461;-75,57682555;6,170997489;ACTIVA;05;ANTIOQUIA;05266;ENVIGADO;A;OFICIAL;OFICIAL;URBANO;UNICA;EDUCACIÓN MEDIA;2704972;FIJO
105266000461;INSTITUCION EDUCATIVA NORM SUPERIOR DE ENVIGADO;NORMALENVIGADO@EPM.NET.CO;CLL 37 SUR # 33-14;S;105266000461;-75,58152383;6,167001767;ACTIVA;05;ANTIOQUIA;05266;ENVIGADO;A;OFICIAL;OFICIAL;URBANO;UNICA;EDUCACIÓN MEDIA;2761756;FIJO
105266000801;INSTITUCION EDUCATIVA JOSE MIGUEL DE LA CALLE;;TR 34 B SUR # 31 E 66;S;105266000801;-75,58119021;6,1729048452;ACTIVA;05;ANTIOQUIA;05266;ENVIGADO;A;OFICIAL;OFICIAL;URBANO;UNICA;EDUCACIÓN MEDIA;2762426;FIJO
105266000169;ESCUELA URB PIO XII;;CR 31 # 38 S 51;N;105266000924;-75,58137353;6,165390773;ACTIVA;05;ANTIOQUIA;05266;ENVIGADO;A;OFICIAL;OFICIAL;URBANO;UNICA;EDUCACIÓN BÁSICA PRIMARIA;2761312;FIJO
105266000924;INSTITUCION EDUCATIVA DE ENVIGADO;;CLL 41 SUR # 24C-71;S;105266000924;-75,5849999;6,1539416953;ACTIVA;05;ANTIOQUIA;05266;ENVIGADO;A;OFICIAL;OFICIAL;URBANO;UNICA;EDUCACIÓN MEDIA;2768995;FIJO
105266001157;ESCUELA URB SAN RAFAEL;;CLL 41 A SUR # 26-158;N;105266000924;-75,5830824;6,1574743105;ACTIVA;05;ANTIOQUIA;05266;ENVIGADO;A;OFICIAL;OFICIAL;URBANO;UNICA;EDUCACIÓN BÁSICA PRIMARIA;2766012;FIJO
105266000177;ESCUELA URB FERNANDO GONZALEZ;;CR 40 # 38 A SUR 08;N;105266000941;-75,58623775;6,1674350918;ACTIVA;05;ANTIOQUIA;05266;ENVIGADO;A;OFICIAL;OFICIAL;URBANO;ESPECIAL;EDUCACIÓN BÁSICA PRIMARIA;2761337;FIJO
105266000941;INSTITUCION EDUCATIVA JOSE MANUEL RESTREPO VELEZ;;CR 44 # 38 SUR 15;S;105266000941;-75,5901601;6,1706963;ACTIVA;05;ANTIOQUIA;05266;ENVIGADO;A;OFICIAL;OFICIAL;URBANO;ESPECIAL;EDUCACIÓN MEDIA;2767838;FIJO
105266001203;COLEGIO EL SALADO;;CR 25 # 39 D SUR 60;S;105266001203;-75,57822132;6,1533356343;ACTIVA;05;ANTIOQUIA;05266;ENVIGADO;A;OFICIAL;OFICIAL;URBANO;UNICA;EDUCACIÓN MEDIA;2700414;FIJO
105282000233;ESCUELA URB DE V MARCO FIDEL SUAREZ;;CR 51 # 47-25;N;105282000390;-75,67125861;5,9255852942;ACTIVA;05;ANTIOQUIA;05282;FREDONIA;A;OFICIAL;OFICIAL;URBANO;COMPLETA;EDUCACIÓN BÁSICA PRIMARIA;8401088;FIJO
105282000276;ESCUELA URB MARCO A BOTERO;;CR 51 # 59-46;N;105282000390;-75,67912062;5,932404624;ACTIVA;05;ANTIOQUIA;05282;FREDONIA;A;OFICIAL;OFICIAL;URBANO;COMPLETA;EDUCACIÓN BÁSICA PRIMARIA;8401375;FIJO
105282000390;COLEGIO EFE GOMEZ;;CR 51 # 43-57;S;105282000390;-75,67019037;5,9232545794;ACTIVA;05;ANTIOQUIA;05282;FREDONIA;A;OFICIAL;OFICIAL;URBANO;COMPLETA;EDUCACIÓN MEDIA;8401172;FIJO
105282000403;INSTITUCION EDUCATIVA NOR SUP MARIANO OSPINA RODRIGUEZ;NMOR@EDATEL.CO;CLL 51 # 49-08;S;105282000403;-75,67184531;5,9289140513;ACTIVA;05;ANTIOQUIA;05282;FREDONIA;A;OFICIAL;OFICIAL;URBANO;COMPLETA;EDUCACIÓN MEDIA;8403250;FIJO
105284000214;INSTITUCION EDUCATIVA MANUEL ANTONIO TORO;;B. JUAN XXIII CLL 30 A # 26 B 99;S;105284000214;-76,12583776;6,7808375729;ACTIVA;05;ANTIOQUIA;05284;FRONTINO;A;OFICIAL;OFICIAL;URBANO;COMPLETA;EDUCACIÓN MEDIA;8596560;FIJO
205284000821;ESCUELA RUR NVA EL POZO;;VDA EL POZO;N;105284000214;-76,24303811;6,778705375;ACTIVA;05;ANTIOQUIA;05284;FRONTINO;A;OFICIAL;OFICIAL;RURAL;COMPLETA;EDUCACIÓN BÁSICA PRIMARIA;;
105284000575;INSTITUCION EDUCATIVA LAS MERCEDES;;CR WHITE 31 # 44-33;S;105284000575;-76,12876303;6,792011556;ACTIVA;05;ANTIOQUIA;05284;FRONTINO;A;OFICIAL;OFICIAL;URBANO;COMPLETA;EDUCACIÓN MEDIA;8595821;FIJO
105284000788;INSTITUCION EDUCATIVA PEDRO ANTONIO ELEJALDE;;B MANGURUMA;S;105284000788;-76,131111;6,775278;ACTIVA;05;ANTIOQUIA;05284;FRONTINO;A;OFICIAL;OFICIAL;URBANO;COMPLETA;EDUCACIÓN MEDIA;8595568;FIJO
105284000800;INSTITUCION EDUCATIVA NORM SUP MIGUEL ANGEL ALVAREZ;ENSMALVAREZ@EDATEL.NET.CO;B. MANGURUMA;S;105284000800;-76,131111;6,775278;ACTIVA;05;ANTIOQUIA;05284;FRONTINO;A;OFICIAL;OFICIAL;URBANO;COMPLETA;EDUCACIÓN MEDIA;8596645;FIJO
205284000022;ESCUELA URB PONTON;;CORREG PONTON;N;105284000800;-76,092874;6,741891;ACTIVA;05;ANTIOQUIA;05284;FRONTINO;A;OFICIAL;OFICIAL;RURAL;COMPLETA;EDUCACIÓN MEDIA;;
205284000502;ESCUELA RUR NORE;;VDA NORE;N;105284000800;-76,123333;6,748889;ACTIVA;05;ANTIOQUIA;05284;FRONTINO;A;OFICIAL;OFICIAL;RURAL;COMPLETA;EDUCACIÓN BÁSICA PRIMARIA;;
205284001550;ESCUELA RUR JOSE MARIA RODRIGUEZ ROJAS;;VDA EL BORDO;N;105284000800;-76,3999853069;6,80282773899;ACTIVA;05;ANTIOQUIA;05284;FRONTINO;A;OFICIAL;OFICIAL;RURAL;COMPLETA;EDUCACIÓN BÁSICA PRIMARIA;;
205284800118;CENTRO EDUCATIVO RURAL LA HONDITA;;VD LA HONDITA;N;105284000800;-76,3999853069;6,80282773899;ACTIVA;05;ANTIOQUIA;05284;FRONTINO;A;OFICIAL;OFICIAL;RURAL;COMPLETA;EDUCACIÓN MEDIA;8596593;FIJO
105306000019;ESCUELA URB GIRALDO;;KR 10 # 10-20;N;105306000175;-75,95315865;6,680995699;ACTIVA;05;ANTIOQUIA;05306;GIRALDO;A;OFICIAL;OFICIAL;URBANO;COMPLETA;EDUCACIÓN BÁSICA PRIMARIA;8571240;FIJO
105306000175;LICEO LUIS ANDRADE VALDERRAMA;LICEOLAVARROBA@EDATEL.NET.CO;CL 10 # 8-12;S;105306000175;-75,95252969;6,6809197076;ACTIVA;05;ANTIOQUIA;05306;GIRALDO;A;OFICIAL;OFICIAL;URBANO;COMPLETA;EDUCACIÓN MEDIA;8571014;FIJO
105308000041;LICEO MANUEL JOSE SIERRA;LMANUEL@EPM.NET.CO;CR 14 # 7-49;S;105308000041;-75,44648994;6,3761540935;ACTIVA;05;ANTIOQUIA;05308;GIRARDOTA;A;OFICIAL;OFICIAL;URBANO;ESPECIAL;EDUCACIÓN MEDIA;2891114;FIJO
205308000100;ESCUELA RUR SAN ESTEBAN;;VDA SAN ESTEBAN;N;105308000041;-75,46946646;6,388220502;ACTIVA;05;ANTIOQUIA;05308;GIRARDOTA;A;OFICIAL;OFICIAL;RURAL;ESPECIAL;EDUCACIÓN BÁSICA SECUNDARIA;2892425;FIJO
205308000169;ESCUELA RUR SIMON URREA;;VDA EL BARRO;N;105308000041;-75,44075416;6,358836915;ACTIVA;05;ANTIOQUIA;05308;GIRARDOTA;A;OFICIAL;OFICIAL;RURAL;ESPECIAL;EDUCACIÓN BÁSICA PRIMARIA;2894200;FIJO
205308000207;ESCUELA RUR LUZ PEREZ DE VEGA;;VDA EL TOTUMO;N;105308000041;-75,470574;6,380545;ACTIVA;05;ANTIOQUIA;05308;GIRARDOTA;A;OFICIAL;OFICIAL;RURAL;ESPECIAL;EDUCACIÓN BÁSICA SECUNDARIA;2892514;FIJO
205308000215;ESCUELA RUR LA HOLANDA;;VDA LA HOLANDA PARTE BAJA;N;105308000041;-75,4825;6,421944;ACTIVA;05;ANTIOQUIA;05308;GIRARDOTA;A;OFICIAL;OFICIAL;RURAL;ESPECIAL;EDUCACIÓN BÁSICA PRIMARIA;4542454;FIJO
205308000291;ESCUELA RUR JAMUNDI;;VDA JAMUNDI;N;105308000041;-75,43563251;6,365335243;ACTIVA;05;ANTIOQUIA;05308;GIRARDOTA;A;OFICIAL;OFICIAL;RURAL;ESPECIAL;EDUCACIÓN BÁSICA PRIMARIA;2894255;FIJO
205308000461;ESCUELA RUR GABRIEL SIERRA;IMANUEL@UNE.NET.CO;VDA PORTACHUELO;N;105308000041;-75,480556;6,412778;ACTIVA;05;ANTIOQUIA;05308;GIRARDOTA;A;OFICIAL;OFICIAL;RURAL;ESPECIAL;EDUCACIÓN BÁSICA PRIMARIA;2896497;FIJO
205308000614;ESCUELA RUR LA HOLANDA PARTE ALTA;LMANUEL@UNE.NET.CO;VDA LA HOLANDA PARTE ALTA;N;105308000041;-75,473889;6,406389;ACTIVA;05;ANTIOQUIA;05308;GIRARDOTA;A;OFICIAL;OFICIAL;RURAL;ESPECIAL;EDUCACIÓN BÁSICA PRIMARIA;4545630;FIJO
205308000631;ESCUELA RUR LA MATA;;VDA LA MATA;N;105308000041;-75,463611;6,405278;ACTIVA;05;ANTIOQUIA;05308;GIRARDOTA;A;OFICIAL;OFICIAL;RURAL;ESPECIAL;EDUCACIÓN BÁSICA PRIMARIA;4565670;FIJO
105308000059;COLEGIO NTRA SRA DEL ROSARIO;COLEGIOELROSARIO3@HOTMAIL.COM;CR 14 # 8-05;S;105308000059;-75,44743482;6,3756684354;ACTIVA;05;ANTIOQUIA;05308;GIRARDOTA;A;OFICIAL;OFICIAL;URBANO;MAÑANA;EDUCACIÓN MEDIA;2890081;FIJO
105308000083;INSTITUCION EDUCATIVA COLOMBIA;IECOLOMBIA@EPM.NET.CO;CLL 5 A # 14 A 62;S;105308000083;-75,4442967;6,3786333281;ACTIVA;05;ANTIOQUIA;05308;GIRARDOTA;A;OFICIAL;OFICIAL;URBANO;MAÑANA;EDUCACIÓN MEDIA;2890338;FIJO
105308000253;INSTITUCION EDUCATIVA EMILIANO GARCIA;;CR 16 # 9-63;S;105308000253;-75,44855609;6,3761932856;ACTIVA;05;ANTIOQUIA;05308;GIRARDOTA;A;OFICIAL;OFICIAL;URBANO;COMPLETA;EDUCACIÓN MEDIA;2893120;FIJO
105308000482;COLEGIO ATANASIO GIRARDOT;ATANASIO@EPM.NET.CO;CR 17 # 11-51;S;105308000482;-75,4509218;6,374848394;ACTIVA;05;ANTIOQUIA;05308;GIRARDOTA;A;OFICIAL;OFICIAL;URBANO;MAÑANA;EDUCACIÓN MEDIA;2891448;FIJO
105308000679;COLEGIO GIRARDOTA LA NUEVA;;CR 17 # 12 A 063;N;105308000482;-75,45235334;6,3751389345;ACTIVA;05;ANTIOQUIA;05308;GIRARDOTA;A;OFICIAL;OFICIAL;URBANO;MAÑANA;EDUCACIÓN BÁSICA SECUNDARIA;2896744;FIJO
205308000151;ESCUELA RUR SAN JOSE;;VDA LAS CUCHILLAS;N;105308000482;-75,45496516;6,3705377672;ACTIVA;05;ANTIOQUIA;05308;GIRARDOTA;A;OFICIAL;OFICIAL;RURAL;MAÑANA;EDUCACIÓN BÁSICA PRIMARIA;2893891;FIJO
205308000282;ESCUELA RUR LA MANGA;;VDA MANGA ARRIBA;N;105308000482;-75,45860012;6,359312807;ACTIVA;05;ANTIOQUIA;05308;GIRARDOTA;A;OFICIAL;OFICIAL;RURAL;MAÑANA;EDUCACIÓN BÁSICA PRIMARIA;2892317;FIJO
205308000479;ESCUELA RUR OLAYA HERRERA;;VDA JUAN COJO;N;105308000482;-75,45334151;6,361668474;ACTIVA;05;ANTIOQUIA;05308;GIRARDOTA;A;OFICIAL;OFICIAL;RURAL;MAÑANA;EDUCACIÓN BÁSICA PRIMARIA;2893553;FIJO
105310000031;LICEO DE GOMEZ PLATA;GOMECO04@EDATEL.NET.COM;CLL 48 # 51-25;S;105310000031;-75,22101242;6,6788976223;ACTIVA;05;ANTIOQUIA;05310;GÓMEZ PLATA;A;OFICIAL;OFICIAL;URBANO;ESPECIAL;EDUCACIÓN MEDIA;8624714;FIJO
105310000074;ESCUELA URB ISABEL PRIMERA;IEGOMEZPLATA@EDATEL.NET.CO;CL 49 # 50-35;N;105310000031;-75,21947175;6,68034442;ACTIVA;05;ANTIOQUIA;05310;GÓMEZ PLATA;A;OFICIAL;OFICIAL;URBANO;ESPECIAL;EDUCACIÓN BÁSICA PRIMARIA;8624555;FIJO
105313000016;COLEGIO GRANADA;;AV COLON # 16-143;S;105313000016;-75,179722;6,135;ACTIVA;05;ANTIOQUIA;05313;GRANADA;A;OFICIAL;OFICIAL;URBANO;ESPECIAL;EDUCACIÓN MEDIA;8320704;FIJO
105313000032;ESCUELA URB JESUS MARIA YEPES;;CLL JORGE RAMON DE POSADA;N;105313000016;-75,179722;6,135;ACTIVA;05;ANTIOQUIA;05313;GRANADA;A;OFICIAL;OFICIAL;URBANO;ESPECIAL;EDUCACIÓN BÁSICA PRIMARIA;8376758;FIJO
105313000865;CENTRO EDUCATIVO RUR LA SELVA;;VDA LA SELVA;S;105313000865;-75,126389;6,066111;ACTIVA;05;ANTIOQUIA;05313;GRANADA;A;OFICIAL;OFICIAL;URBANO;COMPLETA;EDUCACIÓN BÁSICA PRIMARIA;;
105315000021;COLEGIO LUIS LOPEZ DE MESA;IELLOPEZ@EDATEL.NET.CO;CLL 47 # 49-64;S;105315000021;-75,24068823;6,812477172;ACTIVA;05;ANTIOQUIA;05315;GUADALUPE;A;OFICIAL;OFICIAL;URBANO;COMPLETA;EDUCACIÓN MEDIA;8616047;FIJO
105318000049;INSTITUCION EDUCATIVA STO TOMAS DE AQUINO;TOMASDEAQUINO@EPM.NET;CR 50 # 52-99;S;105318000049;-75,44400554;6,2809971192;ACTIVA;05;ANTIOQUIA;05318;GUARNE;A;OFICIAL;OFICIAL;URBANO;COMPLETA;EDUCACIÓN MEDIA;5510085;FIJO
105318800002;INSTITUCION EDUCATIVA SANTO TOMAS DE AQUINO SEDE II;;KR 50 35 D 43 BRR SAN ANTONIO;N;105318000049;-75,43586357;6,270179156;ACTIVA;05;ANTIOQUIA;05318;GUARNE;A;OFICIAL;OFICIAL;URBANO;COMPLETA;PREESCOLAR;4449449;FIJO
105318000278;INSTITUCION EDUCATIVA LA INMACULADA CONCEPCION;LAINMACULADA2005@EPM.NET.CO;KR 50 # 51-92;S;105318000278;-75,44323032;6,2806331915;ACTIVA;05;ANTIOQUIA;05318;GUARNE;A;OFICIAL;OFICIAL;URBANO;COMPLETA;EDUCACIÓN MEDIA;5510213;FIJO
105321000025;INSTITUCION EDUCATIVA NTRA SRA DEL PILAR DE GUATAPE;INSEDNTRASRAPILAR@EDATEL.NET.CO;CLL 31 # 23 A 33;S;105321000025;-75,15753701;6,2325667646;ACTIVA;05;ANTIOQUIA;05321;GUATAPÉ;A;OFICIAL;OFICIAL;URBANO;UNICA;EDUCACIÓN MEDIA;8610559;FIJO
105321800014;INSTITUCION EDUCATIVA NUESTRA SEÑORA DEL PILAR SEDE PRIMARIA;IEPILARGUATAPE@HOTMAIL.COM;CALLE 28 # 23 C-90 BETANIA;N;105321000025;-75,1575257199883;6,23255491704326;ACTIVA;05;ANTIOQUIA;05321;GUATAPÉ;A;OFICIAL;OFICIAL;URBANO;COMPLETA;EDUCACIÓN BÁSICA PRIMARIA;8610559;FIJO
105347000015;LICEO SAN RAFAEL;;KR 19 # 21-50;S;105347000015;-75,73196023;6,20753672;ACTIVA;05;ANTIOQUIA;05347;HELICONIA;A;OFICIAL;OFICIAL;URBANO;COMPLETA;EDUCACIÓN MEDIA;8549658;FIJO
105347000082;ESCUELA URB CRISTO REY;;CR 19 # 21-50;N;105347000015;-75,73196023;6,20753672;ACTIVA;05;ANTIOQUIA;05347;HELICONIA;A;OFICIAL;OFICIAL;URBANO;COMPLETA;EDUCACIÓN BÁSICA PRIMARIA;8549658;FIJO
105353000051;IE AURA MARIA VALENCIA;HISPCO01@EDATEL.NET.CO;CLL VARSOVIA # 49;S;105353000051;-75,90495183;5,800368077;ACTIVA;05;ANTIOQUIA;05353;HISPANIA;A;OFICIAL;OFICIAL;URBANO;COMPLETA;EDUCACIÓN MEDIA;8432076;FIJO
105360000024;INSTITUCION EDUCATIVA CONCEJO MPAL DE ITAGUI;LICONCEJO@HOTMAIL.COM;CL 25 # 25-01;S;105360000024;-75,64387219;6,168471192;ACTIVA;05;ANTIOQUIA;05360;ITAGÜÍ;A;OFICIAL;OFICIAL;URBANO;ESPECIAL;EDUCACIÓN MEDIA;2791647;FIJO
105360000555;ESCUELA SAN FCO;;CR 68 # 26-24;N;105360000024;-75,64176335;6,1704917481;ACTIVA;05;ANTIOQUIA;05360;ITAGÜÍ;A;OFICIAL;OFICIAL;URBANO;ESPECIAL;EDUCACIÓN MEDIA;3090041;FIJO
105360000083;INSTITUCION EDUCATIVA SAN JOSE;IBI@EPM.NET.CO;CR 50 A # 37 B 60;S;105360000083;-75,61852632;6,168311527;ACTIVA;05;ANTIOQUIA;05360;ITAGÜÍ;A;OFICIAL;OFICIAL;URBANO;UNICA;EDUCACIÓN MEDIA;2770630;FIJO
105360000121;ESCUELA URB SAN JOSE;;CLL 35 # 38-99;N;105360000083;-75,61351633;6,165374489;ACTIVA;05;ANTIOQUIA;05360;ITAGÜÍ;A;OFICIAL;OFICIAL;URBANO;UNICA;EDUCACIÓN MEDIA;2777616;FIJO
105360000105;INSTITUCION EDUCATIVA PEDRO ESTRADA;PEDROESTRADA@GEO.NET.CO;KR 47 # 85-113;S;105360000105;-75,58882364;6,191204371;ACTIVA;05;ANTIOQUIA;05360;ITAGÜÍ;A;OFICIAL;OFICIAL;URBANO;UNICA;EDUCACIÓN MEDIA;2555576;FIJO
105360000253;COLEGIO ESTEBAN OCHOA;;CR 68 # 36-75;S;105360000253;-75,63296389;6,1746705658;ACTIVA;05;ANTIOQUIA;05360;ITAGÜÍ;A;OFICIAL;OFICIAL;URBANO;UNICA;EDUCACIÓN MEDIA;2771464;FIJO
105360001381;ESCUELA GERMAN RESTREPO H;;CLL 31 # 68-98;N;105360000253;-75,63670105;6,172191287;ACTIVA;05;ANTIOQUIA;05360;ITAGÜÍ;A;OFICIAL;OFICIAL;URBANO;UNICA;EDUCACIÓN MEDIA;2810831;FIJO
105360000288;LICEO ENRIQUE VELEZ ESCOBAR;EVECE@PMNGT.CO;CR 52 C # 72-69;N;105360000288;-75,59861356;6,1849044197;ACTIVA;05;ANTIOQUIA;05360;ITAGÜÍ;A;OFICIAL;OFICIAL;URBANO;UNICA;EDUCACIÓN MEDIA;2816004;FIJO
105360000334;ESCUELA ARNULFO FLOREZ ZULETA;ARNULFOA@GEO.NET.CO;CR 52 D # 83-63;N;105360000288;-75,59367321;6,1915469927;ACTIVA;05;ANTIOQUIA;05360;ITAGÜÍ;A;OFICIAL;OFICIAL;URBANO;UNICA;EDUCACIÓN MEDIA;2852668;FIJO
105360000407;ESCUELA URB LA PROVIDENCIA;PROVIDENCIA@GEO.NET.CO;CLL 77 B # 52 A 46;N;105360000288;-75,59532768;6,1877932837;ACTIVA;05;ANTIOQUIA;05360;ITAGÜÍ;A;OFICIAL;OFICIAL;URBANO;UNICA;EDUCACIÓN BÁSICA SECUNDARIA;2775967;FIJO
105360000296;INSTITUCION IEANTONIO JOSE DE SUCRE;COLANJA@GEO.NET.CO;CLL 37 # 42-10;S;105360000296;-75,61643613;6,1672942058;ACTIVA;05;ANTIOQUIA;05360;ITAGÜÍ;A;OFICIAL;OFICIAL;URBANO;UNICA;EDUCACIÓN MEDIA;2775261;FIJO
105360000318;COLEGIO JHON F KENNEDY;;CLL 31 # 50 C 30;N;105360000318;-75,62438068;6,1639649586;ACTIVA;05;ANTIOQUIA;05360;ITAGÜÍ;A;OFICIAL;OFICIAL;URBANO;UNICA;EDUCACIÓN MEDIA;2773990;FIJO
105360000385;INSTITUCION EDUCATIVA ISOLDA ECHAVARRIA;CISOLDA@GEO.NET.COM;CLL 34 A # 57-60;S;105360000385;-75,62596721;6,1681064326;ACTIVA;05;ANTIOQUIA;05360;ITAGÜÍ;A;OFICIAL;OFICIAL;URBANO;ESPECIAL;EDUCACIÓN MEDIA;2775327;FIJO
105360000415;INSTITUCION EDUCATIVA JUAN N CADAVID;CJNE@GEO.NET.CO;CR 48 # 48-88;S;105360000415;-75,60983662;6,1694463737;ACTIVA;05;ANTIOQUIA;05360;ITAGÜÍ;A;OFICIAL;OFICIAL;URBANO;MAÑANA;EDUCACIÓN MEDIA;3710505;FIJO
105360000431;INSTITUCION EDUCATIVA EL ROSARIO;;CLL 47 A # 59-37;S;105360000431;-75,61329291;6,1783262919;ACTIVA;05;ANTIOQUIA;05360;ITAGÜÍ;A;OFICIAL;OFICIAL;URBANO;MAÑANA;EDUCACIÓN MEDIA;3717832;FIJO
105360000474;INSTITUCION EDUCATIVA FELIPE DE RESTREPO;COLFELIPEDERESTREPO@GEO.NET.CO;CLL 30 # 49-13;S;105360000474;-75,6210259;6,1622572661;ACTIVA;05;ANTIOQUIA;05360;ITAGÜÍ;A;OFICIAL;OFICIAL;URBANO;UNICA;EDUCACIÓN MEDIA;2811573;FIJO
105360000491;INSTITUCION EDUCATIVA ORESTES SINDICCI;;CLL 76 # 49-24;S;105360000491;-75,59399381;6,1844672905;ACTIVA;05;ANTIOQUIA;05360;ITAGÜÍ;A;OFICIAL;OFICIAL;URBANO;UNICA;EDUCACIÓN MEDIA;3720433;FIJO
105360002141;COLEGIO EL PORVENIR;;CLL 80 # 57-16;N;105360000491;-75,59866607;6,1916102142;ACTIVA;05;ANTIOQUIA;05360;ITAGÜÍ;A;OFICIAL;OFICIAL;URBANO;UNICA;EDUCACIÓN MEDIA;3619510;FIJO
105360000628;INSTITUCION EDUCATIVA AVELIANO SALDARRIAGA GAVIRIA;;CLL 39 # 49-77;S;105360000628;-75,61676689;6,1682114672;ACTIVA;05;ANTIOQUIA;05360;ITAGÜÍ;A;OFICIAL;OFICIAL;URBANO;ESPECIAL;EDUCACIÓN MEDIA;2810050;FIJO
105360000903;ESCUELA URB LA UNION;EUNION@GEO.NET.CO;CLL 44 # 55 D 19;N;105360000628;-75,61636714;6,1740224137;ACTIVA;05;ANTIOQUIA;05360;ITAGÜÍ;A;OFICIAL;OFICIAL;URBANO;ESPECIAL;EDUCACIÓN BÁSICA PRIMARIA;2775264;FIJO
105360001560;ESCUELA URB LOS OLIVARES;;CLL 40 PARTE ALTA;N;105360000628;-75,590556;6,185278;ACTIVA;05;ANTIOQUIA;05360;ITAGÜÍ;A;OFICIAL;OFICIAL;URBANO;ESPECIAL;EDUCACIÓN MEDIA;3728517;FIJO
105360000857;INSTITUCION EDUCATIVA LUIS CARLOS GALAN SARMIENTO;CLGALANS@GEO.NET.CO;CLL 39 # 64-61;S;105360000857;-75,62890348;6,173945622;ACTIVA;05;ANTIOQUIA;05360;ITAGÜÍ;A;OFICIAL;OFICIAL;URBANO;UNICA;EDUCACIÓN MEDIA;3710636;FIJO
105360001055;INSTITUCION EDUCATIVA DIEGO ECHAVARRIA MISAS;IDEM@GEO.NET.CO;CR 48 # 48-48;S;105360001055;-75,60983243;6,1697921001;ACTIVA;05;ANTIOQUIA;05360;ITAGÜÍ;A;OFICIAL;OFICIAL;URBANO;MAÑANA;EDUCACIÓN MEDIA;3729684;FIJO
105360000393;ESCUELA MATILDE ARANGO;;CR 53 # 57-18;N;105360001063;-75,60584771;6,1765562954;ACTIVA;05;ANTIOQUIA;05360;ITAGÜÍ;A;OFICIAL;OFICIAL;URBANO;MAÑANA;EDUCACIÓN BÁSICA PRIMARIA;2777344;FIJO
105360001063;INSTITUCION EDUCATIVA MARIA JESUS MEJIA;MARIAJESUS@GEO.NET.CO;CR 47 # 51-44;S;105360001063;-75,6073159;6,1697515119;ACTIVA;05;ANTIOQUIA;05360;ITAGÜÍ;A;OFICIAL;OFICIAL;URBANO;MAÑANA;EDUCACIÓN MEDIA;3721240;FIJO
105360001098;INSTITUCION EDUCATIVA SIMON BOLIVAR;;CLL 65 # 46 A 95;S;105360001098;-75,59916938;6,1790717574;ACTIVA;05;ANTIOQUIA;05360;ITAGÜÍ;A;OFICIAL;OFICIAL;URBANO;UNICA;EDUCACIÓN MEDIA;2770914;FIJO
105360001357;CONCENTRACION DE DLLO EDUC LOMA LINDA;CDELLA@GEO.NET.CO;CR 59 A # 64-10;N;105360001357;-75,60856135;6,182096155;ACTIVA;05;ANTIOQUIA;05360;ITAGÜÍ;A;OFICIAL;OFICIAL;URBANO;MAÑANA;EDUCACIÓN MEDIA;3724293;FIJO
105360001390;INSTITUCION EDUCATIVA CARLOS ENRIQUE CORTES HERRERA;CECH@GEI.NET.CO;CLL63 # 54 B 41;S;105360001390;-75,60345286;6,1799334998;ACTIVA;05;ANTIOQUIA;05360;ITAGÜÍ;A;OFICIAL;OFICIAL;URBANO;MAÑANA;EDUCACIÓN MEDIA;3727585;FIJO
105360001934;INSTITUCION EDUCATIVA MARCELIANA SALDARRIAGA;;CR 52 D # 71-23;S;105360001934;-75,59989588;6,1844041182;ACTIVA;05;ANTIOQUIA;05360;ITAGÜÍ;A;OFICIAL;OFICIAL;URBANO;MAÑANA;EDUCACIÓN MEDIA;3715610;FIJO
105360001004;ESCUELA URB EL TABLAZO;TABLAZO32C@GEO.NET.CO;CR 56 # 60-19;N;105360002299;-75,60667166;6,1793852397;ACTIVA;05;ANTIOQUIA;05360;ITAGÜÍ;A;OFICIAL;OFICIAL;URBANO;UNICA;EDUCACIÓN BÁSICA SECUNDARIA;2813063;FIJO
105360001179;ESCUELA URB MARIA BERNAL M0LINA;MABE@GEO.NET.CO;CR 57 A # 63-171;N;105360002299;-75,599722;6,180833;ACTIVA;05;ANTIOQUIA;05360;ITAGÜÍ;A;OFICIAL;OFICIAL;URBANO;UNICA;EDUCACIÓN BÁSICA SECUNDARIA;2817844;FIJO
105360002299;INSTITUCION EDUC CIUDAD ITAGUI;MABE@GEO.NET.CO;CR 57 A # 63 - 171;S;105360002299;-75,599722;6,180833;ACTIVA;05;ANTIOQUIA;05360;ITAGÜÍ;A;OFICIAL;OFICIAL;URBANO;UNICA;EDUCACIÓN MEDIA;2817844;FIJO
105360002698;SEDE TRIANA;;CRA 67 # 28-108;N;105360002329;-75,63811131;6,1709448201;ACTIVA;05;ANTIOQUIA;05360;ITAGÜÍ;A;OFICIAL;OFICIAL;URBANO;NOCTURNA;EDUCACIÓN BÁSICA PRIMARIA;3738474;FIJO
105361000087;ESCUELA URB JUAN XXIII;;CLL 13 CAUCA # 16-10;N;105361000443;-75,76407437;7,167372501;ACTIVA;05;ANTIOQUIA;05361;ITUANGO;A;OFICIAL;OFICIAL;URBANO;COMPLETA;EDUCACIÓN BÁSICA PRIMARIA;8643299;FIJO
105361000273;ESCUELA URB EMILIANA PEREZ;;CLL SAN JUAN DE DIOS;N;105361000443;-75,72267835;7,28499489;ACTIVA;05;ANTIOQUIA;05361;ITUANGO;A;OFICIAL;OFICIAL;URBANO;COMPLETA;EDUCACIÓN BÁSICA PRIMARIA;8643360;FIJO
105361000443;COLEGIO PEDRO NEL OSPINA;;CLL BERRIO;S;105361000443;-75,76381199;7,167367126;ACTIVA;05;ANTIOQUIA;05361;ITUANGO;A;OFICIAL;OFICIAL;URBANO;COMPLETA;EDUCACIÓN MEDIA;8643114;FIJO
105361000451;ESCUELA URB DE V ANTONIO J ARAQUE R;;CLL MADRID X CR SANTANDER;N;105361000443;-75,76537073;7,170873017;ACTIVA;05;ANTIOQUIA;05361;ITUANGO;A;OFICIAL;OFICIAL;URBANO;COMPLETA;EDUCACIÓN BÁSICA PRIMARIA;8643117;FIJO
105364000215;ESCUELA URB JAHEL PELAEZ MONTOYA;;CR 3 A # 12-09;N;105364000401;-75,820833;5,598333;ACTIVA;05;ANTIOQUIA;05364;JARDÍN;A;OFICIAL;OFICIAL;URBANO;COMPLETA;EDUCACIÓN BÁSICA PRIMARIA;8455549;FIJO
105364000398;ESCUELA URB MOISES ROJAS PELAEZ;;CLL 9 SANTANDER # 2-25;N;105364000401;-75,820833;5,598333;ACTIVA;05;ANTIOQUIA;05364;JARDÍN;A;OFICIAL;OFICIAL;URBANO;COMPLETA;EDUCACIÓN MEDIA;8455648;FIJO
105364000401;LICEO SAN ANTONIO;;AV LA PRIMAVERA # 16-08;S;105364000401;-75,81378428;5,596651782;ACTIVA;05;ANTIOQUIA;05364;JARDÍN;A;OFICIAL;OFICIAL;URBANO;COMPLETA;EDUCACIÓN MEDIA;8455620;FIJO
105364800009;CAPERUCITA ROJA;;KR 5 15 60 BRR CENTRO;N;105364000401;-75,8140405;5,5969003201;ACTIVA;05;ANTIOQUIA;05364;JARDÍN;A;OFICIAL;OFICIAL;URBANO;MAÑANA;PREESCOLAR;8455620;FIJO
105368000015;COLEGIO SAN JOSE;;CR 4 # 8-41;S;105368000015;-75,78740753;5,7904597284;ACTIVA;05;ANTIOQUIA;05368;JERICÓ;A;OFICIAL;OFICIAL;URBANO;COMPLETA;EDUCACIÓN MEDIA;8437449;FIJO
105368000121;ESCUELA URB MADRE LAURA;;CLL 4 CR 1 A;N;105368000015;-75,786667;5,789444;ACTIVA;05;ANTIOQUIA;05368;JERICÓ;A;OFICIAL;OFICIAL;URBANO;COMPLETA;EDUCACIÓN BÁSICA PRIMARIA;8523267;FIJO
105368000066;ESCUELA NORM SUP DE JERICO;;CR 2 # 5-36;S;105368000066;-75,78715279;5,7935173764;ACTIVA;05;ANTIOQUIA;05368;JERICÓ;A;OFICIAL;OFICIAL;URBANO;COMPLETA;EDUCACIÓN MEDIA;8437484;FIJO
105376000105;INSTITUCION EDUCATIVA MARIA JOSEFA MARULANDA;;CLL 14 # 21-45;S;105376000105;-75,43391808;6,0262080093;ACTIVA;05;ANTIOQUIA;05376;LA CEJA;A;OFICIAL;OFICIAL;URBANO;ESPECIAL;EDUCACIÓN MEDIA;5531190;FIJO
105376000113;INSTITUCION EDUCATIVA MONS ALFONSO URIBE JARAMILLO;;CR 16 X CLL 25;S;105376000113;-75,427778;6,029722;ACTIVA;05;ANTIOQUIA;05376;LA CEJA;A;OFICIAL;OFICIAL;URBANO;COMPLETA;EDUCACIÓN MEDIA;5550580;FIJO
105376000211;COLEGIO BERNARDO URIBE LONDOÑO;COLEGIOBUL@EPM.NET.CO;CR 13 # 21-100;S;105376000211;-75,42262903;6,0301463807;ACTIVA;05;ANTIOQUIA;05376;LA CEJA;A;OFICIAL;OFICIAL;URBANO;MAÑANA;EDUCACIÓN MEDIA;5531438;FIJO
105376000245;ESCUELA URB JUSTO PASTOR MEJIA;;CLL 20 # 21-28;N;105376000211;-75,43200068;6,0320397856;ACTIVA;05;ANTIOQUIA;05376;LA CEJA;A;OFICIAL;OFICIAL;URBANO;MAÑANA;EDUCACIÓN BÁSICA SECUNDARIA;5531431;FIJO
105376000440;COLEGIO LA PAZ;;CLL 19 # 17-49;S;105376000440;-75,429276;6,029465;ACTIVA;05;ANTIOQUIA;05376;LA CEJA;A;OFICIAL;OFICIAL;URBANO;ESPECIAL;EDUCACIÓN MEDIA;5532267;FIJO
105376000571;INSTITUCION EDUCATIVA CONCEJO MPAL;COLEGIOCONCEJO@EPM.NET.CO;CLL 9 # 23-09;S;105376000571;-75,435833;6,022778;ACTIVA;05;ANTIOQUIA;05376;LA CEJA;A;OFICIAL;OFICIAL;URBANO;COMPLETA;EDUCACIÓN MEDIA;5533332;FIJO
105380000063;INSTITUCION EDUCATIVA BERNARDO ARANGO MACIAS;;CR 63 # 77 S 105;S;105380000063;-75,64362569;6,156221418;ACTIVA;05;ANTIOQUIA;05380;LA ESTRELLA;A;OFICIAL;OFICIAL;URBANO;MAÑANA;EDUCACIÓN MEDIA;2792268;FIJO
205380019567;RAFAEL POMBO;;KR 60 # 79 S - 29;N;105380000063;-75,64306105;6,1586721091;ACTIVA;05;ANTIOQUIA;05380;LA ESTRELLA;A;OFICIAL;OFICIAL;RURAL;NOCTURNA;EDUCACIÓN MEDIA;2792897;FIJO
205380019575;MANUELA BELTRAN;;KR 60 # 82 S - 07;N;105380000063;-75,64367893;6,1562478127;ACTIVA;05;ANTIOQUIA;05380;LA ESTRELLA;A;OFICIAL;OFICIAL;RURAL;NOCTURNA;EDUCACIÓN BÁSICA PRIMARIA;2792897;FIJO
105380000527;COLEGIO CONCEJO MPAL DE LA ESTRELLA;;CLL 87 SUR # 55-270 SECTOR ANCON;S;105380000527;-75,63929459;6,1507630053;ACTIVA;05;ANTIOQUIA;05380;LA ESTRELLA;A;OFICIAL;OFICIAL;URBANO;COMPLETA;EDUCACIÓN MEDIA;2790253;FIJO
105387000051;ESCUELA URB SAN LUIS BELTRAN;;CR 3 A # 44-41;N;105387000077;-74,58267605;6,185074857;ACTIVA;05;ANTIOQUIA;05585;PUERTO NARE;A;OFICIAL;OFICIAL;URBANO;COMPLETA;EDUCACIÓN BÁSICA PRIMARIA;8347032;FIJO
105387000077;INSTITUCION EDUCATIVA CARLOS ARTURO DUQUE REMIREZ;;CR 5 # 44-77;S;105387000077;-74,584391;6,185623561;ACTIVA;05;ANTIOQUIA;05585;PUERTO NARE;A;OFICIAL;OFICIAL;URBANO;COMPLETA;EDUCACIÓN MEDIA;8347017;FIJO
105400000120;INSTITUCION EDUCATIVA FELIX MARIA RESTREPO LONDOÑO;;CLL 11 # 8-05;S;105400000120;-75,36025938;5,9741236116;ACTIVA;05;ANTIOQUIA;05400;LA UNIÓN ANTIOQUIA;A;OFICIAL;OFICIAL;URBANO;COMPLETA;EDUCACIÓN MEDIA;5560603;FIJO
105400800002;INSTITUCION EDUCATIVA FELIX MARIA RESTREPO LONDOÑO SEDE II;IEFELIXMARIA@GMAIL.COM;CL 4 A 10 44 BRR PROGUESAR;N;105400000120;-75,3030402;5,882896377;ACTIVA;05;ANTIOQUIA;05400;LA UNIÓN ANTIOQUIA;A;OFICIAL;OFICIAL;URBANO;COMPLETA;EDUCACIÓN MEDIA;5560543;FIJO
105400000189;COLEGIO PIO XI;COLEGIOPIOXI@EPM.NET.CO;CLL 9 # 10-59;S;105400000189;-75,36171249;5,971717196;ACTIVA;05;ANTIOQUIA;05400;LA UNIÓN ANTIOQUIA;A;OFICIAL;OFICIAL;URBANO;ESPECIAL;EDUCACIÓN MEDIA;5560545;FIJO
105411000199;INSTITUCION EDUCATIVA SAN FCO DE ASIS;;CLL 9 # 12;S;105411000199;-75,81344469;6,67718524;ACTIVA;05;ANTIOQUIA;05411;LIBORINA;A;OFICIAL;OFICIAL;URBANO;TARDE;CLEI;8561819;FIJO
105411800021;SAN FRANCISCO DE ASIS SEDE II;RECTORIA@DEASIS.EDU.CO;CALLE 12 NO. 19 - 87;N;105411000199;-75,81424;6,6762;ACTIVA;05;ANTIOQUIA;05411;LIBORINA;A;OFICIAL;OFICIAL;URBANO;MAÑANA;EDUCACIÓN BÁSICA PRIMARIA;8561819;FIJO
105425000019;LICEO MANUELA BELTRAN;LIMABE@EDATEL.NET.CO;CLL 30 COLON # 25-35;S;105425000019;-74,783056;6,55;ACTIVA;05;ANTIOQUIA;05425;MACEO;A;OFICIAL;OFICIAL;URBANO;COMPLETA;EDUCACIÓN MEDIA;8640561;FIJO
105425000132;ESCUELA URB PBROJAIME LEON RESTREPO LOPEZ;;CLL 30 # 28-69;N;105425000019;-74,78761327;6,5530608631;ACTIVA;05;ANTIOQUIA;05425;MACEO;A;OFICIAL;OFICIAL;URBANO;COMPLETA;EDUCACIÓN BÁSICA PRIMARIA;8640434;FIJO
105440000068;INSTITUCION EDUCATIVA ROMAN GOMEZ;ROMANGOMEZ@EPM.NET.CO;CR 41 # 29-11 SEC LAS MARGARITAS;S;105440000068;-75,34313403;6,1755668234;ACTIVA;05;ANTIOQUIA;05440;MARINILLA;A;OFICIAL;OFICIAL;URBANO;ESPECIAL;EDUCACIÓN MEDIA;5480811;FIJO
105440000441;ESCUELA URB SABINA MUÑOZ DE BONILLA;;CLL 27 # 31-171;N;105440000068;-75,33809739;6,1709406736;ACTIVA;05;ANTIOQUIA;05440;MARINILLA;A;OFICIAL;OFICIAL;URBANO;ESPECIAL;EDUCACIÓN BÁSICA PRIMARIA;5484080;FIJO
105440000131;COLEGIO NAL SAN JOSE;;CLL 30 # 25-129;S;105440000131;-75,33293943;6,1718071236;ACTIVA;05;ANTIOQUIA;05440;MARINILLA;A;OFICIAL;OFICIAL;URBANO;ESPECIAL;EDUCACIÓN MEDIA;5485053;FIJO
105440000157;COLEGIO NOCT MONS EMILIO BOTERO GONZALEZ;;CL 30 # 25-129;N;105440000131;-75,33293943;6,1718071236;ACTIVA;05;ANTIOQUIA;05440;MARINILLA;A;OFICIAL;OFICIAL;URBANO;ESPECIAL;EDUCACIÓN MEDIA;5485053;FIJO
105440001021;EU ROSALES;;KR 30 A # 40 - 228;N;105440000131;-75,33018595;6,179721688;ACTIVA;05;ANTIOQUIA;05440;MARINILLA;A;OFICIAL;OFICIAL;URBANO;NOCTURNA;EDUCACIÓN BÁSICA PRIMARIA;5484806;FIJO
105440000386;INSTITUCION EDUCATIVA NORM SUP RMG;;CLL 29 # 38-71;S;105440000386;-75,34148373;6,1743467746;ACTIVA;05;ANTIOQUIA;05440;MARINILLA;A;OFICIAL;OFICIAL;URBANO;COMPLETA;EDUCACIÓN MEDIA;5484025;FIJO
105440000408;INSTITUCION EDUCATIVA RUR TECN DE MARINILLA;MARICO06@EDATEL.NET.CO;VDA LA PRIMAVERA Y SAN JOSE;S;105440000408;-75,322778;6,174167;ACTIVA;05;ANTIOQUIA;05440;MARINILLA;A;OFICIAL;OFICIAL;URBANO;UNICA;EDUCACIÓN MEDIA;5483334;FIJO
205440000097;ESCUELA RUR MAURICIO RAMIREZ GOMEZ;;VDA EL SOCORRO;N;105440000408;-75,318911;6,192014;ACTIVA;05;ANTIOQUIA;05440;MARINILLA;A;OFICIAL;OFICIAL;RURAL;COMPLETA;EDUCACIÓN BÁSICA PRIMARIA;5484390;FIJO
205440000305;ESCUELA RUR ROSALIA HOYOS DE RAMIREZ;;VDA LA PRIMAVERA;N;105440000408;-75,33992611;6,192564689;ACTIVA;05;ANTIOQUIA;05440;MARINILLA;A;OFICIAL;OFICIAL;RURAL;COMPLETA;EDUCACIÓN MEDIA;5483023;FIJO
205440000585;ESCUELA RUR MARCOS OSSA GARCIA;;VDA SAN JOSE;N;105440000408;-75,336127;6,195824;ACTIVA;05;ANTIOQUIA;05440;MARINILLA;A;OFICIAL;OFICIAL;RURAL;UNICA;EDUCACIÓN MEDIA;5484390;FIJO
105440000467;INSTITUCION EDUCATIVA TECN IND SIMONA DUQUE;MARITI01@EDATEL.NET.CO;CLL 29 # 32-73;S;105440000467;-75,33695273;6,1733094935;ACTIVA;05;ANTIOQUIA;05440;MARINILLA;A;OFICIAL;OFICIAL;URBANO;MAÑANA;EDUCACIÓN MEDIA;5480072;FIJO
105440000653;ESCUELA URB JORGE RAMON DE POSADA;;CLL 30 # 33-42;N;105440000467;-75,33687439;6,1748529621;ACTIVA;05;ANTIOQUIA;05440;MARINILLA;A;OFICIAL;OFICIAL;URBANO;MAÑANA;EDUCACIÓN BÁSICA PRIMARIA;5484067;FIJO
105467000019;COLEGIO MARIANO J VILLEGAS;;CR 18 # 18 A 03;S;105467000019;-75,52219712;5,944137328;ACTIVA;05;ANTIOQUIA;05467;MONTEBELLO;A;OFICIAL;OFICIAL;URBANO;COMPLETA;EDUCACIÓN MEDIA;8480557;FIJO
105475000125;LICEO MURINDO;;MURINDO ANT.;S;105475000125;-76,81703599;6,977085741;ACTIVA;05;ANTIOQUIA;05475;MURINDÓ;A;OFICIAL;OFICIAL;URBANO;COMPLETA;EDUCACIÓN MEDIA;8575101;FIJO
205475800002;CENTRO EDUCATIVO RURAL MURINDO VIEJO;;VD MURINDO VIEJO;N;105475000125;-76,7438565609;6,95310307391;ACTIVA;05;ANTIOQUIA;05475;MURINDÓ;A;OFICIAL;OFICIAL;RURAL;COMPLETA;PREESCOLAR;8575003;FIJO
205475800011;CENTRO EDUCATIVO RURAL PRIMAVERA;;VD PRIMAVERA;N;105475000125;-76,8263403389;6,98715892515;ACTIVA;05;ANTIOQUIA;05475;MURINDÓ;A;OFICIAL;OFICIAL;RURAL;COMPLETA;PREESCOLAR;8575003;FIJO
105480000010;INSTITUCION EDUCATIVA MUTATA;;KR 11 # 8-67;S;105480000010;-76,43687536;7,242369081;ACTIVA;05;ANTIOQUIA;05480;MUTATÁ;A;OFICIAL;OFICIAL;URBANO;COMPLETA;EDUCACIÓN MEDIA;8578642;FIJO
105480800122;ESCUELA URBANA LA PAZ SEDE II;IEMUTATA@HOTMAIL.ES;BARRIO LA PAZ CRA 11 CALLE 6 # 6-67;N;105480000010;-76,435808638;7,240648426;ACTIVA;05;ANTIOQUIA;05480;MUTATÁ;A;OFICIAL;OFICIAL;URBANO;COMPLETA;EDUCACIÓN BÁSICA PRIMARIA;3217192481;CELULAR
105483000347;INSTITUCION EDUCATIVA INMACULADA CONCEPCION;;CLL LETICIA NARIÑO ANT;S;105483000347;-75,174722;5,610833;ACTIVA;05;ANTIOQUIA;05483;NARIÑO ANTIOQUIA;A;OFICIAL;OFICIAL;URBANO;COMPLETA;EDUCACIÓN MEDIA;8680053;FIJO
105490000018;LICEO EDUARDO ESPTIA ROMERO;CEERNECO@HOTMAIL.COM;CR 5 A VIA A ARBOLETES B. SIMON BOL;S;105490000018;-76,78334746;8,429718493;ACTIVA;05;ANTIOQUIA;05490;NECOCLÍ;A;OFICIAL;OFICIAL;URBANO;MAÑANA;EDUCACIÓN MEDIA;8214514;FIJO
205490000322;ESCUELA RUR EL MONCHOLO;;VDA MONCHOLO;N;105490000018;-76,744444;8,495;ACTIVA;05;ANTIOQUIA;05490;NECOCLÍ;A;OFICIAL;OFICIAL;RURAL;MAÑANA;EDUCACIÓN MEDIA;8214514;FIJO
205490000811;ESCUELA RUR EL ARIZAL;;VDA PECHOCANDE ARIZAL;N;105490000018;-76,78594095;8,4225198097;ACTIVA;05;ANTIOQUIA;05490;NECOCLÍ;A;OFICIAL;OFICIAL;RURAL;MAÑANA;EDUCACIÓN BÁSICA PRIMARIA;;
305490001897;ESCUELA URB GERARDO OCAMPO GRAJALES;;CR 42 CLL 50 B. PARROQUIAL;N;105490000018;-76,78081825;8,424790368;ACTIVA;05;ANTIOQUIA;05490;NECOCLÍ;A;ORGANIZACIÓN CON FINES DE LUCRO;NO OFICIAL;URBANO;MAÑANA;EDUCACIÓN BÁSICA PRIMARIA;8214830;FIJO
105490000026;ESCUELA URB ANTONIO ROLDAN BETANCUR;IEDUCAR@HOTMAIL.COM;BARRIO SIMON BOLIVAR;S;105490000026;-76,78415725;8,426130956;ACTIVA;05;ANTIOQUIA;05490;NECOCLÍ;A;OFICIAL;OFICIAL;URBANO;ESPECIAL;EDUCACIÓN MEDIA;8214843;FIJO
105490000476;ESCUELA URB MARIA AUXILIADORA;;BARRIO SIMON BOLIVAR;N;105490000026;-76,78419662;8,425414403;ACTIVA;05;ANTIOQUIA;05490;NECOCLÍ;A;OFICIAL;OFICIAL;URBANO;ESPECIAL;EDUCACIÓN MEDIA;8214688;FIJO
205490005499;ESCUELA RUR EL LEJANO;;VDA EL LEJANO;N;105490000026;-76,78594095;8,4225198097;ACTIVA;05;ANTIOQUIA;05490;NECOCLÍ;A;OFICIAL;OFICIAL;RURAL;ESPECIAL;EDUCACIÓN BÁSICA PRIMARIA;;
105495000024;COLEGIO DE NECHI;;B LA MISERICORDIA;S;105495000024;-74,77339635;8,092637614;ACTIVA;05;ANTIOQUIA;05495;NECHÍ;A;OFICIAL;OFICIAL;URBANO;COMPLETA;EDUCACIÓN MEDIA;8368044;FIJO
105495000130;ESCUELA URB NECHI;;CLL LAS MISERICORDIAS;N;105495000024;-74,808921;7,788606;ACTIVA;05;ANTIOQUIA;05495;NECHÍ;A;OFICIAL;OFICIAL;URBANO;COMPLETA;EDUCACIÓN BÁSICA PRIMARIA;8368284;FIJO
105495000393;ESCUELA URB SAN NICOLAS;;B. SAN NICOLAS;N;105495000024;-74,77411283;8,090436674;ACTIVA;05;ANTIOQUIA;05495;NECHÍ;A;OFICIAL;OFICIAL;URBANO;COMPLETA;EDUCACIÓN BÁSICA PRIMARIA;8368946;FIJO
105495000687;ESCUELA URB STA LUCIA;;B. STA LUCIA;N;105495000024;-74,775278;8,084444;ACTIVA;05;ANTIOQUIA;05495;NECHÍ;A;OFICIAL;OFICIAL;URBANO;COMPLETA;EDUCACIÓN BÁSICA PRIMARIA;8368044;FIJO
205495000738;ESCUELA UB DIVINO NIÑO;;B. LA LUCHA;N;105495000024;-74,77349255;8,091250248;ACTIVA;05;ANTIOQUIA;05495;NECHÍ;A;OFICIAL;OFICIAL;RURAL;COMPLETA;EDUCACIÓN BÁSICA PRIMARIA;8368846;FIJO
105501000198;INSTITUCION EDUCATIVA OLAYA;COLAYA@EDATEL.NET.CO;CABECERA MPAL;S;105501000198;-75,81239527;6,627114907;ACTIVA;05;ANTIOQUIA;05501;OLAYA;A;OFICIAL;OFICIAL;URBANO;COMPLETA;EDUCACIÓN MEDIA;8550147;FIJO
105541000026;INSTITUCION EDUCATIVA LEON XIII;;TR 6 A # 22-20;S;105541000026;-75,24462987;6,220233371;ACTIVA;05;ANTIOQUIA;05541;PEÑOL;A;OFICIAL;OFICIAL;URBANO;ESPECIAL;EDUCACIÓN MEDIA;8515716;FIJO
105543000325;INSTITUCION EDUCATIVA PBRO RODRIGO LOPERA GIL;COLEROGIL@EDATEL.NET.CO;CLL NARIÑO CON CR SANTANDER # 10-07;S;105543000325;-75,9097783;7,021026963;ACTIVA;05;ANTIOQUIA;05543;PEQUE;A;OFICIAL;OFICIAL;URBANO;UNICA;EDUCACIÓN MEDIA;8552227;FIJO
105576000096;LICEO EL SALVADOR;;SALIDA A JERICO;S;105576000096;-75,83681614;5,790881386;ACTIVA;05;ANTIOQUIA;05576;PUEBLORRICO;A;OFICIAL;OFICIAL;URBANO;COMPLETA;EDUCACIÓN MEDIA;8498122;FIJO
105576000223;ESCUELA URB BERTILDA POSADA ARANGO;;AV LA PAZ;N;105576000096;-75,841111;5,791944;ACTIVA;05;ANTIOQUIA;05576;PUEBLORRICO;A;OFICIAL;OFICIAL;URBANO;COMPLETA;EDUCACIÓN MEDIA;8498122;FIJO
105579000160;COLEGIO BOMBONA;PBORCO04@EDATEL.NET.CO;CR 10 ENTRE CLL 20 Y 21;S;105579000160;-74,408333;6,483611;ACTIVA;05;ANTIOQUIA;05579;PUERTO BERRÍO;A;OFICIAL;OFICIAL;URBANO;MAÑANA;EDUCACIÓN MEDIA;8332834;FIJO
105579000798;ESCUELA URB MIX LA ISLA;;CR 3 A PTO COLOMBIA;N;105579000160;-74,39883781;6,494157646;ACTIVA;05;ANTIOQUIA;05579;PUERTO BERRÍO;A;OFICIAL;OFICIAL;URBANO;MAÑANA;EDUCACIÓN MEDIA;8332675;FIJO
105579000143;ESCUELA URB LA MILLA;;B. LA MILLA # 2;N;105579000186;-74,40458296;6,484619959;ACTIVA;05;ANTIOQUIA;05579;PUERTO BERRÍO;A;OFICIAL;OFICIAL;URBANO;ESPECIAL;EDUCACIÓN BÁSICA PRIMARIA;8332643;FIJO
105579000186;INSTITUCION EDUCATIVA ALFONSO LOPEZ PUMAREJO;;CR 6 CLL 4 Y 5 # 4-19;S;105579000186;-74,40308513;6,48850077;ACTIVA;05;ANTIOQUIA;05579;PUERTO BERRÍO;A;OFICIAL;OFICIAL;URBANO;ESPECIAL;EDUCACIÓN MEDIA;8332496;FIJO
105579000259;COLEGIO AMERICA;;CR 7 # 6-14;S;105579000259;-74,408333;6,483611;ACTIVA;05;ANTIOQUIA;05579;PUERTO BERRÍO;A;OFICIAL;OFICIAL;URBANO;MAÑANA;EDUCACIÓN MEDIA;8335296;FIJO
205579000091;ESCUELA URB PEDRO JUSTO BERRIO;;VDA GRECIA;N;105579000259;-74,42306513;6,457542945;ACTIVA;05;ANTIOQUIA;05579;PUERTO BERRÍO;A;OFICIAL;OFICIAL;RURAL;MAÑANA;EDUCACIÓN BÁSICA PRIMARIA;8328137;FIJO
105579000241;ESCUELA URB ARNULFO CASTRO;PBERCO05@EDATEL.NET.CO;B. EL CARMELO;N;105579000305;-74,406667;6,490556;ACTIVA;05;ANTIOQUIA;05579;PUERTO BERRÍO;A;OFICIAL;OFICIAL;URBANO;COMPLETA;EDUCACIÓN BÁSICA PRIMARIA;8332723;FIJO
105579000305;COLEGIO ANTONIO NARIÑO;;CLL 6 A CR 13;S;105579000305;-74,406667;6,490556;ACTIVA;05;ANTIOQUIA;05579;PUERTO BERRÍO;A;OFICIAL;OFICIAL;URBANO;COMPLETA;EDUCACIÓN MEDIA;8332596;FIJO
105579000909;ESCUELA NORM SUP DEL MAGDALENA MEDIO;;B. EL CARMELO;S;105579000909;-74,4075701;6,492430082;ACTIVA;05;ANTIOQUIA;05579;PUERTO BERRÍO;A;OFICIAL;OFICIAL;URBANO;COMPLETA;EDUCACIÓN MEDIA;8332991;FIJO
105591000027;INSTITUCION EDUCATIVA PABLO VI;;AV LA ESTACION # 12-58;S;105591000027;-74,64132954;5,872764346;ACTIVA;05;ANTIOQUIA;05591;PUERTO TRIUNFO;A;OFICIAL;OFICIAL;URBANO;COMPLETA;EDUCACIÓN MEDIA;8352103;FIJO
105604000013;LICEO IGNACIO YEPES YEPES;LYEPES@EDATEL.NET.CO;B. SAN NICOLAS ALTO DE LAS TAPIAS;S;105604000013;-74,693333;7,028889;ACTIVA;05;ANTIOQUIA;05604;REMEDIOS;A;OFICIAL;OFICIAL;URBANO;COMPLETA;EDUCACIÓN MEDIA;8303602;FIJO
105604000226;ESCUELA URB DE LOS REMEDIOS;;B. ALTO DE LAS TAPIAS;N;105604000013;-74,693333;7,028889;ACTIVA;05;ANTIOQUIA;05604;REMEDIOS;A;OFICIAL;OFICIAL;URBANO;COMPLETA;EDUCACIÓN BÁSICA PRIMARIA;8303602;FIJO
105604000277;ESCUELA URB STA TERESITA;;CLL 11 # 7-52;N;105604000013;-74,69238942;7,0291819228;ACTIVA;05;ANTIOQUIA;05604;REMEDIOS;A;OFICIAL;OFICIAL;URBANO;COMPLETA;EDUCACIÓN BÁSICA PRIMARIA;8303844;FIJO
205604800006;CENTRO EDUCATIVO RURAL EL PIÑAL;;VEREDA EL PIÑAL;N;105604000013;-74,7131922841;7,02714613802;ACTIVA;05;ANTIOQUIA;05604;REMEDIOS;A;OFICIAL;OFICIAL;RURAL;COMPLETA;PREESCOLAR;8303078;FIJO
205604800014;CENTRO EDUCATIVO RURAL RIONEGRITO;;VEREDA RIONEGRITO;N;105604000013;-74,668045342;7,02305719425;ACTIVA;05;ANTIOQUIA;05604;REMEDIOS;A;OFICIAL;OFICIAL;RURAL;COMPLETA;PREESCOLAR;8303078;FIJO
105607000022;INSTITUCION EDUCATIVA IGNACIO BOTERO VALLEJO;;CR SUCRE # 23-36;S;105607000022;-75,50201282;6,062321471;ACTIVA;05;ANTIOQUIA;05607;RETIRO;A;OFICIAL;OFICIAL;URBANO;COMPLETA;EDUCACIÓN MEDIA;5410044;FIJO
105607800011;IGNACIO BOTERO VALLEJO BLOQUE II;INFO@IGNACIOBOTEROVALLEJO.EDU.CO;CALLE 21 NÂ° 21-14;N;105607000022;-75,5032110745;6,058264424;ACTIVA;05;ANTIOQUIA;05607;RETIRO;A;OFICIAL;OFICIAL;URBANO;COMPLETA;EDUCACIÓN BÁSICA PRIMARIA;3137655329;CELULAR
105615000074;ESCUELA URB UNIDA;;KR 47 # 47-02;N;105615000228;-75,37151548;6,1531089958;ACTIVA;05;ANTIOQUIA;05615;RIONEGRO;A;OFICIAL;OFICIAL;URBANO;UNICA;EDUCACIÓN BÁSICA SECUNDARIA;5610638;FIJO
105615000228;LICEO JOSE MARIA CORDOBA;LICEOJMC@EPM.NET.CO;CR 52 # 40-86;S;105615000228;-75,37198017;6,1426482003;ACTIVA;05;ANTIOQUIA;05615;RIONEGRO;A;OFICIAL;OFICIAL;URBANO;UNICA;EDUCACIÓN MEDIA;5612241;FIJO
105615000465;ESCUELA URB PASCUALA MUÑOZ DE CORDOBA;;CLL 45 # 57-20;N;105615000228;-75,37921427;6,150981854;ACTIVA;05;ANTIOQUIA;05615;RIONEGRO;A;OFICIAL;OFICIAL;URBANO;UNICA;EDUCACIÓN BÁSICA PRIMARIA;5610690;FIJO
105615000236;INSTITUCION EDUCATIVA ESC NORM SUP DE MARIA;ENSDEMARIA@EPM.NET.CO;CR 52 # 30-48;S;105615000236;-75,37257954;6,143536751;ACTIVA;05;ANTIOQUIA;05615;RIONEGRO;A;OFICIAL;OFICIAL;URBANO;UNICA;EDUCACIÓN MEDIA;5318498;FIJO
105615000341;ESCUELA URB BALDOMERO SANIN C;;CL 50 # 50-88;N;105615000473;-75,37372058;6,1542762033;ACTIVA;05;ANTIOQUIA;05615;RIONEGRO;A;OFICIAL;OFICIAL;URBANO;UNICA;EDUCACIÓN MEDIA;5614124;FIJO
105615000473;INSTITUCION EDUCATIVA JOSEFINA MUÑOZ GONZALEZ;;CLL 52 # 44-03;S;105615000473;-75,36948379;6,155217604;ACTIVA;05;ANTIOQUIA;05615;RIONEGRO;A;OFICIAL;OFICIAL;URBANO;UNICA;EDUCACIÓN MEDIA;5611475;FIJO
105615000805;ESCUELA URB CARMELA BIANCHETTI;;CL 41 # 46-16;N;105615000473;-75,36871693;6,1499425603;ACTIVA;05;ANTIOQUIA;05615;RIONEGRO;A;OFICIAL;OFICIAL;URBANO;UNICA;EDUCACIÓN BÁSICA SECUNDARIA;5615660;FIJO
105615000066;ESCUELA URB JULIO SANIN SANIN;;CR 50 # 51-019;N;105615000627;-75,37328697;6,1550782305;ACTIVA;05;ANTIOQUIA;05615;RIONEGRO;A;OFICIAL;OFICIAL;URBANO;UNICA;EDUCACIÓN BÁSICA PRIMARIA;5610320;FIJO
105615000457;ESCUELA URB JUAN MANUEL GONZALEZ ARBELAEZ;;CLL 56 # 48-021;N;105615000627;-75,37136361;6,157672362;ACTIVA;05;ANTIOQUIA;05615;RIONEGRO;A;OFICIAL;OFICIAL;URBANO;UNICA;EDUCACIÓN BÁSICA PRIMARIA;5611534;FIJO
105615000627;INSTITUCION EDUCATIVA TECN IND SANTIAGO DE ARMA;;CR 52 # 42 B 151;S;105615000627;-75,3735491;6,1441740893;ACTIVA;05;ANTIOQUIA;05615;RIONEGRO;A;OFICIAL;OFICIAL;URBANO;UNICA;EDUCACIÓN MEDIA;5610060;FIJO
105615000911;ESCUELA URB EDUARDO URIBE BOTERO;;CL 40 # 65A-001;N;105615001062;-75,38751191;6,147149351;ACTIVA;05;ANTIOQUIA;05615;RIONEGRO;A;OFICIAL;OFICIAL;URBANO;COMPLETA;EDUCACIÓN MEDIA;5613867;FIJO
105615001062;COLEGIO CONCEJO MPAL EL PORVENIR;;CR 69 SECT 1 LA MOTA;S;105615001062;-75,38754601;6,146747988;ACTIVA;05;ANTIOQUIA;05615;RIONEGRO;A;OFICIAL;OFICIAL;URBANO;COMPLETA;EDUCACIÓN MEDIA;5320408;FIJO
105628000227;INSTITUCION EDUCATIVA SAN JOSE;;CR 19 # 14-56;S;105628000227;-75,81681812;6,8471850477;ACTIVA;05;ANTIOQUIA;05628;SABANALARGA;A;OFICIAL;OFICIAL;URBANO;COMPLETA;EDUCACIÓN MEDIA;8554108;FIJO
105631000050;INSTITUCION EDUCATIVA ADELAIDA CORREA ESTRADA;;CR 43 C # 65 SUR 128;S;105631000050;-75,61299831;6,1519935421;ACTIVA;05;ANTIOQUIA;05631;SABANETA;A;OFICIAL;OFICIAL;URBANO;UNICA;EDUCACIÓN MEDIA;2880831;FIJO
105631000068;COLEGIO RAFAEL J MEJIA;;CR 45 # 75 B SUR 42;S;105631000068;-75,61866772;6,1483147732;ACTIVA;05;ANTIOQUIA;05631;SABANETA;A;OFICIAL;OFICIAL;URBANO;MAÑANA;EDUCACIÓN MEDIA;2816929;FIJO
105631000084;INSTITUCION EDUCATIVA JOSE FELIX DE RPO VELEZ;;CR 46 B # 76 SUR 17;S;105631000084;-75,62065182;6,1497809262;ACTIVA;05;ANTIOQUIA;05631;SABANETA;A;OFICIAL;OFICIAL;URBANO;MAÑANA;EDUCACIÓN MEDIA;2880089;FIJO
105631000106;INSTITUCION EDUCATIVA MARIA MEDIADORA;COLEGIOMMEDIADORAS@SABANETA.GO;CLL 50 SUR # 43 A 89;S;105631000106;-75,60316099;6,1603288113;ACTIVA;05;ANTIOQUIA;05631;SABANETA;A;OFICIAL;OFICIAL;URBANO;MAÑANA;EDUCACIÓN MEDIA;2885430;FIJO
105631000441;CENTRO EDUCATIVO CENT INF MARAVILLAS;;CR 42 B # 57 SUR 03;S;105631000441;-75,60599578;6,1557549647;ACTIVA;05;ANTIOQUIA;05631;SABANETA;A;OFICIAL;OFICIAL;URBANO;ESPECIAL;NIVELES EDUCATIVOS ESPECIALES;2883939;FIJO
105631000491;INSTITUCION EDUCATIVA CONCEJO DE SABANETA;IECONCEJO@EPM.NET.CO;CR 42 # 61 SUR 12;S;105631000491;-75,6066666;6,1532292275;ACTIVA;05;ANTIOQUIA;05631;SABANETA;A;OFICIAL;OFICIAL;URBANO;MAÑANA;EDUCACIÓN MEDIA;2885110;FIJO
105642000019;LICEO JULIO RESTREPO;SOLGEO01@EDATEL.NET.CO;CR 35 # 32-110;S;105642000019;-75,98174393;5,9657855633;ACTIVA;05;ANTIOQUIA;05642;SALGAR;A;OFICIAL;OFICIAL;URBANO;COMPLETA;EDUCACIÓN MEDIA;8442165;FIJO
105642000141;ESCUELA URB RAMON VELEZ ISAZA;;CLL 30 # 24 A 111;N;105642000019;-75,97579105;5,9606959707;ACTIVA;05;ANTIOQUIA;05642;SALGAR;A;OFICIAL;OFICIAL;URBANO;COMPLETA;EDUCACIÓN BÁSICA PRIMARIA;8442092;FIJO
105642000515;ESCUELA URB SIMON BOLIVAR;;CL 30 # 49-31;N;105642000019;-75,9763888889;5,96333333333;ACTIVA;05;ANTIOQUIA;05642;SALGAR;A;OFICIAL;OFICIAL;URBANO;COMPLETA;EDUCACIÓN BÁSICA PRIMARIA;8442687;FIJO
105642000639;ESCUELA URB DELFINA CALAD DE OCHOA;;CL 34 # 37-20;N;105642000019;-76;6;ACTIVA;05;ANTIOQUIA;05642;SALGAR;A;OFICIAL;OFICIAL;URBANO;COMPLETA;EDUCACIÓN BÁSICA PRIMARIA;8443331;FIJO
105647000025;ESCUELA URB ALBERTO TOBON GALLON;SNANAL01@EDATEL.NET.CO;KR 28 # 30-40;N;105647000220;-75,67497294;6,91494485;ACTIVA;05;ANTIOQUIA;05647;SAN ANDRÉS DE CUERQUÍA;A;OFICIAL;OFICIAL;URBANO;COMPLETA;EDUCACIÓN BÁSICA PRIMARIA;8618015;FIJO
105647000220;LICEO JUAN XXIII;SNANCO01@EDATEL.NET.CO;CR 28 # 30-40;S;105647000220;-75,67497294;6,91494485;ACTIVA;05;ANTIOQUIA;05647;SAN ANDRÉS DE CUERQUÍA;A;OFICIAL;OFICIAL;URBANO;COMPLETA;EDUCACIÓN MEDIA;8618015;FIJO
105649000014;INSTITUCION EDUCATIVA JOAQUIN CARDENAS GOMEZ;;CLL 19 # 15-06;S;105649000014;-74,98784414;6,189375101;ACTIVA;05;ANTIOQUIA;05649;SAN CARLOS ANTIOQUIA;A;OFICIAL;OFICIAL;URBANO;COMPLETA;EDUCACIÓN MEDIA;8358140;FIJO
105649000456;ESCUELA URB MERCEDITAS SANIN CANO;;CLL 19 A # 16-37;N;105649000014;-74,98944891;6,1892799775;ACTIVA;05;ANTIOQUIA;05649;SAN CARLOS ANTIOQUIA;A;OFICIAL;OFICIAL;URBANO;COMPLETA;EDUCACIÓN MEDIA;8358321;FIJO
105649000464;ESCUELA URB YOHN F KENNEDY;;CR 18 # 19-49;N;105649000014;-74,99078471;6,1883858226;ACTIVA;05;ANTIOQUIA;05649;SAN CARLOS ANTIOQUIA;A;OFICIAL;OFICIAL;URBANO;COMPLETA;EDUCACIÓN BÁSICA PRIMARIA;8358123;FIJO
105649001274;EU ZULIA;;CL 18 # 28 A - 07;N;105649000014;-74,99957508;6,1827759407;ACTIVA;05;ANTIOQUIA;05649;SAN CARLOS ANTIOQUIA;A;OFICIAL;OFICIAL;URBANO;TARDE;EDUCACIÓN BÁSICA PRIMARIA;8358377;FIJO
105656000143;INSTITUCION EDUCATIVA ESC NORM SUP GENOVEVA DIAZ;SANJNOSL@EDATEL.NET.CO;PARQUE PPAL;S;105656000143;-75,72710929;6,441811769;ACTIVA;05;ANTIOQUIA;05656;SAN JERÓNIMO;A;OFICIAL;OFICIAL;URBANO;COMPLETA;EDUCACIÓN MEDIA;8582044;FIJO
105658000124;INSTITUCION EDUCATIVA FRANCISCO ABEL GALLEGO;;CLL 17 # 26-14;S;105658000124;-75,68644834;6,8489796426;ACTIVA;05;ANTIOQUIA;05658;SAN JOSÉ DE LA MONTAÑA;A;OFICIAL;OFICIAL;URBANO;COMPLETA;EDUCACIÓN MEDIA;8622704;FIJO
105658800016;INSTITUCION EDUCATIVA FRANCISCO ABEL GALLEGO SECCION B;SAJOABEL@GMAIL.COM;CALLE 17 NÂ° 24-03;N;105658000124;-75,6849438208257;6,84912060088142;ACTIVA;05;ANTIOQUIA;05658;SAN JOSÉ DE LA MONTAÑA;A;OFICIAL;OFICIAL;URBANO;COMPLETA;EDUCACIÓN BÁSICA PRIMARIA;8622704;FIJO
105658800024;INSTITUCION EDUCATIVA FRANCISCO ABEL GALLEGO SECCION C;SAJOABEL@GMAIL.COM;CALLE 20 NÂ° 21-65;N;105658000124;-75,6835610945445;6,85099378823331;ACTIVA;05;ANTIOQUIA;05658;SAN JOSÉ DE LA MONTAÑA;A;OFICIAL;OFICIAL;URBANO;COMPLETA;EDUCACIÓN BÁSICA PRIMARIA;8622704;FIJO
105659007956;CENTRO EDUCATIVO RUR VIKINGO;;BARRIO VIKINGO;S;105659007956;-76,559167;8,621944;ACTIVA;05;ANTIOQUIA;05659;SAN JUAN DE URABÁ;A;OFICIAL;OFICIAL;URBANO;MAÑANA;EDUCACIÓN BÁSICA PRIMARIA;8212620;FIJO
105660000085;ESCUELA URB JUAN J HOYOS G;;CLL COLOMBIA # 22-30;N;105660000271;-74,99687767;6,041269104;ACTIVA;05;ANTIOQUIA;05660;SAN LUIS ANTIOQUIA;A;OFICIAL;OFICIAL;URBANO;UNICA;EDUCACIÓN BÁSICA PRIMARIA;8348231;FIJO
105660000221;ESCUELA URB MADRE LAURA;;CR 22 SOLEDAD # 21-54;N;105660000271;-74,994167;6,042778;ACTIVA;05;ANTIOQUIA;05660;SAN LUIS ANTIOQUIA;A;OFICIAL;OFICIAL;URBANO;UNICA;EDUCACIÓN BÁSICA SECUNDARIA;8349226;FIJO
105660000271;LICEO DPTAL SAN LUIS;;CLL COLOMBIA;S;105660000271;-74,99056154;6,042838164;ACTIVA;05;ANTIOQUIA;05660;SAN LUIS ANTIOQUIA;A;OFICIAL;OFICIAL;URBANO;UNICA;EDUCACIÓN MEDIA;8348139;FIJO
105660800022;SEDE EMPRENDEDORES;;KR 17 A 17 06 BRR CENTRO;N;105660000271;-74,86472945;5,936510355;ACTIVA;05;ANTIOQUIA;05660;SAN LUIS ANTIOQUIA;A;OFICIAL;OFICIAL;URBANO;MAÑANA;PREESCOLAR;8348139;FIJO
205660000128;ESCUELA RUR LA ARABIA;;VDA LA ARABIA;N;105660000271;-74,859705064;5,95890847243;ACTIVA;05;ANTIOQUIA;05660;SAN LUIS ANTIOQUIA;A;OFICIAL;OFICIAL;RURAL;UNICA;EDUCACIÓN BÁSICA PRIMARIA;;
205660000659;ESCUELA RUR STA BARBARA;;VDA STA BARBARA;N;105660000271;-75,07328206;6,039186477;ACTIVA;05;ANTIOQUIA;05660;SAN LUIS ANTIOQUIA;A;OFICIAL;OFICIAL;RURAL;UNICA;EDUCACIÓN BÁSICA PRIMARIA;;
205660001060;MANIZALEZ;;VDA MANIZALEZ;N;105660000271;-74,859705064;5,95890847243;ACTIVA;05;ANTIOQUIA;05660;SAN LUIS ANTIOQUIA;A;OFICIAL;OFICIAL;RURAL;FIN DE SEMANA;EDUCACIÓN MEDIA;8348139;FIJO
105664000047;ESCUELA URB GABRIELA GONZALEZ;;CR BOLIVAR # 44-45;N;105664000187;-75,55810964;6,457659755;ACTIVA;05;ANTIOQUIA;05664;SAN PEDRO DE LOS MILAGROS;A;OFICIAL;OFICIAL;URBANO;ESPECIAL;EDUCACIÓN BÁSICA PRIMARIA;8687201;FIJO
105664000187;INSTITUCION EDUCATIVA PIO XII;;B. MIRAFLORES;S;105664000187;-75,55639214;6,455110423;ACTIVA;05;ANTIOQUIA;05664;SAN PEDRO DE LOS MILAGROS;A;OFICIAL;OFICIAL;URBANO;ESPECIAL;EDUCACIÓN MEDIA;8687168;FIJO
105665000024;COLEGIO CAMILO TORRES;;CL 52 A # 47-62;S;105665000024;-76,38072645;8,2800568672;ACTIVA;05;ANTIOQUIA;05665;SAN PEDRO DE URABÁ;A;OFICIAL;OFICIAL;URBANO;COMPLETA;EDUCACIÓN MEDIA;8205271;FIJO
105665001217;ESCUELA URB HERNANDEZ CASTILLO;;B. URABA;N;105665000024;-76,374167;8,274444;ACTIVA;05;ANTIOQUIA;05665;SAN PEDRO DE URABÁ;A;OFICIAL;OFICIAL;URBANO;COMPLETA;EDUCACIÓN BÁSICA PRIMARIA;8204624;FIJO
105665001331;ESCUELA URB ZOILA LUGO;;B. ZOILA LOPEZ LUGO;N;105665000024;-76,379167;8,278056;ACTIVA;05;ANTIOQUIA;05665;SAN PEDRO DE URABÁ;A;OFICIAL;OFICIAL;URBANO;COMPLETA;EDUCACIÓN MEDIA;8205424;FIJO
105665000041;INSTITUCION EDUCATIVA SAN PEDRO DE URABA;;B. CAMILO TORRES;S;105665000041;-76,37913933;8,2791294515;ACTIVA;05;ANTIOQUIA;05665;SAN PEDRO DE URABÁ;A;OFICIAL;OFICIAL;URBANO;COMPLETA;EDUCACIÓN MEDIA;8205338;FIJO
105665001187;ESCUELA URB BRISAS DE URABA;;B. BRISAS DE URABA;N;105665000041;-76,382222;8,278611;ACTIVA;05;ANTIOQUIA;05665;SAN PEDRO DE URABÁ;A;OFICIAL;OFICIAL;URBANO;COMPLETA;EDUCACIÓN BÁSICA PRIMARIA;8204182;FIJO
105665009986;ESCUELA URB POLICARPA SALAVARRIETA;;B. 16 DE MAYO;N;105665000041;-76,37459823;8,271994539;ACTIVA;05;ANTIOQUIA;05665;SAN PEDRO DE URABÁ;A;OFICIAL;OFICIAL;URBANO;COMPLETA;EDUCACIÓN BÁSICA PRIMARIA;8204182;FIJO
105667000013;COLEGIO SAN RAFAEL;;CR 30 # 22-075;S;105667000013;-75,02157041;6,2963954272;ACTIVA;05;ANTIOQUIA;05667;SAN RAFAEL;A;OFICIAL;OFICIAL;URBANO;COMPLETA;EDUCACIÓN MEDIA;8318516;FIJO
105667000099;ESCUELA URB NARCISA ARBELAEZ;;B. EL TEJAR;N;105667000013;-75,02330969;6,295416593;ACTIVA;05;ANTIOQUIA;05667;SAN RAFAEL;A;OFICIAL;OFICIAL;URBANO;COMPLETA;EDUCACIÓN BÁSICA PRIMARIA;8586840;FIJO
205667000581;ESCUELA RUR LOS CENTROS;;VDA LOS CENTROS;N;105667000013;-74,994722;6,293056;ACTIVA;05;ANTIOQUIA;05667;SAN RAFAEL;A;OFICIAL;OFICIAL;RURAL;COMPLETA;EDUCACIÓN BÁSICA PRIMARIA;;
105670000415;INSTITUCION EDUCATIVA PBRO ABRAHAN JARAMILLO;SNROCO01@EDATEL.NET.CO;CR 21 CLL 22;S;105670000415;-75,01947164;6,486290689;ACTIVA;05;ANTIOQUIA;05670;SAN ROQUE;A;OFICIAL;OFICIAL;URBANO;COMPLETA;EDUCACIÓN MEDIA;8656842;FIJO
105670000938;INSTITUCION EDUCATIVA NOR SUP DE SAN ROQUE;SNRONSO1@EDATEL.NET.CO;CR 20 # 22-13;S;105670000938;-75,01905531;6,4859395592;ACTIVA;05;ANTIOQUIA;05670;SAN ROQUE;A;OFICIAL;OFICIAL;URBANO;COMPLETA;EDUCACIÓN MEDIA;8656718;FIJO
105674000053;INSTITUCION EDUCATIVA SAN VICENTE FERRER;;CLL 24 # 34-14 AV BICENTENARIA;S;105674000053;-75,3322053;6,2794225099;ACTIVA;05;ANTIOQUIA;05674;SAN VICENTE FERRER;A;OFICIAL;OFICIAL;URBANO;COMPLETA;EDUCACIÓN MEDIA;8399083;FIJO
105674800009;INSTITUCION EDUCATIVA SAN VICENTE FERRER SEDE II;;AV BICENTENARIO 34 30 BRR CENTRO;N;105674000053;-75,336944;6,230833;ACTIVA;05;ANTIOQUIA;05674;SAN VICENTE FERRER;A;OFICIAL;OFICIAL;URBANO;COMPLETA;EDUCACIÓN BÁSICA PRIMARIA;8544051;FIJO
105679000094;ESCUELA URB MONS EMILIO BOTERO GONZALEZ;FAVASAHO@LATIMAIL.COM;CR BOLIVAR # 51-24 Y 51-27;N;105679000426;-75,560278;5,868611;ACTIVA;05;ANTIOQUIA;05679;SANTA BÁRBARA ANTIOQUIA;A;OFICIAL;OFICIAL;URBANO;COMPLETA;EDUCACIÓN BÁSICA PRIMARIA;8463097;FIJO
105679000299;ESCUELA URB MARIA AUXILIADORA;;CR SANTANDER-PARQUE PPAL;N;105679000426;-75,56741454;5,874330178;ACTIVA;05;ANTIOQUIA;05679;SANTA BÁRBARA ANTIOQUIA;A;OFICIAL;OFICIAL;URBANO;COMPLETA;EDUCACIÓN MEDIA;8463511;FIJO
105679000426;LICEO TOMAS EASTMAN;;VDA CHONTALITO;S;105679000426;-75,564167;5,872222;ACTIVA;05;ANTIOQUIA;05679;SANTA BÁRBARA ANTIOQUIA;A;OFICIAL;OFICIAL;URBANO;COMPLETA;EDUCACIÓN MEDIA;8463262;FIJO
105679000485;INSTITUCION EDUCATIVA JESUS MARIA ROJAS P;;CR BOYACA # 49 A 42;S;105679000485;-75,56651613;5,874303457;ACTIVA;05;ANTIOQUIA;05679;SANTA BÁRBARA ANTIOQUIA;A;OFICIAL;OFICIAL;URBANO;COMPLETA;EDUCACIÓN MEDIA;8463290;FIJO
105686000440;INSTITUCION EDUCATIVA ESC NORM SUP PEDRO JUSTO BERRIO;;CLL BERRIO # 30-36;S;105686000440;-75,46008235;6,649327576;ACTIVA;05;ANTIOQUIA;05686;SANTA ROSA DE OSOS;A;OFICIAL;OFICIAL;URBANO;COMPLETA;EDUCACIÓN MEDIA;8608193;FIJO
105686000369;ESCUELA URB ARENALES;;B. ARENALES;N;105686000474;-75,460833;6,643056;ACTIVA;05;ANTIOQUIA;05686;SANTA ROSA DE OSOS;A;OFICIAL;OFICIAL;URBANO;UNICA;EDUCACIÓN BÁSICA PRIMARIA;8608057;FIJO
105686000377;ESCUELA URB NTRA SRA DEL CARMEN;;CLL EL PALO # 24-252;N;105686000474;-75,46028152;6,644426389;ACTIVA;05;ANTIOQUIA;05686;SANTA ROSA DE OSOS;A;OFICIAL;OFICIAL;URBANO;UNICA;EDUCACIÓN BÁSICA PRIMARIA;8608196;FIJO
105686000385;ESCUELA URB PORFIRIO BARBA JACOB;;AV CAMELLON GONZALEZ POR CALLE CALD;N;105686000474;-75,46250634;6,645914047;ACTIVA;05;ANTIOQUIA;05686;SANTA ROSA DE OSOS;A;OFICIAL;OFICIAL;URBANO;COMPLETA;EDUCACIÓN MEDIA;8608016;FIJO
105686000474;INSTITUCION EDUCATIVA CARDENAL ANIBAL MUÑOZ DUQUE;;AV CAMELLON GONZALEZ;S;105686000474;-75,46522487;6,645959169;ACTIVA;05;ANTIOQUIA;05686;SANTA ROSA DE OSOS;A;OFICIAL;OFICIAL;URBANO;UNICA;EDUCACIÓN MEDIA;8608091;FIJO
105686001136;ESCUELA URB MARIA AUXILIADORA;;AV CAMELLON GONZALEZ;N;105686000474;-75,46510122;6,646274286;ACTIVA;05;ANTIOQUIA;05686;SANTA ROSA DE OSOS;A;OFICIAL;OFICIAL;URBANO;UNICA;EDUCACIÓN BÁSICA PRIMARIA;8608136;FIJO
205686000339;ESCUELA URB ALTO DE LA MINA;;B. SGDO CORAZON DE JESUS TRONEAL NO;N;105686000474;-75,45608209;6,656483363;ACTIVA;05;ANTIOQUIA;05686;SANTA ROSA DE OSOS;A;OFICIAL;OFICIAL;RURAL;COMPLETA;EDUCACIÓN BÁSICA PRIMARIA;8609693;FIJO
205686800009;CENTRO EDUCATIVO RURAL EL GUAYABO;;VD EL GUAYABO;N;105686000474;-75,5172814295;6,68920346295;ACTIVA;05;ANTIOQUIA;05686;SANTA ROSA DE OSOS;A;OFICIAL;OFICIAL;RURAL;COMPLETA;PREESCOLAR;8608091;FIJO
105690000322;COLEGIO TECNICO TOMAS CARRASQUILLA;;CLL SAN MIGUEL;S;105690000322;-75,1650634;6,4743735876;ACTIVA;05;ANTIOQUIA;05690;SANTO DOMINGO;A;OFICIAL;OFICIAL;URBANO;ESPECIAL;EDUCACIÓN MEDIA;8621307;FIJO
105697000069;LICEO PBRO LUIS RODOLFO GOMEZ;;CLL 45 # 59-30 SECT EL SALADO;S;105697000069;-75,27584744;6,1357163472;ACTIVA;05;ANTIOQUIA;05697;EL SANTUARIO;A;OFICIAL;OFICIAL;URBANO;COMPLETA;EDUCACIÓN MEDIA;5460187;FIJO
105697000093;ESCUELA URB MERCEDES SANIN CANO;;CRA 40 D # 49-19;N;105697000069;-75,265;6,138333;ACTIVA;05;ANTIOQUIA;05697;EL SANTUARIO;A;OFICIAL;OFICIAL;URBANO;COMPLETA;EDUCACIÓN MEDIA;5460054;FIJO
105697000514;ESCUELA URB CLARA ZULUAGA ZULUAGA;;CLL 50 A # 40 C 39;N;105697000069;-75,26020435;6,1371227288;ACTIVA;05;ANTIOQUIA;05697;EL SANTUARIO;A;OFICIAL;OFICIAL;URBANO;COMPLETA;EDUCACIÓN BÁSICA PRIMARIA;5462449;FIJO
105697000077;INSTITUCION TEC IND JOSE MARIA CORDOBA;;CLL 45 # 42 A 15;S;105697000077;-75,263333;6,134722;ACTIVA;05;ANTIOQUIA;05697;EL SANTUARIO;A;OFICIAL;OFICIAL;URBANO;COMPLETA;EDUCACIÓN MEDIA;5460343;FIJO
105697000085;ESCUELA URB EUSEBIO MARIA GOMEZ;;AV MONS BOTERO;N;105697000077;-75,263333;6,134722;ACTIVA;05;ANTIOQUIA;05697;EL SANTUARIO;A;OFICIAL;OFICIAL;URBANO;COMPLETA;EDUCACIÓN BÁSICA PRIMARIA;5460343;FIJO
105736000039;INSTITUCION EDUCATIVA LIBORIO BATALLER;;B. GUANABANA;S;105736000039;-74,703333;7,079722;ACTIVA;05;ANTIOQUIA;05736;SEGOVIA;A;OFICIAL;OFICIAL;URBANO;COMPLETA;EDUCACIÓN MEDIA;8314077;FIJO
105736000071;ESCUELA URB SAN MATEO;;DG 55 # 51-143;N;105736000039;-74,70496695;7,083721252;ACTIVA;05;ANTIOQUIA;05736;SEGOVIA;A;OFICIAL;OFICIAL;URBANO;COMPLETA;EDUCACIÓN BÁSICA PRIMARIA;8317339;FIJO
105736000349;ESCUELA URB JOSE ANTONIO GALAN;;CLL 45 B. JOSE ANTONIO GALAN;N;105736000039;-74,700278;7,085;ACTIVA;05;ANTIOQUIA;05736;SEGOVIA;A;OFICIAL;OFICIAL;URBANO;COMPLETA;EDUCACIÓN BÁSICA PRIMARIA;8317673;FIJO
205736000505;ESCUELA RUR CAMPO ALEGRE;;VDA CAMPO ALEGRE;N;105736000039;-74,70669673;7,101877907;ACTIVA;05;ANTIOQUIA;05736;SEGOVIA;A;OFICIAL;OFICIAL;RURAL;COMPLETA;EDUCACIÓN MEDIA;8312340;FIJO
205736000629;ESCUELA RUR INTEG CUTURO MEDIO;;VDA CUTURO MEDIO;N;105736000039;-74,846111;7,190833;ACTIVA;05;ANTIOQUIA;05736;SEGOVIA;A;OFICIAL;OFICIAL;RURAL;COMPLETA;EDUCACIÓN BÁSICA SECUNDARIA;;
205736001641;ESCUELA ARENALES;;VDA ARENALES;N;105736000039;-74,846111;7,190833;ACTIVA;05;ANTIOQUIA;05736;SEGOVIA;A;OFICIAL;OFICIAL;RURAL;COMPLETA;EDUCACIÓN MEDIA;;
205736800013;LAS GUAGUAS;;VD LAS GUAGUAS;N;105736000039;-74,846111;7,190833;ACTIVA;05;ANTIOQUIA;05736;SEGOVIA;A;OFICIAL;OFICIAL;RURAL;COMPLETA;PREESCOLAR;8317700;FIJO
205736800021;HELECHALES DOS;;VD LOS CHORROS;N;105736000039;-74,846111;7,190833;ACTIVA;05;ANTIOQUIA;05736;SEGOVIA;A;OFICIAL;OFICIAL;RURAL;COMPLETA;PREESCOLAR;8317700;FIJO
205736800030;LA CHINITA;;VD LA CHINITA;N;105736000039;-74,846111;7,190833;ACTIVA;05;ANTIOQUIA;05736;SEGOVIA;A;OFICIAL;OFICIAL;RURAL;COMPLETA;PREESCOLAR;8317700;FIJO
205736800048;KOREA ALTA;;VD KOREA ALTA;N;105736000039;-74,846111;7,190833;ACTIVA;05;ANTIOQUIA;05736;SEGOVIA;A;OFICIAL;OFICIAL;RURAL;COMPLETA;PREESCOLAR;8317700;FIJO
105736000055;COLEGIO STO DOMINGO SAVIO;;CLL 49 # 46-130;S;105736000055;-74,69831048;7,0808518857;ACTIVA;05;ANTIOQUIA;05736;SEGOVIA;A;OFICIAL;OFICIAL;URBANO;COMPLETA;EDUCACIÓN MEDIA;8315463;FIJO
105736000063;ESCUELA URB MARIA GORETTI;;CR 48 # 49-30;N;105736000055;-74,6996016;7,08095208;ACTIVA;05;ANTIOQUIA;05736;SEGOVIA;A;OFICIAL;OFICIAL;URBANO;COMPLETA;EDUCACIÓN BÁSICA PRIMARIA;8315457;FIJO
105736000284;ESCUELA URB LA MADRE;;B. LA MADRE;N;105736000055;-74,7;7,082778;ACTIVA;05;ANTIOQUIA;05736;SEGOVIA;A;OFICIAL;OFICIAL;URBANO;COMPLETA;EDUCACIÓN BÁSICA PRIMARIA;8315625;FIJO
105736000616;ESCUELA URB MANUEL CEPEDA VARGAS;;CLL 50 C #42 A 10;N;105736000055;-74,69631699;7,084424853;ACTIVA;05;ANTIOQUIA;05736;SEGOVIA;A;OFICIAL;OFICIAL;URBANO;COMPLETA;EDUCACIÓN BÁSICA PRIMARIA;8317727;FIJO
205736000351;ESCUELA RUR EL APORRIADO;;VDA EL APORRIADO;N;105736000055;-74,677778;7,102222;ACTIVA;05;ANTIOQUIA;05736;SEGOVIA;A;OFICIAL;OFICIAL;RURAL;COMPLETA;EDUCACIÓN BÁSICA PRIMARIA;;
205736800056;MONTEFRIO ALTO;;VD MONTEFRIO ALTO;N;105736000055;-74,846111;7,190833;ACTIVA;05;ANTIOQUIA;05736;SEGOVIA;A;OFICIAL;OFICIAL;RURAL;COMPLETA;PREESCOLAR;8315463;FIJO
205736800064;LA PO CAMPESINA;;VD LA PO;N;105736000055;-74,6248396049;7,20668895618;ACTIVA;05;ANTIOQUIA;05736;SEGOVIA;A;OFICIAL;OFICIAL;RURAL;COMPLETA;PREESCOLAR;8315463;FIJO
205736800072;BOCAS DE CHICAMOQUE;;VD CHICAMOQUE;N;105736000055;-74,846111;7,190833;ACTIVA;05;ANTIOQUIA;05736;SEGOVIA;A;OFICIAL;OFICIAL;RURAL;COMPLETA;PREESCOLAR;8315463;FIJO
205736800081;CUTURU ALTO;;VD CUTURU ALTO;N;105736000055;-74,753928459;7,26816965491;ACTIVA;05;ANTIOQUIA;05736;SEGOVIA;A;OFICIAL;OFICIAL;RURAL;COMPLETA;PREESCOLAR;8315463;FIJO
205736800099;HELECHALES UNO;;VD LOS HELECHALES;N;105736000055;-74,846111;7,190833;ACTIVA;05;ANTIOQUIA;05736;SEGOVIA;A;OFICIAL;OFICIAL;RURAL;COMPLETA;PREESCOLAR;8315463;FIJO
205736800102;SANTA LAURA;;VD RANCHO QUEMADO;N;105736000055;-74,846111;7,190833;ACTIVA;05;ANTIOQUIA;05736;SEGOVIA;A;OFICIAL;OFICIAL;RURAL;COMPLETA;PREESCOLAR;8315463;FIJO
105756000124;INSTITUCION EDUCATIVA ANTONIO ALVAREZ RESTREPO;;B. EL VALLE SONSON;S;105756000124;-75,309722;5,708056;ACTIVA;05;ANTIOQUIA;05756;SONSÓN;A;OFICIAL;OFICIAL;URBANO;COMPLETA;EDUCACIÓN MEDIA;8691030;FIJO
105756000311;INSTITUCION EDUCATIVA ESCUELA NORMAL SUPERIOR PRESBITERO JOSE GOMEZ ISAZA;ENSPJG@EDATEL.NET.CO;VDA GUAYABAL;S;105756000311;-75,131111;5,775;ACTIVA;05;ANTIOQUIA;05756;SONSÓN;A;OFICIAL;OFICIAL;URBANO;UNICA;EDUCACIÓN MEDIA;8691422;FIJO
205756800001;ESCUELA HOGAR SAN ELIAS;;VD RIO ARRIBA;N;105756000311;-75,3064839691;5,72648508351;ACTIVA;05;ANTIOQUIA;05756;SONSÓN;A;OFICIAL;OFICIAL;RURAL;MAÑANA;PREESCOLAR;8691422;FIJO
105756000493;INSTITUCION EDUCATIVA BRAULIO MEJIA;;CR 7 A # 13-140;S;105756000493;-75,30812577;5,715185329;ACTIVA;05;ANTIOQUIA;05756;SONSÓN;A;OFICIAL;OFICIAL;URBANO;COMPLETA;EDUCACIÓN MEDIA;8475455;FIJO
105756000507;INSTITUCION EDUCATIVA MARIA HENAO PAVAS;CRMHP@EDATEL.NET.CO;CR 7 A # 3-57;S;105756000507;-75,31232422;5,707247221;ACTIVA;05;ANTIOQUIA;05756;SONSÓN;A;OFICIAL;OFICIAL;URBANO;COMPLETA;EDUCACIÓN MEDIA;8475519;FIJO
105756000531;INSTITUCION EDUCATIVA ENRIQUE TORO CALLE;;CLL 10 Y 11 ENTRE CR 1 Y 2;S;105756000531;-75,308889;5,713889;ACTIVA;05;ANTIOQUIA;05756;SONSÓN;A;OFICIAL;OFICIAL;URBANO;COMPLETA;EDUCACIÓN BÁSICA PRIMARIA;8475567;FIJO
105756001775;INSTITUCION EDUCATIVA INTEG PARA JOV Y ADULT CELIA RAMOS TORO;CERA@EDATEL.NET.CO;CRA 8 A 3 6-37;S;105756001775;-75,31198396;5,709629789;ACTIVA;05;ANTIOQUIA;05756;SONSÓN;A;OFICIAL;OFICIAL;URBANO;COMPLETA;EDUCACIÓN MEDIA;8692655;FIJO
105761000299;INSTITUCION EDUCATIVA ESC NORM SUP STA TERESITA;;CLL 10 # 7-33;S;105761000299;-75,74092389;6,5003472524;ACTIVA;05;ANTIOQUIA;05761;SOPETRÁN;A;OFICIAL;OFICIAL;URBANO;COMPLETA;EDUCACIÓN MEDIA;8541703;FIJO
205761000412;ESCUELA RUR TAFETANES;;VDA TAFETANES;N;105761000299;-75,75338398;6,474786263;ACTIVA;05;ANTIOQUIA;05761;SOPETRÁN;A;OFICIAL;OFICIAL;RURAL;COMPLETA;EDUCACIÓN BÁSICA PRIMARIA;;
205761000617;ESCUELA RUR LA OTRABANDA;;VDA LA OTRA BANDA;N;105761000299;-75,74576971;6,507575235;ACTIVA;05;ANTIOQUIA;05761;SOPETRÁN;A;OFICIAL;OFICIAL;RURAL;COMPLETA;EDUCACIÓN BÁSICA PRIMARIA;;
205761000722;CENTRO EDUCATIVO RURAL EL SAUCE;;VDA LOS SAUCES;N;105761000299;-75,81831521;6,510110199;ACTIVA;05;ANTIOQUIA;05761;SOPETRÁN;A;OFICIAL;OFICIAL;RURAL;TARDE;EDUCACIÓN BÁSICA PRIMARIA;8541558;FIJO
105761000124;ESCUELA URB MARCO FIDEL SUAREZ;;PLAZA PPAL # 9-2;N;105761000329;-75,742778;6,500556;ACTIVA;05;ANTIOQUIA;05761;SOPETRÁN;A;OFICIAL;OFICIAL;URBANO;COMPLETA;EDUCACIÓN BÁSICA PRIMARIA;8541569;FIJO
105761000329;COLEGIO JOSE MARIA VILLA;;CLL 9 # 10-52;S;105761000329;-75,74387317;6,5009725861;ACTIVA;05;ANTIOQUIA;05761;SOPETRÁN;A;OFICIAL;OFICIAL;URBANO;COMPLETA;EDUCACIÓN MEDIA;8541622;FIJO
205761000013;ESCUELA MONS FCO MEDINA PEREZ;;CORREG LLANOS DE MONTAÑA;N;105761000329;-75,74791122;6,498295337;ACTIVA;05;ANTIOQUIA;05761;SOPETRÁN;A;OFICIAL;OFICIAL;RURAL;COMPLETA;EDUCACIÓN BÁSICA SECUNDARIA;8541798;FIJO
105789000235;INSTITUCION EDUCATIVA SAN ANTONIO DE PADUA;;CR ROBLEDO # 16-101;S;105789000235;-75,714167;5,665;ACTIVA;05;ANTIOQUIA;05789;TÁMESIS;A;OFICIAL;OFICIAL;URBANO;UNICA;EDUCACIÓN MEDIA;8494658;FIJO
105789000472;ESCUELA URB ELADIA MEJIA GONZALEZ;;CR ROBLEDO;N;105789000235;-75,71597599;5,667722073;ACTIVA;05;ANTIOQUIA;05789;TÁMESIS;A;OFICIAL;OFICIAL;URBANO;UNICA;EDUCACIÓN BÁSICA PRIMARIA;8494643;FIJO
105789000600;PREESCOLAR MIS AMIGUITOS;;CR ROBLEDO;N;105789000235;-75,715;5,662222;ACTIVA;05;ANTIOQUIA;05789;TÁMESIS;A;OFICIAL;OFICIAL;URBANO;UNICA;PREESCOLAR;8495893;FIJO
205197001411;CENTRO EDUCATIVO RURAL EL PORVENIR LA FLORIDA;;VDA LA FLORIDA;N;105789000235;-75,09169756;5,921426764;ACTIVA;05;ANTIOQUIA;05197;COCORNÁ;A;OFICIAL;OFICIAL;RURAL;COMPLETA;EDUCACIÓN BÁSICA PRIMARIA;;
105790000184;LICEO RAFAEL NUÑEZ;TARACO01@EDATEL.NET.CO;CARRET TRONCAL;S;105790000184;-75,398611;7,580278;ACTIVA;05;ANTIOQUIA;05790;TARAZÁ;A;OFICIAL;OFICIAL;URBANO;UNICA;EDUCACIÓN MEDIA;8365659;FIJO
105790000192;ESCUELA ANGEL AMABLE ARROYAVE;TARACO02@EDATEL.NET.CO;CR 31 # 30-46;N;105790000184;-75,40051094;7,580981308;ACTIVA;05;ANTIOQUIA;05790;TARAZÁ;A;OFICIAL;OFICIAL;URBANO;UNICA;EDUCACIÓN BÁSICA SECUNDARIA;8365818;FIJO
205790800002;LAS PALMAS;;TARAZA VD CHUCHUI;N;105790000184;-75,344167;7,516944;ACTIVA;05;ANTIOQUIA;05790;TARAZÁ;A;OFICIAL;OFICIAL;RURAL;UNICA;EDUCACIÓN BÁSICA SECUNDARIA;8365071;FIJO
105790000206;COLEGIO ANTONIO ROLDAN BETANCUR;;KR 36 # 32-114;S;105790000206;-75,40234398;7,583839394;ACTIVA;05;ANTIOQUIA;05790;TARAZÁ;A;OFICIAL;OFICIAL;URBANO;MAÑANA;EDUCACIÓN MEDIA;3113906462;CELULAR
305790000035;ESCUELA URB EDUARDO CORREA;;BRR EDUARDO CORREA;N;105790000206;-75,4;7,580556;ACTIVA;05;ANTIOQUIA;05790;TARAZÁ;A;ORGANIZACIÓN CON FINES DE LUCRO;NO OFICIAL;URBANO;MAÑANA;EDUCACIÓN BÁSICA SECUNDARIA;8366966;FIJO
105792000173;ESCUELA URB MONS ALVARO OBDULIO NARANJO O;;VDA CANAAM;N;105792000190;-75,822778;5,866667;ACTIVA;05;ANTIOQUIA;05792;TARSO;A;OFICIAL;OFICIAL;URBANO;UNICA;EDUCACIÓN BÁSICA PRIMARIA;8458547;FIJO
105792000190;LICEO JOSE PRIETO ARANGO;;ZONA URB (SECT LA CANCHA);S;105792000190;-75,82540791;5,863680114;ACTIVA;05;ANTIOQUIA;05792;TARSO;A;OFICIAL;OFICIAL;URBANO;UNICA;EDUCACIÓN MEDIA;8458716;FIJO
105792000238;CENTRO EDUCATIVO RUR TEODOSIO CORREA;;VDA CANAAN;S;105792000238;-75,794722;5,849167;ACTIVA;05;ANTIOQUIA;05792;TARSO;A;OFICIAL;OFICIAL;URBANO;COMPLETA;EDUCACIÓN MEDIA;;
105809000016;COLEGIO STO TOMAS DE AQUINO;TOMASAGUINO@EDATEL.NET.CO;CLL ANTONIO JOSE RPO # 21 A 09;S;105809000016;-75,79364026;6,061818794;ACTIVA;05;ANTIOQUIA;05809;TITIRIBÍ;A;OFICIAL;OFICIAL;URBANO;UNICA;EDUCACIÓN MEDIA;8482913;FIJO
105809000181;ESCUELA URB EVANGELINA BETANCUR;;CLL ANTONIO JOSE CADAVID # 21-61;N;105809000016;-75,79405911;6,062307928;ACTIVA;05;ANTIOQUIA;05809;TITIRIBÍ;A;OFICIAL;OFICIAL;URBANO;UNICA;EDUCACIÓN BÁSICA PRIMARIA;8482634;FIJO
105819000022;INSTITUCION EDUCATIVA J EMILIO VALDERRAMA AGUDELO;;CR 10 CON CLL 12 # 12-07;S;105819000022;-75,6902871;7,010316338;ACTIVA;05;ANTIOQUIA;05819;TOLEDO ANTIOQUIA;A;OFICIAL;OFICIAL;URBANO;ESPECIAL;EDUCACIÓN MEDIA;8619058;FIJO
105819000294;CENTRO EDUCATIVO RUR PALO BLANCO;;VDA PALO BLANCO;S;105819000294;-75,730556;7,011111;ACTIVA;05;ANTIOQUIA;05819;TOLEDO ANTIOQUIA;A;OFICIAL;OFICIAL;URBANO;ESPECIAL;EDUCACIÓN BÁSICA SECUNDARIA;8619087;FIJO
105837000153;COLEGIO ANGEL MILAN PEREA;;CR 14 # 98-121;S;105837000153;-76,72720645;8,0894019247;ACTIVA;05;ANTIOQUIA;05837;TURBO;A;OFICIAL;OFICIAL;URBANO;UNICA;EDUCACIÓN MEDIA;8273882;FIJO
305837005456;ESCUELA SAN FRANCISCO DE ASIS;;CLL 98 A # 11-29;N;105837000153;-76,72937716;8,0885892642;ACTIVA;05;ANTIOQUIA;05837;TURBO;A;ORGANIZACIÓN CON FINES DE LUCRO;NO OFICIAL;URBANO;UNICA;EDUCACIÓN BÁSICA PRIMARIA;8277438;FIJO
405837002257;ESCUELA RUR BOCAS DEL ATRATO;;CORREG BOCAS DEL ATRATO;N;105837000153;-76,857222;8,085833;ACTIVA;05;ANTIOQUIA;05837;TURBO;A;ORGANIZACIÓN CON FINES DE LUCRO;NO OFICIAL;RURAL;COMPLETA;EDUCACIÓN MEDIA;8244536;FIJO
105837000242;ESCUELA URB SAN MARTIN DE PORRES;;CLL 100 # 15-82;S;105837000242;-76,72578171;8,0926226819;ACTIVA;05;ANTIOQUIA;05837;TURBO;A;OFICIAL;OFICIAL;URBANO;UNICA;EDUCACIÓN MEDIA;8278567;FIJO
105837003586;ESCUELA URB GONZALO MEJIA;;CR 21 # 105-21;N;105837000242;-76,72191157;8,098484408;ACTIVA;05;ANTIOQUIA;05837;TURBO;A;OFICIAL;OFICIAL;URBANO;UNICA;EDUCACIÓN BÁSICA SECUNDARIA;8274030;FIJO
105837004116;ESCUELA JESUS MORA;;B. JESUS MORA;N;105837000242;-76,72547533;8,101039515;ACTIVA;05;ANTIOQUIA;05837;TURBO;A;OFICIAL;OFICIAL;URBANO;MAÑANA;EDUCACIÓN BÁSICA SECUNDARIA;8275902;FIJO
105837005571;ESCUELA JORGE ELIECER GAITAN;;B. LAS FLORES;N;105837000242;-76,73243837;8,092473019;ACTIVA;05;ANTIOQUIA;05837;TURBO;A;OFICIAL;OFICIAL;URBANO;UNICA;EDUCACIÓN BÁSICA PRIMARIA;8272439;FIJO
105837000161;ESCUELA URB 7 DE AGOSTO;;B. 7 DE AGOSTO;N;105837003870;-76,738611;8,096944;ACTIVA;05;ANTIOQUIA;05837;TURBO;A;OFICIAL;OFICIAL;URBANO;MAÑANA;EDUCACIÓN BÁSICA PRIMARIA;8277108;FIJO
105837000200;ESCUELA URB LA PLAYA;;B. LA PLAYA;N;105837003870;-76,74221752;8,086979792;ACTIVA;05;ANTIOQUIA;05837;TURBO;A;OFICIAL;OFICIAL;URBANO;MAÑANA;EDUCACIÓN MEDIA;8273036;FIJO
105837003870;COLEGIO URB STA FE;;CLL 115 # 06-60;S;105837003870;-76,73792984;8,097009428;ACTIVA;05;ANTIOQUIA;05837;TURBO;A;OFICIAL;OFICIAL;URBANO;MAÑANA;EDUCACIÓN MEDIA;8277108;FIJO
105837004922;COLEGIO FCO LUIS VALDERRAMA VALDERRAMA;;CLL 100 ENTRE CR 18 Y 19 B. JUAN X;S;105837004922;-76,72211688;8,093444263;ACTIVA;05;ANTIOQUIA;05837;TURBO;A;OFICIAL;OFICIAL;URBANO;UNICA;EDUCACIÓN MEDIA;8272167;FIJO
105837006062;JARDIN INFANTIL PIOLIN;;CR 14 # 98 A 64;S;105837006062;-76,7268478;8,0900168743;ACTIVA;05;ANTIOQUIA;05837;TURBO;A;OFICIAL;OFICIAL;URBANO;ESPECIAL;PREESCOLAR;8273722;FIJO
105837001150;ESCUELA URB SGDO CORAZON DE JESUS 1 AGRUP;;CR 16 CLL 101;N;105837006097;-76,72490136;8,093308805;ACTIVA;05;ANTIOQUIA;05837;TURBO;A;OFICIAL;OFICIAL;URBANO;MAÑANA;EDUCACIÓN MEDIA;8272578;FIJO
105837006097;COLEGIO DE TURBO;TURBO06@EDATEL.NET.CO;B. JUAN XXIII;S;105837006097;-76,71978668;8,091357812;ACTIVA;05;ANTIOQUIA;05837;TURBO;A;OFICIAL;OFICIAL;URBANO;UNICA;EDUCACIÓN MEDIA;8272139;FIJO
105837006194;ESCUELA NORM SUP DE URABA;;B. PARAJE LA LUCILA;S;105837006194;-76,71650435;8,100097669;ACTIVA;05;ANTIOQUIA;05837;TURBO;A;OFICIAL;OFICIAL;URBANO;UNICA;EDUCACIÓN MEDIA;;
105842000382;INSTITUCION EDUCATIVA SAN JOSE DE URAMITA;;CR 21 # 21-37;S;105842000382;-76,17412549;6,9001669239;ACTIVA;05;ANTIOQUIA;05842;URAMITA;A;OFICIAL;OFICIAL;URBANO;ESPECIAL;EDUCACIÓN MEDIA;8574063;FIJO
205842000808;CENTRO EDUCATIVO RURAL EL BALCON;;VDA EL BALCON;N;105842000382;-76,17528361;6,843167985;ACTIVA;05;ANTIOQUIA;05842;URAMITA;A;OFICIAL;OFICIAL;RURAL;ESPECIAL;EDUCACIÓN BÁSICA PRIMARIA;;
105847000241;INSTITUCION EDUCATIVA JAIPERA;URRACO02@EDATEL.NET.CO;CLL 39 # 25-14;S;105847000241;-76,13523432;6,3265520629;ACTIVA;05;ANTIOQUIA;05847;URRAO;A;OFICIAL;OFICIAL;URBANO;MAÑANA;EDUCACIÓN MEDIA;8503593;FIJO
105847000771;INSTITUCION EDUCATIVA NORM SUP SGDA FAMILIA;;CLL 29 # 32-48;S;105847000771;-76,13617928;6,3159827465;ACTIVA;05;ANTIOQUIA;05847;URRAO;A;OFICIAL;OFICIAL;URBANO;COMPLETA;EDUCACIÓN MEDIA;8502566;FIJO
105847001191;CENTRO EDUCATIVO RUR ELENA BENITEZ VELEZ;;CR 31 # 15 A 10;S;105847001191;-76,13135277;6,3018840074;ACTIVA;05;ANTIOQUIA;05847;URRAO;A;OFICIAL;OFICIAL;URBANO;COMPLETA;EDUCACIÓN MEDIA;8503966;FIJO
105847000453;ESCUELA URB CACIQUE TONE;;CR 31 # 24-54;N;105847001204;-76,13299843;6,312865257;ACTIVA;05;ANTIOQUIA;05847;URRAO;A;OFICIAL;OFICIAL;URBANO;COMPLETA;EDUCACIÓN BÁSICA PRIMARIA;8502062;FIJO
105847001204;INSTITUCION EDUCATIVA SIMON BOLIVAR;URRACO03@EDATEL.NET.CO;CLL 25 ZEA # 29-41;S;105847001204;-76,130833;6,313056;ACTIVA;05;ANTIOQUIA;05847;URRAO;A;OFICIAL;OFICIAL;URBANO;COMPLETA;EDUCACIÓN MEDIA;8502202;FIJO
105847001239;ESCUELA URB 20 DE JULIO;;B. 20 DE JULIO;S;105847001239;-76,132222;6,312222;ACTIVA;05;ANTIOQUIA;05847;URRAO;A;OFICIAL;OFICIAL;URBANO;COMPLETA;EDUCACIÓN BÁSICA PRIMARIA;8504346;FIJO
105854000302;INSTITUCION EDUCATIVA VALDIVIA;VALDEO02@EDATEL.NET.CO;CLL LA FLORESTA # 3-194;S;105854000302;-75,391944;7,291111;ACTIVA;05;ANTIOQUIA;05854;VALDIVIA;A;OFICIAL;OFICIAL;URBANO;UNICA;EDUCACIÓN MEDIA;8360052;FIJO
105856000067;ESCUELA URB MODELO GUILLERMO VALENCIA;;CL AYACUCHO;N;105856000296;-75,628889;5,617778;ACTIVA;05;ANTIOQUIA;05856;VALPARAÍSO ANTIOQUIA;A;OFICIAL;OFICIAL;URBANO;COMPLETA;EDUCACIÓN BÁSICA PRIMARIA;8493834;FIJO
105856000296;COLEGIO RAFAEL URIBE URIBE;VALPCO01@EDATEL.NET.CO;AV JESUS MARIA ALVAREZ;S;105856000296;-75,62289962;5,616189269;ACTIVA;05;ANTIOQUIA;05856;VALPARAÍSO ANTIOQUIA;A;OFICIAL;OFICIAL;URBANO;COMPLETA;EDUCACIÓN MEDIA;8493165;FIJO
105858000137;LICEO EFE GOMEZ;;CR 47 # 50-40;S;105858000137;-74,7969389901;6,76999;ACTIVA;05;ANTIOQUIA;05858;VEGACHÍ;A;OFICIAL;OFICIAL;URBANO;COMPLETA;EDUCACIÓN MEDIA;8305105;FIJO
105858000323;ESCUELA URB EFE GOMEZ;;CR 48 # 50 A 12;N;105858000137;-74,7972876351;6,77042;ACTIVA;05;ANTIOQUIA;05858;VEGACHÍ;A;OFICIAL;OFICIAL;URBANO;COMPLETA;EDUCACIÓN BÁSICA PRIMARIA;8305271;FIJO
105858000421;COLEGIO AMIGONIANO RAUL CARDONA ZAPATA;;CLL 59 # 51 D 20;N;105858000137;-74,798889;6,778333;ACTIVA;05;ANTIOQUIA;05858;VEGACHÍ;A;OFICIAL;OFICIAL;URBANO;COMPLETA;EDUCACIÓN BÁSICA PRIMARIA;8306213;FIJO
205858000468;CENTRO EDUCATIVO RURAL CAMPO ALEGRE N.2;;VDA LA UNION;N;105858000137;-74,762222;6,870556;ACTIVA;05;ANTIOQUIA;05858;VEGACHÍ;A;OFICIAL;OFICIAL;RURAL;NOCTURNA;EDUCACIÓN BÁSICA SECUNDARIA;;
105861000199;LICEO SAN JOSE DE VENECIA;;SALIDA PARA MEDELLIN POR LA AMALIA;S;105861000199;-75,73465947;5,960067257;ACTIVA;05;ANTIOQUIA;05861;VENECIA ANTIOQUIA;A;OFICIAL;OFICIAL;URBANO;COMPLETA;EDUCACIÓN MEDIA;8490035;FIJO
105861800013;INSTITUCION EDUCATIVA SAN JOSE DE VENECIA SEDE II;IESANJOSEVENECIA@TAREANET.EDU.CO;CARRERA 52 #47-29 CARRERA SOCORRO - SECTOR LA PISCINA;N;105861000199;-75,773056;5,924444;ACTIVA;05;ANTIOQUIA;05861;VENECIA ANTIOQUIA;A;OFICIAL;OFICIAL;URBANO;COMPLETA;EDUCACIÓN BÁSICA PRIMARIA;8490577;FIJO
105873000232;LICEO VIGIA DEL FUERTE;;B. PUEBLO NVO;S;105873000232;-76,8968864;6,586708469;ACTIVA;05;ANTIOQUIA;05873;VIGÍA DEL FUERTE;A;OFICIAL;OFICIAL;URBANO;UNICA;EDUCACIÓN MEDIA;8678070;FIJO
205873000105;ESCUELA RUR SAN MARTIN DE PORRES;;VDA SAN MARTIN DE PORRES;N;105873000232;-76,85024579;6,561374565;ACTIVA;05;ANTIOQUIA;05873;VIGÍA DEL FUERTE;A;OFICIAL;OFICIAL;RURAL;UNICA;EDUCACIÓN BÁSICA PRIMARIA;;
105885000025;LICEO LORENZO YALI;;CLL 20 # 20-212;S;105885000025;-74,84321148;6,6759429207;ACTIVA;05;ANTIOQUIA;05885;YALÍ;A;OFICIAL;OFICIAL;URBANO;COMPLETA;EDUCACIÓN MEDIA;8675703;FIJO
105885000076;ESCUELA URB YALI;;CLL 20 # 18 A 11;N;105885000025;-74,741667;6,706111;ACTIVA;05;ANTIOQUIA;05885;YALÍ;A;OFICIAL;OFICIAL;URBANO;COMPLETA;EDUCACIÓN BÁSICA PRIMARIA;8675698;FIJO
105887000057;ESCUELA URB VILLA FATIMA;;CLL 22 # 24-36;N;105887000600;-75,4213516;6,9611258127;ACTIVA;05;ANTIOQUIA;05887;YARUMAL;A;OFICIAL;OFICIAL;URBANO;UNICA;EDUCACIÓN BÁSICA PRIMARIA;8870217;FIJO
105887000073;ESCUELA URB SAN VICENTE;;CLL 13 # 21-46;N;105887000600;-75,41405748;6,9587833368;ACTIVA;05;ANTIOQUIA;05887;YARUMAL;A;OFICIAL;OFICIAL;URBANO;UNICA;EDUCACIÓN MEDIA;8871992;FIJO
105887000120;ESCUELA URB MARIA AUXILIADORA;;CR 18 # 15-55;N;105887000600;-75,41368822;6,9625044319;ACTIVA;05;ANTIOQUIA;05887;YARUMAL;A;OFICIAL;OFICIAL;URBANO;UNICA;EDUCACIÓN BÁSICA PRIMARIA;8870626;FIJO
105887000499;ESCUELA URB DE V EPIFANIO MEJIA;;CR 20 # 15-46;N;105887000600;-75,41461524;6,9610028536;ACTIVA;05;ANTIOQUIA;05887;YARUMAL;A;OFICIAL;OFICIAL;URBANO;UNICA;EDUCACIÓN MEDIA;8871130;FIJO
105887000600;LICEO SAN LUIS;;CLL 20 # 16-8;S;105887000600;-75,41588948;6,9655324893;ACTIVA;05;ANTIOQUIA;05887;YARUMAL;A;OFICIAL;OFICIAL;URBANO;UNICA;EDUCACIÓN MEDIA;8871620;FIJO
105887000669;ESCUELA URB MONS FCO GALLEGO PEREZ;;CR 18 ENTRE CLL 24 Y 25;N;105887000600;-75,42;6,966944;ACTIVA;05;ANTIOQUIA;05887;YARUMAL;A;OFICIAL;OFICIAL;URBANO;UNICA;EDUCACIÓN BÁSICA PRIMARIA;8871676;FIJO
105890000203;COLEGIO EDUARDO AGUILAR;;CLL STA BARBARA;S;105890000203;-75,01176779;6,597318998;ACTIVA;05;ANTIOQUIA;05890;YOLOMBÓ;A;OFICIAL;OFICIAL;URBANO;MAÑANA;EDUCACIÓN MEDIA;8654080;FIJO
105890000271;ESCUELA JOSEFA ROMERO DE JARAMILLO;;CLL COLOMBIA;N;105890000203;-75,01282035;6,59519407;ACTIVA;05;ANTIOQUIA;05890;YOLOMBÓ;A;OFICIAL;OFICIAL;URBANO;MAÑANA;EDUCACIÓN BÁSICA PRIMARIA;8654080;FIJO
105890001331;ESCUELA NOR SUP DEL NORDESTE;;B. EL CARIÑO;S;105890001331;-75,01611471;6,5931178695;ACTIVA;05;ANTIOQUIA;05890;YOLOMBÓ;A;OFICIAL;OFICIAL;URBANO;COMPLETA;EDUCACIÓN MEDIA;8655409;FIJO
105893001685;INSTITUCION EDUCATIVA LUIS EDUARDO DIAZ;;CR 45 55 56 BRR EL PROGRESO - SEDE EL PROGRESO;S;105893001685;-73,90778738;7,0116125271;ACTIVA;05;ANTIOQUIA;05893;YONDÓ;A;OFICIAL;OFICIAL;URBANO;COMPLETA;EDUCACIÓN MEDIA;8325123;FIJO
105893800006;SEDE LA PATRIA;;CL 49 47 31 BRR TRES DE OCTUBRE;N;105893001685;-73,90865828;7,006565244;ACTIVA;05;ANTIOQUIA;05893;YONDÓ;A;OFICIAL;OFICIAL;URBANO;COMPLETA;PREESCOLAR;8325074;FIJO
105893800015;INSTITUCION EDUCATIVA LUIS EDUARDO DIAZ SEDE MEGACOLEGIO;IE.LUISEDUARDODIAZ16@GMAIL.COM;DG 48 58 22 IN 101 BRR JOSE DOMINGO OLIVEROS;N;105893001685;-73,91399572;7,00697901;ACTIVA;05;ANTIOQUIA;05893;YONDÓ;A;OFICIAL;OFICIAL;URBANO;UNICA;EDUCACIÓN BÁSICA SECUNDARIA, EDUCACIÓN MEDIA;8325068;FIJO
105895000091;COLEGIO FCO DE PAULA SANTANDER;;AV OLAYA HERRERA;S;105895000091;-74,86729037;7,492154457;ACTIVA;05;ANTIOQUIA;05895;ZARAGOZA;A;OFICIAL;OFICIAL;URBANO;MAÑANA;EDUCACIÓN MEDIA;8388066;FIJO
105895001691;ESCUELA URB SAN GREGORIO;;CL 34 # 34-08;N;105895000091;-74,86752106;7,4862819018;ACTIVA;05;ANTIOQUIA;05895;ZARAGOZA;A;OFICIAL;OFICIAL;URBANO;MAÑANA;EDUCACIÓN BÁSICA PRIMARIA;8389234;FIJO
105895001119;INSTITUCION EDUCATIVA LUIS FERNANDO RESTREPO;;B. LAS BRISAS;S;105895001119;-74,87271717;7,482857752;ACTIVA;05;ANTIOQUIA;05895;ZARAGOZA;A;OFICIAL;OFICIAL;URBANO;MAÑANA;EDUCACIÓN MEDIA;8388108;FIJO
105895000082;ESCUELA URB MARCO FIDEL SUAREZ;;CLL BOLIVAR 39 B # 142;N;105895001160;-74,86585438;7,493237271;ACTIVA;05;ANTIOQUIA;05895;ZARAGOZA;A;OFICIAL;OFICIAL;URBANO;MAÑANA;EDUCACIÓN MEDIA;8389669;FIJO
105895001160;LICEO SANTO CRISTO DE ZARAGOZA;;CL 39B # 37-10;S;105895001160;-74,86532865;7,4927737526;ACTIVA;05;ANTIOQUIA;05895;ZARAGOZA;A;OFICIAL;OFICIAL;URBANO;MAÑANA;EDUCACIÓN MEDIA;8298034;FIJO
108001000000;INSTITUCION EDUCATIVA DISTRITAL ALFREDO CORREA DE ANDREIS SEDE PRINCIPAL;;KR 5B # 49E-27;S;108001000000;-74,803401476;10,940475072;ACTIVA;08;ATLÁNTICO;08001;BARRANQUILLA;A;OFICIAL;OFICIAL;URBANO;UNICA;EDUCACIÓN MEDIA;3644091;FIJO
108001000018;CENTRO EDUCATIVO CENT COMUNIT DE EDUC BAS N. 202;;KR 4A # 54C-06;S;108001000018;-74,812515251;10,944854666;ACTIVA;08;ATLÁNTICO;08001;BARRANQUILLA;A;OFICIAL;OFICIAL;URBANO;UNICA;EDUCACIÓN MEDIA;;
108001000034;INSTITUCION EDUCATIVA DIST LAS GRANJAS;;KR 16 SUR # 91-15;S;108001000034;-74,82526668;10,924013348;ACTIVA;08;ATLÁNTICO;08001;BARRANQUILLA;A;OFICIAL;OFICIAL;URBANO;UNICA;EDUCACIÓN MEDIA;3103699610;CELULAR
108001000069;COLEGIO DIST NVO BOSQUE;;KR 6A # 60B-59 PLANTA TELEFONICA DE;S;108001000069;-74,81576283;10,948629563;ACTIVA;08;ATLÁNTICO;08001;BARRANQUILLA;A;OFICIAL;OFICIAL;URBANO;UNICA;EDUCACIÓN MEDIA;3008152256;CELULAR
108001000077;INSTITUCION EDUCATIVA DIST JESUS DE NAZARETH;;KR 6 # 54A-149;S;108001000077;-74,81109889;10,948262303;ACTIVA;08;ATLÁNTICO;08001;BARRANQUILLA;A;OFICIAL;OFICIAL;URBANO;UNICA;EDUCACIÓN MEDIA;3650356;FIJO
108001004986;CENTRO EDUCATIVO BASICO 80;;KR 4 # 55D-71;N;108001000077;-74,815974017;10,945597065;ACTIVA;08;ATLÁNTICO;08001;BARRANQUILLA;A;OFICIAL;OFICIAL;URBANO;UNICA;EDUCACIÓN MEDIA;3656612;FIJO
108001000085;CENTRO EDUCATIVO CENT COMUN DE EDUC BASICA 201;;VIA AUTOP PTO COL ENTRE CIRC Y;S;108001000085;-74,860542;11,000859;ACTIVA;08;ATLÁNTICO;08001;BARRANQUILLA;A;OFICIAL;OFICIAL;URBANO;UNICA;EDUCACIÓN MEDIA;3593667;FIJO
108001000093;CENTRO EDUCATIVO CENT DE EDUC BASICA N. 51;;CL 120 # 25-77;S;108001000093;-74,844388391;10,97652433;ACTIVA;08;ATLÁNTICO;08001;BARRANQUILLA;A;OFICIAL;OFICIAL;URBANO;UNICA;EDUCACIÓN MEDIA;3529144;FIJO
108001000107;CENTRO EDUCATIVO CENT DE EDUC BASICA 163;;KR 6E # 60-13;S;108001000107;-74,814299578;10,949566356;ACTIVA;08;ATLÁNTICO;08001;BARRANQUILLA;A;OFICIAL;OFICIAL;URBANO;MAÑANA;EDUCACIÓN MEDIA;3653265;FIJO
108001000115;CENTRO EDUCATIVO CENT DE EDUC BASICA 146;;KM 7 VIA JUAN MINA;S;108001000115;-74,8662842564;10,9644020601;ACTIVA;08;ATLÁNTICO;08001;BARRANQUILLA;A;OFICIAL;OFICIAL;URBANO;MAÑANA;EDUCACIÓN MEDIA;3176449062;CELULAR
108001000123;INSTITUCION POLITEC CRUZADA SOCIAL;CRUZADA@EPM.NET.CO;CL 46 # 13C-57 LA SIERRA;S;108001000123;-74,802728805;10,957435416;ACTIVA;08;ATLÁNTICO;08001;BARRANQUILLA;A;OFICIAL;OFICIAL;URBANO;UNICA;EDUCACIÓN MEDIA;3460446;FIJO
108001000158;CENTRO EDUCATIVO CENT DE EDUC Y REHAB DE LA AUD Y LENG CERAL;LIONMBAQ@COL3.TELECOM.COM.CO;KR 38 # 66-10;S;108001000158;-74,80278099;10,983785016;ACTIVA;08;ATLÁNTICO;08001;BARRANQUILLA;A;OFICIAL;OFICIAL;URBANO;COMPLETA;EDUCACIÓN MEDIA;3588844;FIJO
108001000433;INSTITUCION EDUCATIVA DIST VILLANUEVA;;CL 5 # 42D-24;S;108001000433;-74,768137197;10,98164618;ACTIVA;08;ATLÁNTICO;08001;BARRANQUILLA;A;OFICIAL;OFICIAL;URBANO;UNICA;EDUCACIÓN MEDIA;3446952;FIJO
108001000484;INSTITUCION EDUCATIVA DIST EL CAMPITO;;CL 37C # 8D-57;S;108001000484;-74,793687268;10,948748048;ACTIVA;08;ATLÁNTICO;08001;BARRANQUILLA;A;OFICIAL;OFICIAL;URBANO;UNICA;EDUCACIÓN MEDIA;3342187;FIJO
108001000824;COLEGIO DE BARRANQUILLA CODEBA;;CL 68 # 47-64;S;108001000824;-74,800453576;10,993754434;ACTIVA;08;ATLÁNTICO;08001;BARRANQUILLA;A;OFICIAL;OFICIAL;URBANO;UNICA;EDUCACIÓN MEDIA;3588501;FIJO
108001005516;CENTRO EDUCATIVO CENT DE EDUC BASICA 12;;CL 49 # 7C-29;N;108001001031;-74,80510531;10,944682745;ACTIVA;08;ATLÁNTICO;08001;BARRANQUILLA;A;OFICIAL;OFICIAL;URBANO;MAÑANA;EDUCACIÓN MEDIA;3342003;FIJO
108001001723;COLEGIO FEM SOFIA CAMARGO DE LLERAS;;CLL 53D CRA 21 Y 21B;S;108001001723;-74,800105;10,967766;ACTIVA;08;ATLÁNTICO;08001;BARRANQUILLA;A;OFICIAL;OFICIAL;URBANO;ESPECIAL;EDUCACIÓN MEDIA;3795122;FIJO
108001003777;CENTRO EDUCATIVO CENT DE EDUC BASICA 167;;CLL 53D = 20B-40;N;108001001723;-74,800675131;10,967202724;ACTIVA;08;ATLÁNTICO;08001;BARRANQUILLA;A;OFICIAL;OFICIAL;URBANO;ESPECIAL;EDUCACIÓN MEDIA;;
108001001766;INSTITUCION EDUCATIVA DIST CARLOS MEISEL;COLMEISEL@DINAMET.NET.COM;CL 73 # 24-265;S;108001001766;-74,814033369;10,97450974;ACTIVA;08;ATLÁNTICO;08001;BARRANQUILLA;A;OFICIAL;OFICIAL;URBANO;UNICA;EDUCACIÓN MEDIA;3525476;FIJO
108001002860;CENTRO EDUCATIVO CENT DE EDUC BASICA 96;;CL 74 # 24C-35;N;108001001766;-74,815688349;10,97570558;ACTIVA;08;ATLÁNTICO;08001;BARRANQUILLA;A;OFICIAL;OFICIAL;URBANO;UNICA;EDUCACIÓN MEDIA;3656676;FIJO
108001007284;INSTITUCION EDUCATIVA CARLOS MEISEL SEDE 3 CENT DE EDUC BASICA;;KR 24C # 76-41;N;108001001766;-74,817647287;10,975883934;ACTIVA;08;ATLÁNTICO;08001;BARRANQUILLA;A;OFICIAL;OFICIAL;URBANO;UNICA;EDUCACIÓN MEDIA;3657889;FIJO
108001001812;ESCUELA NORMAL SUPERIOR DEL DISTRITO DE BARRANQUILLA;;CR 47 44 100;S;108001001812;-74,7864226012;10,9858198367;ACTIVA;08;ATLÁNTICO;08001;BARRANQUILLA;A;OFICIAL;OFICIAL;URBANO;MAÑANA;EDUCACIÓN MEDIA;;
108001800235;ESCUELA NORMAL SUPERIOR DEL DISTRITO DE BARRANQUILLA SEDE 3;;CL 44 43 50 BRR ROSARIO;N;108001001812;-74,784739036;10,983219587;ACTIVA;08;ATLÁNTICO;08001;BARRANQUILLA;A;OFICIAL;OFICIAL;URBANO;MAÑANA;EDUCACIÓN BÁSICA PRIMARIA;3019635;FIJO
108001001821;NORMAL SUP LA HACIENDA;NORMAL@METROTEL.NET.CO;KR 35 # 72-35;S;108001001821;-74,814232357;10,984011703;ACTIVA;08;ATLÁNTICO;08001;BARRANQUILLA;A;OFICIAL;OFICIAL;URBANO;UNICA;EDUCACIÓN MEDIA;3690923;FIJO
108001001961;INSTITUCION TEC NAL DE CIO;;KR 62 # 52-85;S;108001001961;-74,78950662;10,995982814;ACTIVA;08;ATLÁNTICO;08001;BARRANQUILLA;A;OFICIAL;OFICIAL;URBANO;UNICA;EDUCACIÓN MEDIA;3441484;FIJO
108001002789;CENTRO DE EDUCACION BASICA 115 TOMAS ARRIETA;;CL 47 # 56-11;N;108001001961;-74,785042774;10,994852911;ACTIVA;08;ATLÁNTICO;08001;BARRANQUILLA;A;OFICIAL;OFICIAL;URBANO;UNICA;EDUCACIÓN MEDIA;3442567;FIJO
108001003106;CENTRO EDUCATIVO CENT DE EDUC BASICA 23;;KR 62 # 52-09;N;108001001961;-74,788838059;10,996213706;ACTIVA;08;ATLÁNTICO;08001;BARRANQUILLA;A;OFICIAL;OFICIAL;URBANO;UNICA;EDUCACIÓN MEDIA;3443678;FIJO
108001002185;COLEGIO DIST EL SILENCIO;;CL 73C # 26B2-55;S;108001002185;-74,813898007;10,97774762;ACTIVA;08;ATLÁNTICO;08001;BARRANQUILLA;A;OFICIAL;OFICIAL;URBANO;UNICA;EDUCACIÓN MEDIA;3523649;FIJO
108001002215;CENTRO EDUCATIVO CENT DE EDUC BASICA 39;;CL 47B # 8D-60;S;108001002215;-74,803037296;10,948685187;ACTIVA;08;ATLÁNTICO;08001;BARRANQUILLA;A;OFICIAL;OFICIAL;URBANO;UNICA;EDUCACIÓN MEDIA;3625941;FIJO
108001002223;CENTRO EDUCATIVO CENT DE EDUC BAS Y MEDIA N. 36;;CL 35 # 7B-40;S;108001002223;-74,789488301;10,944018884;ACTIVA;08;ATLÁNTICO;08001;BARRANQUILLA;A;OFICIAL;OFICIAL;URBANO;UNICA;EDUCACIÓN MEDIA;3342553;FIJO
108001002266;COLEGIO DIST N. 27 SANTO DOMINGO DE GUZMAN;;KR 2 # 78-36;S;108001002266;-74,819670315;10,936520843;ACTIVA;08;ATLÁNTICO;08001;BARRANQUILLA;A;OFICIAL;OFICIAL;URBANO;MAÑANA;EDUCACIÓN MEDIA;3477082;FIJO
108001002274;INSTITUCION EDUCATIVA DIST DE CARRIZAL;;CL 50D # 3-15;S;108001002274;-74,808338894;10,937508849;ACTIVA;08;ATLÁNTICO;08001;BARRANQUILLA;A;OFICIAL;OFICIAL;URBANO;UNICA;EDUCACIÓN MEDIA;3637440;FIJO
108001076120;CENTRO EDUCATIVO CENT DE EDUC BASICA 121;;CL 51C # 2B-10;N;108001002274;-74,810704574;10,936707377;ACTIVA;08;ATLÁNTICO;08001;BARRANQUILLA;A;OFICIAL;OFICIAL;URBANO;UNICA;EDUCACIÓN BÁSICA SECUNDARIA;3135285388;CELULAR
108001002282;INSTITUCION EDUCATIVA BETANIA NORTE;;CL 76 # 38A-116;S;108001002282;-74,815653255;10,987384167;ACTIVA;08;ATLÁNTICO;08001;BARRANQUILLA;A;OFICIAL;OFICIAL;URBANO;UNICA;EDUCACIÓN MEDIA;3452950;FIJO
108001800243;INSTITUCION EDUCATIVA DISTRITAL BETANIA NORTE;;CL 71 38 114 BRR BETANIA;N;108001002282;-74,809051753;10,985983024;ACTIVA;08;ATLÁNTICO;08001;BARRANQUILLA;A;OFICIAL;OFICIAL;URBANO;UNICA;PREESCOLAR;3215241159;CELULAR
108001002291;CENTRO EDUCATIVO CENT DE EDUC DIST EL PARAISO18;;CLL 80 = 71-14;S;108001002291;-74,805170566;11,015785174;ACTIVA;08;ATLÁNTICO;08001;BARRANQUILLA;A;OFICIAL;OFICIAL;URBANO;MAÑANA;EDUCACIÓN MEDIA;3558769;FIJO
108001002339;INSTITUCION EDUCATIVA DIST LA LUZ;;KR 23 # 12 ESQ;S;108001002339;-74,7724816913;10,9607777116;ACTIVA;08;ATLÁNTICO;08001;BARRANQUILLA;A;OFICIAL;OFICIAL;URBANO;MAÑANA;EDUCACIÓN MEDIA;3469774;FIJO
108001002347;CENTRO EDUCATIVO CENT DE EDUC BASICA N. 5;;TRANSV 1F DIAG 88-60;S;108001002347;-74,821580505;10,943680969;ACTIVA;08;ATLÁNTICO;08001;BARRANQUILLA;A;OFICIAL;OFICIAL;URBANO;UNICA;EDUCACIÓN MEDIA;3287024;FIJO
108001800502;INSTITUCION EDUCATIVA DISTRITAL INMACULADA CONCEPCION;;TV 1 F 81 26 BRR SANTO DOMINGO;N;108001002347;-74,82084299;10,94283237;ACTIVA;08;ATLÁNTICO;08001;BARRANQUILLA;A;OFICIAL;OFICIAL;URBANO;MAÑANA;EDUCACIÓN BÁSICA PRIMARIA;3287024;FIJO
108001002568;CENTRO EDUCATIVO CENT DE EDUC BASICA 7 JOSE MARTI;;CLL 65 = 34-10;S;108001002568;-74,802847883;10,981740747;ACTIVA;08;ATLÁNTICO;08001;BARRANQUILLA;A;OFICIAL;OFICIAL;URBANO;UNICA;EDUCACIÓN MEDIA;3453471;FIJO
108001002576;CENTRO EDUCATIVO CENT DE EDUC BASICA 4;;CR 26A = 73-387;N;108001002576;-74,813356541;10,975768487;ACTIVA;08;ATLÁNTICO;08001;BARRANQUILLA;A;OFICIAL;OFICIAL;URBANO;UNICA;EDUCACIÓN MEDIA;3659556;FIJO
108001002584;COLEGIO DIST CAMILO TORRES TENORIO;COPLDICATOTE@COLIMBIA.COM;KR 35 # 51B-37;S;108001002584;-74,792991295;10,97808765;ACTIVA;08;ATLÁNTICO;08001;BARRANQUILLA;A;OFICIAL;OFICIAL;URBANO;UNICA;EDUCACIÓN MEDIA;3402469;FIJO
108001002606;INSTITUCION DIST DE EXPERIENCIAS PEDAG ANTES CENT D;;CLL 55 = 43-77;S;108001002606;-74,793196392;10,985701727;ACTIVA;08;ATLÁNTICO;08001;BARRANQUILLA;A;OFICIAL;OFICIAL;URBANO;UNICA;EDUCACIÓN MEDIA;3403060;FIJO
108001002614;INSTITUCION EDUCATIVA DIST LESTONNAC N. 9;;KR 8 # 72A-47;S;108001002614;-74,81733475;10,952235481;ACTIVA;08;ATLÁNTICO;08001;BARRANQUILLA;A;OFICIAL;OFICIAL;URBANO;UNICA;EDUCACIÓN MEDIA;3653673;FIJO
108001002622;CENTRO EDUCATIVO CENT DE EDUC BASICA 6;;CLL 47 = 44-100;N;108001002622;-74,786196233;10,98561586;ACTIVA;08;ATLÁNTICO;08001;BARRANQUILLA;A;OFICIAL;OFICIAL;URBANO;MAÑANA;EDUCACIÓN MEDIA;3409390;FIJO
108001002649;COLEGIO DIST ALFONSO LOPEZ;;KR 26 # 17-45;S;108001002649;-74,775801676;10,963409024;ACTIVA;08;ATLÁNTICO;08001;BARRANQUILLA;A;OFICIAL;OFICIAL;URBANO;MAÑANA;EDUCACIÓN MEDIA;3462847;FIJO
108001002657;CENTRO EDUCATIVO DIST JESUS MAESTRO FE Y ALEGRIA;;CL 51B # 1B-64 B 7 DE ABRIL;S;108001002657;-74,811448798;10,933047275;ACTIVA;08;ATLÁNTICO;08001;BARRANQUILLA;A;OFICIAL;OFICIAL;URBANO;UNICA;EDUCACIÓN MEDIA;3280150;FIJO
108001002673;COLEGIO TEC DIVERSIFICADO DE BQUILLA;;KR 13 # 27B-11;S;108001002673;-74,78308356;10,950344605;ACTIVA;08;ATLÁNTICO;08001;BARRANQUILLA;A;OFICIAL;OFICIAL;URBANO;UNICA;EDUCACIÓN MEDIA;3740449;FIJO
108001002746;COLEGIO DIST N. 128;;KR 19C # 50-75;S;108001002746;-74,800332188;10,96450469;ACTIVA;08;ATLÁNTICO;08001;BARRANQUILLA;A;OFICIAL;OFICIAL;URBANO;UNICA;EDUCACIÓN MEDIA;3465504;FIJO
108001002762;CENTRO EDUCATIVO CENT DE EDUC BASICA 122;CEB122@HOTMAIL.COM;KR 6B # 38B-149;S;108001002762;-74,795146246;10,941348709;ACTIVA;08;ATLÁNTICO;08001;BARRANQUILLA;A;OFICIAL;OFICIAL;URBANO;MAÑANA;EDUCACIÓN MEDIA;3155316578;CELULAR
108001002771;INSTITUCION EDUCATIVA DIST LOS PINOS;;KR 26 # 55-27;S;108001002771;-74,798977321;10,974247179;ACTIVA;08;ATLÁNTICO;08001;BARRANQUILLA;A;OFICIAL;OFICIAL;URBANO;UNICA;EDUCACIÓN MEDIA;3407929;FIJO
108001002835;CENTRO EDUCATIVO CENT DE EDUC BAS N. 99;;CL 46B # 14-65;S;108001002835;-74,80253572;10,959000496;ACTIVA;08;ATLÁNTICO;08001;BARRANQUILLA;A;OFICIAL;OFICIAL;URBANO;MAÑANA;EDUCACIÓN MEDIA;3628535;FIJO
108001002878;INSTITUCION EDUCATIVA DIST JAVIER SANCHEZ;;CL 63C # 20B-32;S;108001002878;-74,805213325;10,968402769;ACTIVA;08;ATLÁNTICO;08001;BARRANQUILLA;A;OFICIAL;OFICIAL;URBANO;UNICA;EDUCACIÓN MEDIA;3462704;FIJO
108001003572;CENTRO EDUCATIVO CENT DE EDUC BASICA 116;;KR 20B # 63B-23;N;108001002878;-74,805339506;10,967315213;ACTIVA;08;ATLÁNTICO;08001;BARRANQUILLA;A;OFICIAL;OFICIAL;URBANO;UNICA;EDUCACIÓN BÁSICA SECUNDARIA;3659380;FIJO
108001002151;CENTRO EDUCATIVO CENT DE EDUC BASICA 57;;KR 19D # 38B-05;N;108001002886;-74,79061038;10,957446262;ACTIVA;08;ATLÁNTICO;08001;BARRANQUILLA;A;OFICIAL;OFICIAL;URBANO;UNICA;EDUCACIÓN MEDIA;3006207955;CELULAR
108001002886;COLEGIO DIST SAN GABRIEL;;KR 19 # 35-58;S;108001002886;-74,788226904;10,956358648;ACTIVA;08;ATLÁNTICO;08001;BARRANQUILLA;A;OFICIAL;OFICIAL;URBANO;UNICA;EDUCACIÓN MEDIA;3460484;FIJO
108001003459;CENTRO EDUCATIVO CENT DE EDUC BASICA 92;;KR 18 # 36B-105;N;108001002886;-74,791747898;10,954865716;ACTIVA;08;ATLÁNTICO;08001;BARRANQUILLA;A;OFICIAL;OFICIAL;URBANO;UNICA;EDUCACIÓN MEDIA;3633090;FIJO
108001003769;CENTRO EDUCATIVO CENT DE EDUC BASICA 166;;CL 35B # 14-05;N;108001002886;-74,790760922;10,952801944;ACTIVA;08;ATLÁNTICO;08001;BARRANQUILLA;A;OFICIAL;OFICIAL;URBANO;UNICA;EDUCACIÓN MEDIA;;
108001002908;COLEGIO DIST BUENOS AIRES;;CL 44 # 5B ESQ;S;108001002908;-74,79886883;10,939787087;ACTIVA;08;ATLÁNTICO;08001;BARRANQUILLA;A;OFICIAL;OFICIAL;URBANO;MAÑANA;EDUCACIÓN MEDIA;3639253;FIJO
108001002916;COLEGIO DIST JORGE ISAAC;;KR 4A # 24B-21;S;108001002916;-74,780338653;10,942056173;ACTIVA;08;ATLÁNTICO;08001;BARRANQUILLA;A;OFICIAL;OFICIAL;URBANO;UNICA;EDUCACIÓN MEDIA;3744264;FIJO
108001002924;INSTITUCION EDUCATIVA DIST PARA EL DESARROLLO HUMANO MARIA CANO;;KR 8G # 35A-83;S;108001002924;-74,791352876;10,948667674;ACTIVA;08;ATLÁNTICO;08001;BARRANQUILLA;A;OFICIAL;OFICIAL;URBANO;UNICA;EDUCACIÓN MEDIA;3626323;FIJO
108001800146;INSTITUCION EDUCATIVA IED MARIA CANO SEDE CENTRO DE REHABILITACION EL OASIS;;AV CIRCUNVALAR NÂº 41-286;N;108001002924;-74,802463864;10,922268936;ACTIVA;08;ATLÁNTICO;08001;BARRANQUILLA;A;OFICIAL;OFICIAL;URBANO;COMPLETA;EDUCACIÓN BÁSICA PRIMARIA;3633444;FIJO
108001800154;INSTITUCION EDUCATIVA IED MARIA CANO SEDE LA LUZ DE ESPERANZA;;CARRERA 42 NÂº 45 - 81;N;108001002924;-74,787148195;10,982174347;ACTIVA;08;ATLÁNTICO;08001;BARRANQUILLA;A;OFICIAL;OFICIAL;URBANO;COMPLETA;EDUCACIÓN BÁSICA SECUNDARIA;3633444;FIJO
108001800537;INSTITUCION EDUCATIVA DISTRITAL MARIA CANO;;CL 40 11 07 BRR LA UNION;N;108001002924;-74,7944346;10,95221667;ACTIVA;08;ATLÁNTICO;08001;BARRANQUILLA;A;OFICIAL;OFICIAL;URBANO;TARDE;PREESCOLAR;3107052162;CELULAR
108001002525;CENTRO EDUCATIVO CENT DE EDUC BASICA 15;;CL 83 # 75D-35;N;108001002959;-74,80796156;11,020927595;ACTIVA;08;ATLÁNTICO;08001;BARRANQUILLA;A;OFICIAL;OFICIAL;URBANO;UNICA;EDUCACIÓN BÁSICA SECUNDARIA;3787650;FIJO
108001002959;INSTITUCION EDUCATIVA DIST SAN SALVADOR;;KR 80 # 82-48;S;108001002959;-74,803078932;11,023671138;ACTIVA;08;ATLÁNTICO;08001;BARRANQUILLA;A;OFICIAL;OFICIAL;URBANO;UNICA;EDUCACIÓN MEDIA;3552219;FIJO
108001003432;CENTRO EDUCATIVO CENT DE EDUC BASICA N. 158;;VIA 40 # 83-53;N;108001002959;-74,8076818133;11,0210076857;ACTIVA;08;ATLÁNTICO;08001;BARRANQUILLA;A;OFICIAL;OFICIAL;URBANO;UNICA;EDUCACIÓN BÁSICA SECUNDARIA;3732757;FIJO
108001002967;CENTRO EDUCATIVO CENT EDUC DIST N. 62;;KR 15 # 64B-23;S;108001002967;-74,809188413;10,96453517;ACTIVA;08;ATLÁNTICO;08001;BARRANQUILLA;A;OFICIAL;OFICIAL;URBANO;ESPECIAL;EDUCACIÓN MEDIA;3656762;FIJO
108001004714;CENTRO EDUCATIVO CENT DE EDUC BASICA 65;;KR 16A # 63C-79;N;108001002967;-74,808161267;10,964425011;ACTIVA;08;ATLÁNTICO;08001;BARRANQUILLA;A;OFICIAL;OFICIAL;URBANO;ESPECIAL;EDUCACIÓN BÁSICA SECUNDARIA;3655011;FIJO
108001002975;INSTITUCION EDUCATIVA DIST JOSE MARTI;;CL 17 # 8B-05;S;108001002975;-74,773898927;10,949116461;ACTIVA;08;ATLÁNTICO;08001;BARRANQUILLA;A;OFICIAL;OFICIAL;URBANO;UNICA;EDUCACIÓN MEDIA;3744983;FIJO
108001003009;COLEGIO DIST JUAN JOSE RONDON;;KR 25B # 68-20;S;108001003009;-74,80791689;10,974788249;ACTIVA;08;ATLÁNTICO;08001;BARRANQUILLA;A;OFICIAL;OFICIAL;URBANO;MAÑANA;EDUCACIÓN MEDIA;3524544;FIJO
108001003017;COLEGIO DIST BOSTON;;CL 69 # 43-43;S;108001003017;-74,803020282;10,989925663;ACTIVA;08;ATLÁNTICO;08001;BARRANQUILLA;A;OFICIAL;OFICIAL;URBANO;MAÑANA;EDUCACIÓN MEDIA;3607457;FIJO
108001003025;COLEGIO DIST SAN JOSE;COLEGIODISTRITALSANJOSE@HOTMAIL.COM;CR 21 = 39-10;N;108001003025;-74,790465213;10,961036898;ACTIVA;08;ATLÁNTICO;08001;BARRANQUILLA;A;OFICIAL;OFICIAL;URBANO;UNICA;EDUCACIÓN MEDIA;3462532;FIJO
108001003068;COLEGIO DIST SARID ARTETA DE VASQUEZ CENT DE EDU;;CR 18 = 47-62;S;108001003068;-74,799028246;10,961371859;ACTIVA;08;ATLÁNTICO;08001;BARRANQUILLA;A;OFICIAL;OFICIAL;URBANO;ESPECIAL;EDUCACIÓN MEDIA;3463244;FIJO
108001003165;CENTRO EDUCATIVO CENT DE EDUC BASICA 67;;CLL 52 = 20-75;N;108001003068;-74,798627058;10,966472342;ACTIVA;08;ATLÁNTICO;08001;BARRANQUILLA;A;OFICIAL;OFICIAL;URBANO;UNICA;EDUCACIÓN MEDIA;3463244;FIJO
108001003394;CENTRO EDUCATIVO CENT DE EDUC BASICA 72;;CLL 58 = 16-12;N;108001003068;-74,804226657;10,962901499;ACTIVA;08;ATLÁNTICO;08001;BARRANQUILLA;A;OFICIAL;OFICIAL;URBANO;ESPECIAL;EDUCACIÓN BÁSICA PRIMARIA;3476081;FIJO
108001003076;INSTITUCION EDUCATIVA DIST CALIXTO ALVAREZ;;KR 15 # 21-11;S;108001003076;-74,776508489;10,953059767;ACTIVA;08;ATLÁNTICO;08001;BARRANQUILLA;A;OFICIAL;OFICIAL;URBANO;UNICA;EDUCACIÓN MEDIA;3468130;FIJO
108001003084;INSTITUCION EDUCATIVA DIST PARA EL DESARROLLO DEL TALENTO HUMANO;;CL 63B # 28-87;S;108001003084;-74,804248037;10,977155828;ACTIVA;08;ATLÁNTICO;08001;BARRANQUILLA;A;OFICIAL;OFICIAL;URBANO;UNICA;EDUCACIÓN BÁSICA PRIMARIA;3406983;FIJO
108001004838;JARDIN INFANTIL NAL 1;;KR 26 # 56A-17;N;108001003084;-74,800673836;10,974683665;ACTIVA;08;ATLÁNTICO;08001;BARRANQUILLA;A;OFICIAL;OFICIAL;URBANO;UNICA;EDUCACIÓN MEDIA;3403362;FIJO